CompanyName,Industry,ESG_Environmental,ESG_Social,ESG_Governance,Year,Region,ESG_Rating
Company_1,Retail,60.7,33.5,76.8,2015,3,A
Company_1,Retail,58.9,32.8,78.5,2016,3,A
Company_1,Retail,57.6,34.0,77.8,2017,3,A
Company_1,Retail,62.3,33.4,78.3,2018,3,A
Company_1,Retail,63.7,30.0,76.1,2019,3,A
Company_1,Retail,65.1,28.5,73.5,2020,3,A
Company_1,Retail,66.8,25.5,74.6,2021,3,A
Company_1,Retail,69.0,27.1,76.9,2022,3,A
Company_1,Retail,68.3,27.0,78.1,2023,3,A
Company_1,Retail,68.9,29.9,76.8,2024,3,A
Company_1,Retail,70.7,29.1,78.0,2025,3,A
Company_2,Retail,61.1,48.6,69.8,2015,1,A
Company_2,Retail,61.1,50.1,70.5,2016,1,AA
Company_2,Retail,61.4,53.1,70.5,2017,1,AA
Company_2,Retail,61.7,52.0,70.6,2018,1,AA
Company_2,Retail,63.1,52.5,67.8,2019,1,AA
Company_2,Retail,64.2,57.9,67.9,2020,1,AA
Company_2,Retail,62.9,60.0,66.1,2021,1,AA
Company_2,Retail,66.7,57.7,67.8,2022,1,AA
Company_2,Retail,66.6,61.6,70.0,2023,1,AA
Company_2,Retail,65.4,63.0,68.7,2024,1,AA
Company_2,Retail,65.8,62.8,70.3,2025,1,AA
Company_3,Transportation,3.3,41.6,31.5,2015,3,CCC
Company_3,Transportation,7.0,40.2,33.5,2016,3,CCC
Company_3,Transportation,8.8,42.6,32.3,2017,3,CCC
Company_3,Transportation,8.3,42.9,33.5,2018,3,CCC
Company_3,Transportation,14.8,43.6,31.2,2019,3,CCC
Company_3,Transportation,17.7,42.0,32.6,2020,3,BB
Company_3,Transportation,18.5,43.9,32.2,2021,3,BB
Company_3,Transportation,18.8,44.9,30.2,2022,3,BB
Company_3,Transportation,20.2,43.8,32.9,2023,3,BB
Company_3,Transportation,23.4,41.5,31.5,2024,3,BB
Company_3,Transportation,24.4,43.7,34.9,2025,3,BB
Company_4,Technology,97.6,46.2,18.9,2015,0,A
Company_4,Technology,98.9,45.2,19.9,2016,0,A
Company_4,Technology,100.0,47.4,20.4,2017,0,A
Company_4,Technology,99.7,46.3,20.7,2018,0,A
Company_4,Technology,100.0,46.1,21.8,2019,0,A
Company_4,Technology,100.0,50.9,24.4,2020,0,A
Company_4,Technology,100.0,55.1,24.8,2021,0,A
Company_4,Technology,100.0,58.9,22.5,2022,0,AA
Company_4,Technology,100.0,64.1,23.8,2023,0,AA
Company_4,Technology,100.0,64.8,25.6,2024,0,AA
Company_4,Technology,100.0,65.4,27.0,2025,0,AA
Company_5,Finance,71.9,19.1,39.4,2015,4,BBB
Company_5,Finance,74.2,16.0,37.4,2016,4,BBB
Company_5,Finance,74.7,18.7,39.6,2017,4,BBB
Company_5,Finance,75.8,18.7,41.8,2018,4,BBB
Company_5,Finance,77.0,20.4,40.7,2019,4,BBB
Company_5,Finance,75.5,22.5,42.5,2020,4,BBB
Company_5,Finance,78.5,22.7,41.3,2021,4,BBB
Company_5,Finance,78.4,22.3,42.3,2022,4,BBB
Company_5,Finance,76.5,20.0,41.3,2023,4,BBB
Company_5,Finance,80.4,19.9,41.8,2024,4,BBB
Company_5,Finance,82.1,18.7,43.3,2025,4,BBB
Company_6,Transportation,56.9,76.8,73.7,2015,6,AA
Company_6,Transportation,56.1,76.9,72.2,2016,6,AA
Company_6,Transportation,60.3,75.8,70.0,2017,6,AA
Company_6,Transportation,60.0,73.1,67.5,2018,6,AA
Company_6,Transportation,62.3,73.8,70.1,2019,6,AA
Company_6,Transportation,64.0,74.3,73.3,2020,6,AA
Company_6,Transportation,64.2,75.3,72.9,2021,6,AA
Company_6,Transportation,68.4,77.0,72.1,2022,6,AA
Company_6,Transportation,68.1,75.7,71.2,2023,6,AA
Company_6,Transportation,62.2,75.7,70.7,2024,6,AA
Company_6,Transportation,68.2,77.4,73.6,2025,6,AA
Company_7,Healthcare,74.6,37.1,47.5,2015,6,A
Company_7,Healthcare,72.7,38.3,46.1,2016,6,A
Company_7,Healthcare,77.8,38.1,45.7,2017,6,A
Company_7,Healthcare,77.7,38.4,44.2,2018,6,A
Company_7,Healthcare,78.5,39.0,45.7,2019,6,A
Company_7,Healthcare,78.3,38.5,45.0,2020,6,A
Company_7,Healthcare,78.0,34.6,47.2,2021,6,A
Company_7,Healthcare,80.9,34.8,45.8,2022,6,A
Company_7,Healthcare,81.6,35.2,44.2,2023,6,A
Company_7,Healthcare,81.9,39.1,46.5,2024,6,A
Company_7,Healthcare,87.6,41.6,46.1,2025,6,A
Company_8,Healthcare,69.4,87.8,66.1,2015,2,AA
Company_8,Healthcare,69.3,89.8,67.6,2016,2,AAA
Company_8,Healthcare,71.8,92.2,66.6,2017,2,AAA
Company_8,Healthcare,69.5,92.8,67.6,2018,2,AAA
Company_8,Healthcare,67.2,98.8,64.9,2019,2,AAA
Company_8,Healthcare,70.2,98.2,67.0,2020,2,AAA
Company_8,Healthcare,74.1,95.1,65.5,2021,2,AAA
Company_8,Healthcare,75.2,95.3,68.3,2022,2,AAA
Company_8,Healthcare,75.4,95.2,68.2,2023,2,AAA
Company_8,Healthcare,78.2,95.0,71.1,2024,2,AAA
Company_8,Healthcare,77.1,97.6,69.9,2025,2,AAA
Company_9,Technology,37.8,77.7,63.7,2015,5,A
Company_9,Technology,38.0,78.7,59.7,2016,5,A
Company_9,Technology,37.2,77.2,66.2,2017,5,AA
Company_9,Technology,40.8,81.7,68.1,2018,5,AA
Company_9,Technology,40.5,83.8,65.6,2019,5,AA
Company_9,Technology,39.7,84.7,64.9,2020,5,AA
Company_9,Technology,39.7,84.3,67.3,2021,5,AA
Company_9,Technology,43.5,83.4,69.0,2022,5,AA
Company_9,Technology,45.0,80.8,64.0,2023,5,AA
Company_9,Technology,45.6,81.9,62.1,2024,5,AA
Company_9,Technology,48.4,82.6,59.6,2025,5,AA
Company_10,Technology,81.7,62.5,42.5,2015,3,AA
Company_10,Technology,79.6,68.6,46.2,2016,3,AA
Company_10,Technology,79.2,67.5,48.5,2017,3,AA
Company_10,Technology,79.7,70.0,45.8,2018,3,AA
Company_10,Technology,77.8,72.1,42.5,2019,3,AA
Company_10,Technology,81.3,73.5,42.4,2020,3,AA
Company_10,Technology,81.8,75.4,43.9,2021,3,AA
Company_10,Technology,79.8,78.1,43.5,2022,3,AA
Company_10,Technology,79.5,77.9,44.9,2023,3,AA
Company_10,Technology,77.8,78.2,50.0,2024,3,AA
Company_10,Technology,80.9,79.9,48.1,2025,3,AA
Company_11,Energy,44.6,75.4,58.5,2015,2,A
Company_11,Energy,45.7,75.2,59.4,2016,2,AA
Company_11,Energy,44.8,73.0,58.0,2017,2,A
Company_11,Energy,51.1,73.7,58.8,2018,2,AA
Company_11,Energy,57.2,74.0,61.6,2019,2,AA
Company_11,Energy,61.8,71.4,61.3,2020,2,AA
Company_11,Energy,64.0,68.7,60.4,2021,2,AA
Company_11,Energy,66.3,71.4,61.1,2022,2,AA
Company_11,Energy,68.9,72.8,61.5,2023,2,AA
Company_11,Energy,70.3,74.9,62.2,2024,2,AA
Company_11,Energy,71.3,76.8,62.8,2025,2,AA
Company_12,Finance,90.4,43.2,24.7,2015,1,A
Company_12,Finance,91.5,42.7,28.0,2016,1,A
Company_12,Finance,89.1,39.7,26.8,2017,1,A
Company_12,Finance,88.5,38.2,25.7,2018,1,A
Company_12,Finance,87.4,40.0,25.9,2019,1,A
Company_12,Finance,87.0,40.9,27.4,2020,1,A
Company_12,Finance,87.0,40.2,29.0,2021,1,A
Company_12,Finance,87.7,43.5,28.4,2022,1,A
Company_12,Finance,87.3,42.6,33.6,2023,1,A
Company_12,Finance,88.6,41.9,33.3,2024,1,A
Company_12,Finance,87.9,42.6,30.3,2025,1,A
Company_13,Consumer Goods,80.2,23.0,30.7,2015,1,BBB
Company_13,Consumer Goods,82.8,24.5,33.3,2016,1,BBB
Company_13,Consumer Goods,85.1,24.3,32.1,2017,1,BBB
Company_13,Consumer Goods,86.2,27.3,33.0,2018,1,BBB
Company_13,Consumer Goods,88.7,30.8,34.0,2019,1,A
Company_13,Consumer Goods,89.5,31.9,35.7,2020,1,A
Company_13,Consumer Goods,90.9,31.6,36.5,2021,1,A
Company_13,Consumer Goods,90.7,32.9,40.2,2022,1,A
Company_13,Consumer Goods,95.5,30.9,40.3,2023,1,A
Company_13,Consumer Goods,97.0,30.3,38.2,2024,1,A
Company_13,Consumer Goods,97.8,28.3,42.1,2025,1,A
Company_14,Transportation,20.8,60.0,34.8,2015,4,BB
Company_14,Transportation,22.4,60.9,36.7,2016,4,BBB
Company_14,Transportation,24.2,59.9,34.5,2017,4,BB
Company_14,Transportation,25.1,62.1,33.7,2018,4,BBB
Company_14,Transportation,25.8,61.2,39.2,2019,4,BBB
Company_14,Transportation,24.6,59.8,39.6,2020,4,BBB
Company_14,Transportation,26.6,63.8,38.3,2021,4,BBB
Company_14,Transportation,27.5,62.3,38.3,2022,4,BBB
Company_14,Transportation,27.5,61.9,39.3,2023,4,BBB
Company_14,Transportation,29.2,64.2,41.1,2024,4,BBB
Company_14,Transportation,30.4,66.6,41.2,2025,4,BBB
Company_15,Healthcare,75.8,50.4,26.7,2015,6,A
Company_15,Healthcare,76.3,47.5,28.0,2016,6,A
Company_15,Healthcare,80.4,44.9,32.5,2017,6,A
Company_15,Healthcare,81.1,47.2,34.3,2018,6,A
Company_15,Healthcare,84.8,48.5,33.4,2019,6,A
Company_15,Healthcare,86.9,48.2,35.5,2020,6,A
Company_15,Healthcare,84.4,49.5,35.8,2021,6,A
Company_15,Healthcare,84.5,50.7,36.2,2022,6,A
Company_15,Healthcare,82.9,50.7,39.2,2023,6,A
Company_15,Healthcare,83.2,50.5,39.0,2024,6,A
Company_15,Healthcare,85.1,50.4,40.3,2025,6,A
Company_16,Energy,46.8,38.7,56.1,2015,2,BBB
Company_16,Energy,46.9,38.3,55.5,2016,2,BBB
Company_16,Energy,48.3,39.1,55.1,2017,2,BBB
Company_16,Energy,49.6,41.3,59.3,2018,2,A
Company_16,Energy,52.2,41.0,59.3,2019,2,A
Company_16,Energy,51.6,41.3,61.3,2020,2,A
Company_16,Energy,54.6,39.1,64.0,2021,2,A
Company_16,Energy,59.6,44.0,66.7,2022,2,A
Company_16,Energy,58.3,45.2,69.8,2023,2,A
Company_16,Energy,59.3,45.8,67.9,2024,2,A
Company_16,Energy,63.6,47.0,68.8,2025,2,A
Company_17,Utilities,55.9,87.3,45.4,2015,6,AA
Company_17,Utilities,57.5,87.7,46.1,2016,6,AA
Company_17,Utilities,59.5,87.0,47.7,2017,6,AA
Company_17,Utilities,59.6,89.8,46.2,2018,6,AA
Company_17,Utilities,61.4,88.2,47.6,2019,6,AA
Company_17,Utilities,59.2,89.5,50.3,2020,6,AA
Company_17,Utilities,62.0,88.8,51.6,2021,6,AA
Company_17,Utilities,62.8,91.5,49.5,2022,6,AA
Company_17,Utilities,62.3,89.4,51.5,2023,6,AA
Company_17,Utilities,64.7,86.8,50.8,2024,6,AA
Company_17,Utilities,64.8,89.3,50.2,2025,6,AA
Company_18,Energy,62.6,81.4,61.8,2015,2,AA
Company_18,Energy,65.1,78.9,59.6,2016,2,AA
Company_18,Energy,64.4,79.8,60.4,2017,2,AA
Company_18,Energy,66.5,82.8,60.3,2018,2,AA
Company_18,Energy,66.0,84.8,59.5,2019,2,AA
Company_18,Energy,65.6,85.6,64.9,2020,2,AA
Company_18,Energy,63.5,83.8,65.5,2021,2,AA
Company_18,Energy,66.1,85.0,68.8,2022,2,AA
Company_18,Energy,68.9,80.9,72.3,2023,2,AA
Company_18,Energy,70.4,82.6,71.7,2024,2,AA
Company_18,Energy,72.9,83.3,70.8,2025,2,AAA
Company_19,Technology,91.8,43.0,11.2,2015,3,BBB
Company_19,Technology,91.9,43.6,11.3,2016,3,BBB
Company_19,Technology,91.8,42.9,15.1,2017,3,BBB
Company_19,Technology,94.5,41.9,17.3,2018,3,A
Company_19,Technology,93.0,43.7,16.3,2019,3,A
Company_19,Technology,91.9,46.0,18.2,2020,3,A
Company_19,Technology,89.0,51.9,17.8,2021,3,A
Company_19,Technology,87.9,55.8,19.9,2022,3,A
Company_19,Technology,89.8,58.5,20.2,2023,3,A
Company_19,Technology,88.1,57.6,19.8,2024,3,A
Company_19,Technology,91.2,58.8,21.3,2025,3,A
Company_20,Technology,96.8,57.4,24.5,2015,5,A
Company_20,Technology,98.4,60.1,26.1,2016,5,AA
Company_20,Technology,97.2,57.1,29.2,2017,5,AA
Company_20,Technology,96.8,59.5,29.7,2018,5,AA
Company_20,Technology,96.0,58.2,32.1,2019,5,AA
Company_20,Technology,96.3,58.6,30.6,2020,5,AA
Company_20,Technology,97.8,57.3,30.6,2021,5,AA
Company_20,Technology,100.0,58.4,30.8,2022,5,AA
Company_20,Technology,100.0,58.2,31.9,2023,5,AA
Company_20,Technology,100.0,59.5,35.6,2024,5,AA
Company_20,Technology,100.0,60.6,36.8,2025,5,AA
Company_21,Energy,21.9,38.6,31.4,2015,1,BB
Company_21,Energy,23.4,38.7,29.3,2016,1,BB
Company_21,Energy,25.5,37.2,32.7,2017,1,BB
Company_21,Energy,27.2,38.3,34.8,2018,1,BB
Company_21,Energy,29.1,36.7,35.3,2019,1,BB
Company_21,Energy,29.2,36.5,35.0,2020,1,BB
Company_21,Energy,26.9,40.6,35.7,2021,1,BB
Company_21,Energy,27.8,39.7,39.4,2022,1,BB
Company_21,Energy,29.6,41.3,38.9,2023,1,BB
Company_21,Energy,28.9,43.4,38.2,2024,1,BB
Company_21,Energy,31.3,42.1,37.7,2025,1,BB
Company_22,Manufacturing,67.8,37.4,49.2,2015,3,A
Company_22,Manufacturing,71.7,37.4,47.7,2016,3,A
Company_22,Manufacturing,74.5,36.5,48.0,2017,3,A
Company_22,Manufacturing,75.0,37.4,48.2,2018,3,A
Company_22,Manufacturing,73.4,35.7,48.3,2019,3,A
Company_22,Manufacturing,72.6,38.5,48.1,2020,3,A
Company_22,Manufacturing,71.9,40.2,46.1,2021,3,A
Company_22,Manufacturing,76.2,41.7,50.4,2022,3,A
Company_22,Manufacturing,81.5,44.0,52.0,2023,3,A
Company_22,Manufacturing,82.1,44.1,52.2,2024,3,A
Company_22,Manufacturing,85.0,43.3,52.1,2025,3,AA
Company_23,Healthcare,50.8,42.1,59.2,2015,1,A
Company_23,Healthcare,53.8,43.6,62.3,2016,1,A
Company_23,Healthcare,55.2,47.9,64.9,2017,1,A
Company_23,Healthcare,53.8,48.6,67.4,2018,1,A
Company_23,Healthcare,54.0,48.4,67.1,2019,1,A
Company_23,Healthcare,53.5,49.3,68.0,2020,1,A
Company_23,Healthcare,54.5,47.7,69.3,2021,1,A
Company_23,Healthcare,55.6,47.7,73.4,2022,1,A
Company_23,Healthcare,57.8,48.5,76.6,2023,1,AA
Company_23,Healthcare,58.4,51.6,76.9,2024,1,AA
Company_23,Healthcare,61.4,53.8,78.5,2025,1,AA
Company_24,Technology,84.2,21.6,43.7,2015,4,BBB
Company_24,Technology,84.8,20.9,43.5,2016,4,BBB
Company_24,Technology,85.4,24.3,43.0,2017,4,A
Company_24,Technology,88.1,25.5,40.4,2018,4,A
Company_24,Technology,86.5,28.6,40.1,2019,4,A
Company_24,Technology,88.2,27.7,42.3,2020,4,A
Company_24,Technology,89.5,29.4,47.3,2021,4,A
Company_24,Technology,87.1,30.9,49.3,2022,4,A
Company_24,Technology,88.4,30.7,51.4,2023,4,A
Company_24,Technology,88.3,27.8,53.6,2024,4,A
Company_24,Technology,91.0,28.2,51.0,2025,4,A
Company_25,Utilities,19.4,65.6,25.8,2015,4,BB
Company_25,Utilities,20.3,67.9,25.8,2016,4,BB
Company_25,Utilities,16.3,65.3,30.9,2017,4,BB
Company_25,Utilities,14.4,67.8,36.2,2018,4,BB
Company_25,Utilities,10.7,65.4,35.7,2019,4,BB
Company_25,Utilities,13.4,68.0,36.3,2020,4,BB
Company_25,Utilities,14.2,67.3,39.8,2021,4,BBB
Company_25,Utilities,16.8,65.4,42.4,2022,4,BBB
Company_25,Utilities,19.4,66.9,44.5,2023,4,BBB
Company_25,Utilities,22.6,69.7,49.4,2024,4,BBB
Company_25,Utilities,22.5,73.2,52.6,2025,4,BBB
Company_26,Healthcare,87.7,42.5,29.6,2015,1,A
Company_26,Healthcare,90.0,45.1,29.4,2016,1,A
Company_26,Healthcare,91.5,47.7,28.8,2017,1,A
Company_26,Healthcare,89.8,48.0,28.6,2018,1,A
Company_26,Healthcare,89.9,48.8,29.6,2019,1,A
Company_26,Healthcare,89.9,51.7,30.3,2020,1,A
Company_26,Healthcare,88.7,52.4,30.6,2021,1,A
Company_26,Healthcare,91.2,51.3,30.2,2022,1,A
Company_26,Healthcare,89.4,48.9,25.4,2023,1,A
Company_26,Healthcare,90.7,47.2,26.6,2024,1,A
Company_26,Healthcare,93.0,46.7,29.2,2025,1,A
Company_27,Healthcare,91.0,47.7,39.0,2015,2,A
Company_27,Healthcare,97.3,45.2,40.0,2016,2,AA
Company_27,Healthcare,98.5,45.0,41.1,2017,2,AA
Company_27,Healthcare,100.0,45.4,43.9,2018,2,AA
Company_27,Healthcare,100.0,47.2,42.9,2019,2,AA
Company_27,Healthcare,100.0,48.1,43.3,2020,2,AA
Company_27,Healthcare,100.0,51.0,43.4,2021,2,AA
Company_27,Healthcare,100.0,51.9,43.8,2022,2,AA
Company_27,Healthcare,100.0,51.5,42.9,2023,2,AA
Company_27,Healthcare,100.0,53.1,44.8,2024,2,AA
Company_27,Healthcare,100.0,55.0,47.7,2025,2,AA
Company_28,Technology,98.8,48.3,76.7,2015,3,AA
Company_28,Technology,100.0,51.3,78.0,2016,3,AAA
Company_28,Technology,99.5,54.1,79.1,2017,3,AAA
Company_28,Technology,99.7,51.8,78.2,2018,3,AAA
Company_28,Technology,100.0,52.8,81.3,2019,3,AAA
Company_28,Technology,99.5,51.2,82.8,2020,3,AAA
Company_28,Technology,100.0,49.8,85.2,2021,3,AAA
Company_28,Technology,100.0,52.1,87.5,2022,3,AAA
Company_28,Technology,100.0,53.0,85.9,2023,3,AAA
Company_28,Technology,100.0,54.8,87.6,2024,3,AAA
Company_28,Technology,100.0,56.8,88.3,2025,3,AAA
Company_29,Transportation,6.2,58.4,10.6,2015,6,CCC
Company_29,Transportation,6.5,60.1,8.8,2016,6,CCC
Company_29,Transportation,9.5,63.8,7.8,2017,6,CCC
Company_29,Transportation,12.1,62.0,11.6,2018,6,CCC
Company_29,Transportation,11.3,59.6,8.6,2019,6,CCC
Company_29,Transportation,10.1,59.7,7.1,2020,6,CCC
Company_29,Transportation,10.9,60.2,8.7,2021,6,CCC
Company_29,Transportation,12.3,62.1,10.7,2022,6,CCC
Company_29,Transportation,12.9,63.0,13.1,2023,6,CCC
Company_29,Transportation,14.4,63.9,13.7,2024,6,BB
Company_29,Transportation,10.8,62.5,13.4,2025,6,CCC
Company_30,Transportation,4.2,64.5,9.3,2015,4,CCC
Company_30,Transportation,8.3,62.9,8.2,2016,4,CCC
Company_30,Transportation,10.3,64.1,9.9,2017,4,CCC
Company_30,Transportation,8.1,65.0,14.5,2018,4,CCC
Company_30,Transportation,8.3,69.8,11.2,2019,4,CCC
Company_30,Transportation,6.5,69.8,10.8,2020,4,CCC
Company_30,Transportation,8.4,68.9,11.6,2021,4,CCC
Company_30,Transportation,10.3,69.4,10.9,2022,4,BB
Company_30,Transportation,10.9,72.7,13.7,2023,4,BB
Company_30,Transportation,11.3,73.2,11.7,2024,4,BB
Company_30,Transportation,11.4,73.4,10.5,2025,4,BB
Company_31,Transportation,28.3,10.6,32.8,2015,4,CCC
Company_31,Transportation,26.3,11.1,33.7,2016,4,CCC
Company_31,Transportation,31.3,14.9,34.4,2017,4,CCC
Company_31,Transportation,35.1,14.6,34.2,2018,4,CCC
Company_31,Transportation,33.4,16.8,33.8,2019,4,CCC
Company_31,Transportation,33.5,19.3,36.4,2020,4,CCC
Company_31,Transportation,35.3,16.2,37.6,2021,4,CCC
Company_31,Transportation,37.7,11.6,36.6,2022,4,CCC
Company_31,Transportation,37.2,13.4,34.8,2023,4,CCC
Company_31,Transportation,36.1,11.5,37.0,2024,4,CCC
Company_31,Transportation,34.8,10.9,40.4,2025,4,CCC
Company_32,Utilities,8.7,70.3,77.2,2015,5,A
Company_32,Utilities,8.9,70.3,78.2,2016,5,A
Company_32,Utilities,9.2,69.9,76.8,2017,5,A
Company_32,Utilities,9.3,73.6,73.0,2018,5,A
Company_32,Utilities,11.9,73.7,74.0,2019,5,A
Company_32,Utilities,13.6,74.3,80.4,2020,5,A
Company_32,Utilities,11.1,73.5,78.8,2021,5,A
Company_32,Utilities,12.5,71.0,81.3,2022,5,A
Company_32,Utilities,14.4,71.1,79.1,2023,5,A
Company_32,Utilities,14.5,69.2,78.8,2024,5,A
Company_32,Utilities,16.1,71.6,77.8,2025,5,A
Company_33,Finance,73.9,53.3,56.4,2015,5,AA
Company_33,Finance,73.4,56.9,55.7,2016,5,AA
Company_33,Finance,71.4,56.1,56.0,2017,5,AA
Company_33,Finance,70.4,56.7,57.3,2018,5,AA
Company_33,Finance,74.7,59.9,55.2,2019,5,AA
Company_33,Finance,73.4,57.3,57.6,2020,5,AA
Company_33,Finance,75.5,58.4,58.9,2021,5,AA
Company_33,Finance,78.9,59.0,58.9,2022,5,AA
Company_33,Finance,82.1,58.9,60.5,2023,5,AA
Company_33,Finance,82.8,60.0,61.4,2024,5,AA
Company_33,Finance,87.3,63.3,59.3,2025,5,AA
Company_34,Energy,47.7,10.6,18.1,2015,4,CCC
Company_34,Energy,51.5,12.5,18.9,2016,4,CCC
Company_34,Energy,51.3,15.1,24.1,2017,4,BB
Company_34,Energy,54.5,16.9,28.9,2018,4,BB
Company_34,Energy,53.4,21.4,27.9,2019,4,BB
Company_34,Energy,53.1,21.9,29.9,2020,4,BB
Company_34,Energy,53.3,19.9,32.1,2021,4,BB
Company_34,Energy,55.4,18.3,32.8,2022,4,BB
Company_34,Energy,57.1,16.6,31.7,2023,4,BB
Company_34,Energy,60.2,16.2,30.9,2024,4,BB
Company_34,Energy,58.4,16.3,29.6,2025,4,BB
Company_35,Healthcare,65.4,83.1,51.1,2015,4,AA
Company_35,Healthcare,66.5,83.1,52.4,2016,4,AA
Company_35,Healthcare,72.3,84.4,50.2,2017,4,AA
Company_35,Healthcare,77.5,87.6,46.0,2018,4,AA
Company_35,Healthcare,73.2,88.1,47.2,2019,4,AA
Company_35,Healthcare,74.4,88.0,46.1,2020,4,AA
Company_35,Healthcare,77.1,88.0,46.7,2021,4,AA
Company_35,Healthcare,78.0,88.4,45.6,2022,4,AA
Company_35,Healthcare,79.6,92.4,46.9,2023,4,AA
Company_35,Healthcare,83.0,92.4,50.2,2024,4,AAA
Company_35,Healthcare,82.4,92.8,53.2,2025,4,AAA
Company_36,Healthcare,29.7,97.6,87.8,2015,2,AA
Company_36,Healthcare,32.0,95.8,87.9,2016,2,AA
Company_36,Healthcare,34.4,99.1,89.2,2017,2,AA
Company_36,Healthcare,36.2,97.9,92.5,2018,2,AAA
Company_36,Healthcare,36.2,99.1,93.4,2019,2,AAA
Company_36,Healthcare,37.6,100.0,91.9,2020,2,AAA
Company_36,Healthcare,38.2,99.2,90.4,2021,2,AAA
Company_36,Healthcare,39.2,100.0,89.0,2022,2,AAA
Company_36,Healthcare,42.3,100.0,87.3,2023,2,AAA
Company_36,Healthcare,40.9,98.7,89.0,2024,2,AAA
Company_36,Healthcare,39.2,100.0,90.6,2025,2,AAA
Company_37,Energy,45.0,72.4,86.9,2015,6,AA
Company_37,Energy,47.2,74.1,89.5,2016,6,AA
Company_37,Energy,46.1,72.2,89.4,2017,6,AA
Company_37,Energy,49.3,72.3,89.9,2018,6,AA
Company_37,Energy,48.9,72.5,93.1,2019,6,AA
Company_37,Energy,50.8,75.1,94.0,2020,6,AA
Company_37,Energy,50.7,80.0,93.9,2021,6,AA
Company_37,Energy,54.0,81.9,94.4,2022,6,AAA
Company_37,Energy,54.0,82.7,95.3,2023,6,AAA
Company_37,Energy,53.5,82.4,98.3,2024,6,AAA
Company_37,Energy,54.8,82.1,94.9,2025,6,AAA
Company_38,Energy,26.9,50.6,29.1,2015,0,BB
Company_38,Energy,30.3,50.0,28.4,2016,0,BB
Company_38,Energy,34.5,49.8,27.2,2017,0,BB
Company_38,Energy,34.9,51.6,30.5,2018,0,BB
Company_38,Energy,35.3,51.9,29.5,2019,0,BB
Company_38,Energy,35.5,51.5,27.5,2020,0,BB
Company_38,Energy,33.9,52.4,28.6,2021,0,BB
Company_38,Energy,36.6,55.9,28.9,2022,0,BBB
Company_38,Energy,39.6,56.0,31.5,2023,0,BBB
Company_38,Energy,38.9,53.8,30.9,2024,0,BBB
Company_38,Energy,39.9,54.6,29.3,2025,0,BBB
Company_39,Transportation,21.2,57.9,45.6,2015,3,BBB
Company_39,Transportation,20.4,60.4,46.5,2016,3,BBB
Company_39,Transportation,20.9,63.6,50.8,2017,3,BBB
Company_39,Transportation,21.3,65.6,52.3,2018,3,BBB
Company_39,Transportation,26.9,67.4,55.6,2019,3,BBB
Company_39,Transportation,26.3,66.2,53.3,2020,3,BBB
Company_39,Transportation,25.8,67.0,54.9,2021,3,BBB
Company_39,Transportation,26.9,70.7,56.2,2022,3,A
Company_39,Transportation,26.2,73.5,58.2,2023,3,A
Company_39,Transportation,26.4,78.0,57.8,2024,3,A
Company_39,Transportation,29.0,79.8,59.8,2025,3,A
Company_40,Transportation,26.0,73.6,60.6,2015,6,A
Company_40,Transportation,26.8,70.7,59.8,2016,6,A
Company_40,Transportation,30.2,74.6,58.1,2017,6,A
Company_40,Transportation,28.2,70.7,58.7,2018,6,A
Company_40,Transportation,30.1,75.1,57.6,2019,6,A
Company_40,Transportation,32.9,77.3,57.2,2020,6,A
Company_40,Transportation,31.1,77.4,56.7,2021,6,A
Company_40,Transportation,34.0,79.6,57.0,2022,6,A
Company_40,Transportation,33.7,79.4,59.7,2023,6,A
Company_40,Transportation,32.8,82.4,58.8,2024,6,A
Company_40,Transportation,37.1,82.1,59.6,2025,6,A
Company_41,Energy,30.7,44.2,83.2,2015,5,A
Company_41,Energy,34.5,40.6,85.3,2016,5,A
Company_41,Energy,35.0,41.7,85.4,2017,5,A
Company_41,Energy,35.2,43.2,86.5,2018,5,A
Company_41,Energy,39.4,46.4,86.2,2019,5,A
Company_41,Energy,40.5,46.0,84.6,2020,5,A
Company_41,Energy,42.1,45.5,85.9,2021,5,A
Company_41,Energy,42.2,48.1,86.7,2022,5,A
Company_41,Energy,42.7,50.1,88.6,2023,5,AA
Company_41,Energy,42.6,51.1,92.8,2024,5,AA
Company_41,Energy,44.4,53.9,96.3,2025,5,AA
Company_42,Energy,30.1,27.2,79.9,2015,5,BBB
Company_42,Energy,30.2,26.7,84.1,2016,5,BBB
Company_42,Energy,29.9,25.4,82.4,2017,5,BBB
Company_42,Energy,29.9,25.4,82.4,2018,5,BBB
Company_42,Energy,33.6,26.5,84.5,2019,5,BBB
Company_42,Energy,28.9,27.0,85.6,2020,5,BBB
Company_42,Energy,29.4,27.8,88.0,2021,5,BBB
Company_42,Energy,28.1,26.8,89.4,2022,5,BBB
Company_42,Energy,31.7,30.3,87.0,2023,5,BBB
Company_42,Energy,32.4,28.1,84.0,2024,5,BBB
Company_42,Energy,35.3,29.0,82.4,2025,5,BBB
Company_43,Transportation,27.5,83.4,20.5,2015,2,BBB
Company_43,Transportation,31.5,80.4,21.7,2016,2,BBB
Company_43,Transportation,34.2,76.7,22.0,2017,2,BBB
Company_43,Transportation,36.2,78.4,21.4,2018,2,BBB
Company_43,Transportation,31.3,78.2,19.8,2019,2,BBB
Company_43,Transportation,32.6,79.9,21.8,2020,2,BBB
Company_43,Transportation,31.3,76.9,21.5,2021,2,BBB
Company_43,Transportation,31.4,78.5,19.7,2022,2,BBB
Company_43,Transportation,30.4,77.5,17.3,2023,2,BBB
Company_43,Transportation,32.4,77.2,20.1,2024,2,BBB
Company_43,Transportation,31.1,79.5,22.4,2025,2,BBB
Company_44,Healthcare,39.1,30.9,82.7,2015,6,A
Company_44,Healthcare,42.0,32.3,85.6,2016,6,A
Company_44,Healthcare,46.0,29.4,89.8,2017,6,A
Company_44,Healthcare,44.9,31.4,93.0,2018,6,A
Company_44,Healthcare,43.9,31.3,89.3,2019,6,A
Company_44,Healthcare,42.8,35.6,87.2,2020,6,A
Company_44,Healthcare,41.3,39.4,91.6,2021,6,A
Company_44,Healthcare,38.9,42.0,91.8,2022,6,A
Company_44,Healthcare,38.5,46.3,92.7,2023,6,A
Company_44,Healthcare,40.2,47.1,91.5,2024,6,A
Company_44,Healthcare,44.1,49.9,89.5,2025,6,AA
Company_45,Retail,52.3,11.8,46.3,2015,0,BB
Company_45,Retail,55.1,9.5,45.6,2016,0,BB
Company_45,Retail,58.9,5.0,48.7,2017,0,BB
Company_45,Retail,57.7,7.9,51.5,2018,0,BB
Company_45,Retail,59.2,6.4,54.2,2019,0,BB
Company_45,Retail,60.9,8.4,57.5,2020,0,BBB
Company_45,Retail,61.2,9.7,57.9,2021,0,BBB
Company_45,Retail,66.8,12.6,63.0,2022,0,BBB
Company_45,Retail,67.8,11.9,61.3,2023,0,BBB
Company_45,Retail,65.7,13.1,64.4,2024,0,BBB
Company_45,Retail,64.0,13.3,65.9,2025,0,BBB
Company_46,Healthcare,73.7,50.4,21.7,2015,4,BBB
Company_46,Healthcare,73.1,50.8,20.2,2016,4,BBB
Company_46,Healthcare,76.2,49.7,25.2,2017,4,A
Company_46,Healthcare,75.9,51.0,24.6,2018,4,A
Company_46,Healthcare,73.5,50.7,26.6,2019,4,A
Company_46,Healthcare,77.5,53.0,25.5,2020,4,A
Company_46,Healthcare,77.5,57.5,26.7,2021,4,A
Company_46,Healthcare,78.8,60.0,26.6,2022,4,A
Company_46,Healthcare,84.5,61.1,20.4,2023,4,A
Company_46,Healthcare,85.0,62.9,19.0,2024,4,A
Company_46,Healthcare,88.4,61.5,16.2,2025,4,A
Company_47,Consumer Goods,64.8,70.5,25.8,2015,0,A
Company_47,Consumer Goods,64.2,70.9,27.7,2016,0,A
Company_47,Consumer Goods,65.0,71.6,27.8,2017,0,A
Company_47,Consumer Goods,65.9,73.1,29.4,2018,0,A
Company_47,Consumer Goods,69.8,70.7,28.2,2019,0,A
Company_47,Consumer Goods,73.6,69.6,27.4,2020,0,A
Company_47,Consumer Goods,76.8,75.6,26.9,2021,0,A
Company_47,Consumer Goods,80.5,73.7,31.9,2022,0,AA
Company_47,Consumer Goods,82.7,75.7,30.6,2023,0,AA
Company_47,Consumer Goods,83.0,75.7,30.1,2024,0,AA
Company_47,Consumer Goods,86.3,74.8,34.1,2025,0,AA
Company_48,Technology,90.4,44.0,17.5,2015,3,A
Company_48,Technology,90.2,46.7,16.8,2016,3,A
Company_48,Technology,91.8,45.6,18.2,2017,3,A
Company_48,Technology,93.1,46.1,19.5,2018,3,A
Company_48,Technology,93.6,45.4,17.6,2019,3,A
Company_48,Technology,96.8,42.5,15.8,2020,3,A
Company_48,Technology,95.1,44.3,14.7,2021,3,A
Company_48,Technology,92.9,45.7,16.4,2022,3,A
Company_48,Technology,95.5,44.0,16.8,2023,3,A
Company_48,Technology,92.8,44.7,17.3,2024,3,A
Company_48,Technology,92.0,46.5,18.1,2025,3,A
Company_49,Retail,5.9,29.1,12.5,2015,4,CCC
Company_49,Retail,5.6,30.6,9.3,2016,4,CCC
Company_49,Retail,6.7,28.5,8.4,2017,4,CCC
Company_49,Retail,7.0,31.7,11.3,2018,4,CCC
Company_49,Retail,10.5,34.5,9.8,2019,4,CCC
Company_49,Retail,11.0,34.0,9.6,2020,4,CCC
Company_49,Retail,13.6,33.0,8.6,2021,4,CCC
Company_49,Retail,13.7,34.6,9.4,2022,4,CCC
Company_49,Retail,12.8,34.5,12.3,2023,4,CCC
Company_49,Retail,14.5,33.6,9.3,2024,4,CCC
Company_49,Retail,12.4,32.9,11.0,2025,4,CCC
Company_50,Consumer Goods,67.7,47.4,68.5,2015,5,AA
Company_50,Consumer Goods,69.4,48.2,66.8,2016,5,AA
Company_50,Consumer Goods,70.4,48.0,65.8,2017,5,AA
Company_50,Consumer Goods,71.2,49.2,68.7,2018,5,AA
Company_50,Consumer Goods,71.3,51.7,71.0,2019,5,AA
Company_50,Consumer Goods,71.9,55.8,70.8,2020,5,AA
Company_50,Consumer Goods,72.2,57.5,69.6,2021,5,AA
Company_50,Consumer Goods,74.0,58.8,68.9,2022,5,AA
Company_50,Consumer Goods,76.9,61.0,68.7,2023,5,AA
Company_50,Consumer Goods,78.0,61.9,66.5,2024,5,AA
Company_50,Consumer Goods,77.5,63.3,67.1,2025,5,AA
Company_51,Transportation,76.6,66.1,2.5,2015,4,BBB
Company_51,Transportation,73.6,66.9,4.6,2016,4,BBB
Company_51,Transportation,74.2,64.6,4.3,2017,4,BBB
Company_51,Transportation,75.9,65.4,2.8,2018,4,BBB
Company_51,Transportation,77.2,68.8,4.9,2019,4,A
Company_51,Transportation,76.9,65.4,5.6,2020,4,BBB
Company_51,Transportation,77.8,66.4,2.8,2021,4,BBB
Company_51,Transportation,80.1,65.8,5.3,2022,4,A
Company_51,Transportation,79.6,66.7,3.2,2023,4,BBB
Company_51,Transportation,76.5,67.1,3.4,2024,4,BBB
Company_51,Transportation,75.1,66.8,4.5,2025,4,BBB
Company_52,Consumer Goods,42.9,81.3,69.7,2015,6,AA
Company_52,Consumer Goods,42.1,81.8,66.3,2016,6,AA
Company_52,Consumer Goods,43.5,79.9,66.4,2017,6,AA
Company_52,Consumer Goods,44.3,79.7,66.6,2018,6,AA
Company_52,Consumer Goods,46.1,79.1,69.7,2019,6,AA
Company_52,Consumer Goods,44.1,81.9,71.2,2020,6,AA
Company_52,Consumer Goods,42.3,85.1,72.3,2021,6,AA
Company_52,Consumer Goods,45.7,84.3,71.4,2022,6,AA
Company_52,Consumer Goods,44.7,87.7,70.9,2023,6,AA
Company_52,Consumer Goods,45.4,90.7,69.2,2024,6,AA
Company_52,Consumer Goods,45.2,88.5,68.6,2025,6,AA
Company_53,Utilities,30.3,93.6,87.2,2015,5,AA
Company_53,Utilities,33.2,94.5,84.6,2016,5,AA
Company_53,Utilities,34.6,95.6,84.9,2017,5,AA
Company_53,Utilities,35.9,97.8,86.8,2018,5,AA
Company_53,Utilities,33.1,100.0,86.2,2019,5,AA
Company_53,Utilities,34.9,100.0,85.5,2020,5,AA
Company_53,Utilities,34.0,99.0,88.6,2021,5,AA
Company_53,Utilities,32.2,100.0,91.2,2022,5,AA
Company_53,Utilities,33.0,98.7,86.5,2023,5,AA
Company_53,Utilities,33.3,96.0,86.4,2024,5,AA
Company_53,Utilities,35.2,97.4,85.5,2025,5,AA
Company_54,Healthcare,17.3,85.4,76.5,2015,6,A
Company_54,Healthcare,19.0,86.9,75.3,2016,6,AA
Company_54,Healthcare,21.2,83.6,76.6,2017,6,AA
Company_54,Healthcare,22.1,84.2,78.7,2018,6,AA
Company_54,Healthcare,28.0,87.2,76.9,2019,6,AA
Company_54,Healthcare,26.0,88.4,77.7,2020,6,AA
Company_54,Healthcare,29.3,92.0,77.7,2021,6,AA
Company_54,Healthcare,31.0,93.6,77.1,2022,6,AA
Company_54,Healthcare,32.9,90.7,78.7,2023,6,AA
Company_54,Healthcare,35.5,87.0,78.6,2024,6,AA
Company_54,Healthcare,41.3,88.3,78.9,2025,6,AA
Company_55,Finance,99.9,70.2,46.0,2015,3,AA
Company_55,Finance,99.2,73.9,48.1,2016,3,AA
Company_55,Finance,100.0,74.2,46.7,2017,3,AA
Company_55,Finance,100.0,71.4,47.8,2018,3,AA
Company_55,Finance,99.1,72.0,51.0,2019,3,AA
Company_55,Finance,99.0,70.5,52.0,2020,3,AA
Company_55,Finance,100.0,72.7,53.0,2021,3,AAA
Company_55,Finance,99.5,73.5,54.1,2022,3,AAA
Company_55,Finance,100.0,77.3,55.7,2023,3,AAA
Company_55,Finance,100.0,77.0,55.6,2024,3,AAA
Company_55,Finance,100.0,77.6,56.0,2025,3,AAA
Company_56,Utilities,24.8,60.8,86.3,2015,5,A
Company_56,Utilities,25.5,60.1,84.8,2016,5,A
Company_56,Utilities,25.5,60.2,85.8,2017,5,A
Company_56,Utilities,24.3,64.9,84.6,2018,5,A
Company_56,Utilities,24.7,64.5,83.1,2019,5,A
Company_56,Utilities,29.0,67.0,86.9,2020,5,AA
Company_56,Utilities,24.8,69.7,90.0,2021,5,AA
Company_56,Utilities,25.9,64.7,91.0,2022,5,AA
Company_56,Utilities,27.7,62.2,86.2,2023,5,A
Company_56,Utilities,27.1,62.6,82.3,2024,5,A
Company_56,Utilities,28.8,61.8,83.0,2025,5,A
Company_57,Utilities,28.5,19.8,37.7,2015,4,CCC
Company_57,Utilities,31.4,20.9,37.2,2016,4,CCC
Company_57,Utilities,32.2,19.2,35.1,2017,4,CCC
Company_57,Utilities,35.1,14.9,34.6,2018,4,CCC
Company_57,Utilities,36.1,16.5,31.6,2019,4,CCC
Company_57,Utilities,38.3,17.3,30.9,2020,4,CCC
Company_57,Utilities,38.2,17.2,31.1,2021,4,CCC
Company_57,Utilities,39.5,17.8,32.7,2022,4,BB
Company_57,Utilities,44.4,22.9,30.8,2023,4,BB
Company_57,Utilities,45.4,27.1,32.2,2024,4,BB
Company_57,Utilities,48.9,26.4,31.9,2025,4,BB
Company_58,Transportation,14.1,64.1,35.1,2015,6,BB
Company_58,Transportation,14.5,61.5,36.1,2016,6,BB
Company_58,Transportation,14.9,65.2,37.8,2017,6,BB
Company_58,Transportation,19.8,66.0,37.3,2018,6,BBB
Company_58,Transportation,19.3,65.8,37.3,2019,6,BBB
Company_58,Transportation,20.5,69.5,38.1,2020,6,BBB
Company_58,Transportation,22.7,69.8,33.8,2021,6,BBB
Company_58,Transportation,22.2,67.3,36.2,2022,6,BBB
Company_58,Transportation,21.7,66.3,37.4,2023,6,BBB
Company_58,Transportation,23.8,66.1,38.4,2024,6,BBB
Company_58,Transportation,23.2,66.6,38.4,2025,6,BBB
Company_59,Utilities,28.7,38.8,21.5,2015,0,CCC
Company_59,Utilities,31.2,38.1,23.8,2016,0,BB
Company_59,Utilities,34.4,41.8,25.2,2017,0,BB
Company_59,Utilities,31.9,44.2,26.1,2018,0,BB
Company_59,Utilities,28.9,44.5,26.6,2019,0,BB
Company_59,Utilities,28.2,45.8,28.5,2020,0,BB
Company_59,Utilities,28.4,46.9,31.1,2021,0,BB
Company_59,Utilities,31.4,46.3,31.7,2022,0,BB
Company_59,Utilities,33.2,43.2,33.0,2023,0,BB
Company_59,Utilities,35.1,39.0,37.5,2024,0,BB
Company_59,Utilities,36.9,41.7,37.2,2025,0,BB
Company_60,Manufacturing,44.0,42.4,6.8,2015,4,BB
Company_60,Manufacturing,44.8,44.6,7.1,2016,4,BB
Company_60,Manufacturing,47.5,44.9,6.3,2017,4,BB
Company_60,Manufacturing,49.1,41.5,6.1,2018,4,BB
Company_60,Manufacturing,47.9,40.1,8.5,2019,4,BB
Company_60,Manufacturing,49.1,39.6,5.4,2020,4,BB
Company_60,Manufacturing,49.0,39.2,2.9,2021,4,BB
Company_60,Manufacturing,51.1,41.0,0.0,2022,4,BB
Company_60,Manufacturing,52.3,39.0,1.2,2023,4,BB
Company_60,Manufacturing,55.6,40.1,4.2,2024,4,BB
Company_60,Manufacturing,53.9,42.1,7.5,2025,4,BB
Company_61,Consumer Goods,81.2,53.1,93.6,2015,6,AAA
Company_61,Consumer Goods,84.2,53.4,94.5,2016,6,AAA
Company_61,Consumer Goods,86.5,55.3,96.1,2017,6,AAA
Company_61,Consumer Goods,86.3,54.5,95.3,2018,6,AAA
Company_61,Consumer Goods,83.5,56.8,95.8,2019,6,AAA
Company_61,Consumer Goods,83.9,58.3,93.8,2020,6,AAA
Company_61,Consumer Goods,85.1,56.1,92.7,2021,6,AAA
Company_61,Consumer Goods,88.2,61.4,98.6,2022,6,AAA
Company_61,Consumer Goods,90.6,62.9,97.3,2023,6,AAA
Company_61,Consumer Goods,90.6,60.8,96.6,2024,6,AAA
Company_61,Consumer Goods,91.2,59.1,95.0,2025,6,AAA
Company_62,Technology,92.3,28.3,66.2,2015,1,AA
Company_62,Technology,93.2,26.1,64.5,2016,1,AA
Company_62,Technology,92.4,26.4,66.6,2017,1,AA
Company_62,Technology,91.7,27.1,66.8,2018,1,AA
Company_62,Technology,89.7,27.9,66.0,2019,1,AA
Company_62,Technology,90.2,29.3,61.2,2020,1,AA
Company_62,Technology,92.0,28.0,63.5,2021,1,AA
Company_62,Technology,90.9,28.8,62.7,2022,1,AA
Company_62,Technology,88.5,30.7,63.4,2023,1,AA
Company_62,Technology,91.4,29.2,65.6,2024,1,AA
Company_62,Technology,91.6,26.3,64.1,2025,1,AA
Company_63,Consumer Goods,39.9,69.7,87.0,2015,2,AA
Company_63,Consumer Goods,43.1,71.1,84.4,2016,2,AA
Company_63,Consumer Goods,45.8,68.7,84.8,2017,2,AA
Company_63,Consumer Goods,42.8,63.5,86.9,2018,2,AA
Company_63,Consumer Goods,46.6,63.6,92.7,2019,2,AA
Company_63,Consumer Goods,47.1,65.3,93.3,2020,2,AA
Company_63,Consumer Goods,52.4,64.2,93.3,2021,2,AA
Company_63,Consumer Goods,52.2,63.8,95.2,2022,2,AA
Company_63,Consumer Goods,56.6,61.8,97.6,2023,2,AA
Company_63,Consumer Goods,58.5,60.2,99.8,2024,2,AA
Company_63,Consumer Goods,61.7,58.3,98.7,2025,2,AA
Company_64,Consumer Goods,41.0,36.5,29.1,2015,1,BB
Company_64,Consumer Goods,40.1,37.7,29.7,2016,1,BB
Company_64,Consumer Goods,43.3,39.4,29.1,2017,1,BB
Company_64,Consumer Goods,44.9,37.3,30.4,2018,1,BB
Company_64,Consumer Goods,42.8,38.3,37.3,2019,1,BB
Company_64,Consumer Goods,44.0,37.7,38.6,2020,1,BBB
Company_64,Consumer Goods,46.1,36.6,39.8,2021,1,BBB
Company_64,Consumer Goods,47.4,39.7,39.6,2022,1,BBB
Company_64,Consumer Goods,48.8,41.1,43.0,2023,1,BBB
Company_64,Consumer Goods,51.1,40.0,43.6,2024,1,BBB
Company_64,Consumer Goods,53.2,40.2,44.3,2025,1,BBB
Company_65,Transportation,25.8,91.4,68.3,2015,2,AA
Company_65,Transportation,29.0,91.7,66.0,2016,2,AA
Company_65,Transportation,32.7,92.9,68.7,2017,2,AA
Company_65,Transportation,33.3,94.8,69.5,2018,2,AA
Company_65,Transportation,35.6,100.0,70.7,2019,2,AA
Company_65,Transportation,37.1,100.0,68.7,2020,2,AA
Company_65,Transportation,37.2,100.0,71.3,2021,2,AA
Company_65,Transportation,36.3,96.9,71.7,2022,2,AA
Company_65,Transportation,37.2,94.2,74.3,2023,2,AA
Company_65,Transportation,42.9,92.8,75.9,2024,2,AA
Company_65,Transportation,42.0,91.4,73.2,2025,2,AA
Company_66,Consumer Goods,98.0,55.4,28.1,2015,4,AA
Company_66,Consumer Goods,96.8,57.1,28.2,2016,4,AA
Company_66,Consumer Goods,94.8,56.2,29.4,2017,4,AA
Company_66,Consumer Goods,96.4,55.8,30.9,2018,4,AA
Company_66,Consumer Goods,95.8,54.2,32.7,2019,4,AA
Company_66,Consumer Goods,94.0,54.2,37.0,2020,4,AA
Company_66,Consumer Goods,91.3,52.6,36.7,2021,4,AA
Company_66,Consumer Goods,92.4,56.7,35.2,2022,4,AA
Company_66,Consumer Goods,92.2,55.8,35.3,2023,4,AA
Company_66,Consumer Goods,93.3,58.2,37.5,2024,4,AA
Company_66,Consumer Goods,95.9,60.1,40.1,2025,4,AA
Company_67,Manufacturing,40.6,44.0,66.0,2015,4,A
Company_67,Manufacturing,37.9,42.3,67.8,2016,4,BBB
Company_67,Manufacturing,36.5,42.2,68.5,2017,4,BBB
Company_67,Manufacturing,38.7,42.1,67.2,2018,4,BBB
Company_67,Manufacturing,39.4,39.9,67.0,2019,4,BBB
Company_67,Manufacturing,42.8,41.6,70.1,2020,4,A
Company_67,Manufacturing,43.9,44.9,70.2,2021,4,A
Company_67,Manufacturing,44.6,43.7,70.9,2022,4,A
Company_67,Manufacturing,43.4,46.2,73.8,2023,4,A
Company_67,Manufacturing,44.4,46.8,74.0,2024,4,A
Company_67,Manufacturing,47.6,48.0,74.4,2025,4,A
Company_68,Manufacturing,39.0,77.9,41.1,2015,4,A
Company_68,Manufacturing,41.6,76.7,40.8,2016,4,A
Company_68,Manufacturing,41.9,79.9,43.9,2017,4,A
Company_68,Manufacturing,46.1,81.9,44.4,2018,4,A
Company_68,Manufacturing,46.1,82.5,45.9,2019,4,A
Company_68,Manufacturing,47.0,81.5,46.0,2020,4,A
Company_68,Manufacturing,45.5,82.0,44.0,2021,4,A
Company_68,Manufacturing,48.0,83.6,45.9,2022,4,A
Company_68,Manufacturing,47.6,82.4,48.3,2023,4,A
Company_68,Manufacturing,50.3,85.0,44.7,2024,4,AA
Company_68,Manufacturing,50.9,85.1,45.7,2025,4,AA
Company_69,Energy,6.1,63.4,64.0,2015,5,BBB
Company_69,Energy,5.3,64.5,63.5,2016,5,BBB
Company_69,Energy,7.5,63.5,63.8,2017,5,BBB
Company_69,Energy,7.1,64.9,64.1,2018,5,BBB
Company_69,Energy,9.7,62.9,63.8,2019,5,BBB
Company_69,Energy,9.5,63.4,63.2,2020,5,BBB
Company_69,Energy,12.0,61.8,67.5,2021,5,BBB
Company_69,Energy,15.0,61.8,65.1,2022,5,BBB
Company_69,Energy,17.3,65.0,68.8,2023,5,A
Company_69,Energy,21.1,66.3,69.2,2024,5,A
Company_69,Energy,21.4,67.4,69.1,2025,5,A
Company_70,Retail,43.0,30.9,46.5,2015,0,BBB
Company_70,Retail,44.7,30.9,47.8,2016,0,BBB
Company_70,Retail,47.1,32.9,51.0,2017,0,BBB
Company_70,Retail,48.6,34.3,50.8,2018,0,BBB
Company_70,Retail,48.9,34.1,49.8,2019,0,BBB
Company_70,Retail,51.5,37.5,50.5,2020,0,BBB
Company_70,Retail,48.3,40.1,53.4,2021,0,BBB
Company_70,Retail,49.0,36.6,51.8,2022,0,BBB
Company_70,Retail,49.3,34.2,55.6,2023,0,BBB
Company_70,Retail,50.9,33.1,58.6,2024,0,BBB
Company_70,Retail,56.0,34.0,59.2,2025,0,BBB
Company_71,Consumer Goods,56.0,23.9,45.2,2015,3,BBB
Company_71,Consumer Goods,56.6,25.0,46.1,2016,3,BBB
Company_71,Consumer Goods,57.8,22.5,43.2,2017,3,BBB
Company_71,Consumer Goods,60.0,21.8,44.0,2018,3,BBB
Company_71,Consumer Goods,57.9,25.9,43.3,2019,3,BBB
Company_71,Consumer Goods,59.5,25.7,43.4,2020,3,BBB
Company_71,Consumer Goods,61.0,28.8,43.7,2021,3,BBB
Company_71,Consumer Goods,63.2,27.1,45.7,2022,3,BBB
Company_71,Consumer Goods,60.8,27.6,44.5,2023,3,BBB
Company_71,Consumer Goods,63.7,24.0,42.2,2024,3,BBB
Company_71,Consumer Goods,65.5,27.9,45.0,2025,3,BBB
Company_72,Utilities,37.8,37.5,50.5,2015,3,BBB
Company_72,Utilities,35.6,36.5,48.9,2016,3,BBB
Company_72,Utilities,37.8,35.0,47.4,2017,3,BBB
Company_72,Utilities,35.7,38.4,50.1,2018,3,BBB
Company_72,Utilities,38.3,37.5,48.3,2019,3,BBB
Company_72,Utilities,40.3,36.4,48.4,2020,3,BBB
Company_72,Utilities,41.7,39.7,49.6,2021,3,BBB
Company_72,Utilities,42.4,40.2,50.1,2022,3,BBB
Company_72,Utilities,41.5,38.5,50.2,2023,3,BBB
Company_72,Utilities,43.4,40.3,50.4,2024,3,BBB
Company_72,Utilities,45.1,38.4,51.5,2025,3,BBB
Company_73,Transportation,18.1,74.2,62.2,2015,1,A
Company_73,Transportation,16.7,74.0,66.0,2016,1,A
Company_73,Transportation,20.0,72.7,67.3,2017,1,A
Company_73,Transportation,21.4,69.9,66.0,2018,1,A
Company_73,Transportation,21.1,69.9,65.2,2019,1,A
Company_73,Transportation,21.5,73.1,65.0,2020,1,A
Company_73,Transportation,24.6,72.1,65.3,2021,1,A
Company_73,Transportation,24.6,73.5,67.3,2022,1,A
Company_73,Transportation,24.6,75.1,69.1,2023,1,A
Company_73,Transportation,25.3,77.3,69.7,2024,1,A
Company_73,Transportation,25.6,75.2,74.5,2025,1,A
Company_74,Energy,8.5,89.3,90.7,2015,2,AA
Company_74,Energy,8.6,88.4,94.5,2016,2,AA
Company_74,Energy,7.2,86.2,94.8,2017,2,AA
Company_74,Energy,10.5,87.0,99.5,2018,2,AA
Company_74,Energy,14.4,87.3,100.0,2019,2,AA
Company_74,Energy,17.1,88.6,100.0,2020,2,AA
Company_74,Energy,20.6,88.1,100.0,2021,2,AA
Company_74,Energy,22.4,92.6,100.0,2022,2,AA
Company_74,Energy,24.6,95.1,98.6,2023,2,AA
Company_74,Energy,24.4,95.5,95.1,2024,2,AA
Company_74,Energy,27.5,95.6,95.7,2025,2,AA
Company_75,Technology,77.5,43.4,90.6,2015,5,AA
Company_75,Technology,77.0,43.0,92.7,2016,5,AA
Company_75,Technology,78.8,41.8,96.8,2017,5,AA
Company_75,Technology,77.5,41.3,99.6,2018,5,AA
Company_75,Technology,76.8,42.8,99.7,2019,5,AA
Company_75,Technology,77.0,44.7,97.8,2020,5,AA
Company_75,Technology,74.8,42.9,96.0,2021,5,AA
Company_75,Technology,77.4,44.9,94.8,2022,5,AA
Company_75,Technology,76.9,45.1,96.8,2023,5,AA
Company_75,Technology,79.5,47.8,97.0,2024,5,AA
Company_75,Technology,81.0,47.3,98.8,2025,5,AAA
Company_76,Technology,91.2,43.0,63.3,2015,5,AA
Company_76,Technology,89.0,43.6,65.4,2016,5,AA
Company_76,Technology,88.0,39.4,67.3,2017,5,AA
Company_76,Technology,89.4,38.8,67.6,2018,5,AA
Company_76,Technology,87.9,41.0,66.9,2019,5,AA
Company_76,Technology,88.5,41.0,67.1,2020,5,AA
Company_76,Technology,87.3,39.1,68.1,2021,5,AA
Company_76,Technology,88.2,39.8,68.3,2022,5,AA
Company_76,Technology,89.8,40.7,71.4,2023,5,AA
Company_76,Technology,93.2,40.1,72.1,2024,5,AA
Company_76,Technology,92.6,40.6,74.7,2025,5,AA
Company_77,Utilities,72.9,55.6,61.9,2015,0,AA
Company_77,Utilities,76.1,55.0,60.9,2016,0,AA
Company_77,Utilities,77.7,52.2,59.4,2017,0,AA
Company_77,Utilities,76.1,52.5,59.1,2018,0,AA
Company_77,Utilities,78.7,52.3,60.6,2019,0,AA
Company_77,Utilities,81.3,55.5,60.6,2020,0,AA
Company_77,Utilities,81.4,57.3,60.9,2021,0,AA
Company_77,Utilities,83.3,57.9,64.5,2022,0,AA
Company_77,Utilities,86.6,59.9,61.1,2023,0,AA
Company_77,Utilities,88.4,58.8,62.6,2024,0,AA
Company_77,Utilities,88.8,64.8,60.0,2025,0,AA
Company_78,Technology,67.0,42.2,23.2,2015,3,BBB
Company_78,Technology,67.9,42.0,22.9,2016,3,BBB
Company_78,Technology,68.3,41.2,23.6,2017,3,BBB
Company_78,Technology,75.4,42.3,24.3,2018,3,BBB
Company_78,Technology,77.9,42.7,22.9,2019,3,BBB
Company_78,Technology,77.1,43.9,20.1,2020,3,BBB
Company_78,Technology,76.8,44.5,21.6,2021,3,BBB
Company_78,Technology,76.3,48.9,19.0,2022,3,BBB
Company_78,Technology,77.7,50.8,17.8,2023,3,BBB
Company_78,Technology,74.3,51.9,20.0,2024,3,BBB
Company_78,Technology,75.4,52.1,24.4,2025,3,A
Company_79,Healthcare,72.1,36.1,75.0,2015,5,AA
Company_79,Healthcare,72.9,37.3,74.2,2016,5,AA
Company_79,Healthcare,71.8,36.0,73.8,2017,5,AA
Company_79,Healthcare,70.5,39.5,74.3,2018,5,AA
Company_79,Healthcare,72.7,39.4,74.8,2019,5,AA
Company_79,Healthcare,74.1,42.7,79.4,2020,5,AA
Company_79,Healthcare,76.9,40.2,79.7,2021,5,AA
Company_79,Healthcare,78.2,36.6,80.1,2022,5,AA
Company_79,Healthcare,81.4,34.8,79.7,2023,5,AA
Company_79,Healthcare,82.1,32.7,79.8,2024,5,AA
Company_79,Healthcare,86.5,33.6,78.3,2025,5,AA
Company_80,Utilities,37.7,88.9,72.5,2015,2,AA
Company_80,Utilities,40.6,89.9,70.2,2016,2,AA
Company_80,Utilities,38.2,90.0,72.2,2017,2,AA
Company_80,Utilities,41.6,93.6,74.7,2018,2,AA
Company_80,Utilities,43.2,93.8,77.3,2019,2,AA
Company_80,Utilities,39.1,94.1,76.2,2020,2,AA
Company_80,Utilities,41.1,94.2,75.0,2021,2,AA
Company_80,Utilities,41.3,95.6,76.5,2022,2,AA
Company_80,Utilities,40.1,92.6,75.3,2023,2,AA
Company_80,Utilities,41.6,91.3,74.6,2024,2,AA
Company_80,Utilities,41.3,92.0,70.5,2025,2,AA
Company_81,Healthcare,73.7,77.4,71.7,2015,2,AA
Company_81,Healthcare,73.4,76.4,73.9,2016,2,AA
Company_81,Healthcare,77.9,75.0,78.8,2017,2,AAA
Company_81,Healthcare,78.5,78.2,79.5,2018,2,AAA
Company_81,Healthcare,79.5,82.3,79.8,2019,2,AAA
Company_81,Healthcare,80.7,86.1,81.5,2020,2,AAA
Company_81,Healthcare,81.9,84.6,80.4,2021,2,AAA
Company_81,Healthcare,86.4,85.9,80.1,2022,2,AAA
Company_81,Healthcare,89.3,84.0,81.2,2023,2,AAA
Company_81,Healthcare,91.6,85.4,79.4,2024,2,AAA
Company_81,Healthcare,89.7,84.8,76.1,2025,2,AAA
Company_82,Technology,96.4,68.0,27.0,2015,4,AA
Company_82,Technology,94.4,68.4,26.7,2016,4,AA
Company_82,Technology,96.4,67.1,24.4,2017,4,AA
Company_82,Technology,94.0,68.8,26.3,2018,4,AA
Company_82,Technology,99.4,68.6,27.0,2019,4,AA
Company_82,Technology,100.0,70.8,24.8,2020,4,AA
Company_82,Technology,100.0,74.3,25.5,2021,4,AA
Company_82,Technology,100.0,79.4,27.2,2022,4,AA
Company_82,Technology,99.3,82.1,29.4,2023,4,AA
Company_82,Technology,97.3,81.0,33.4,2024,4,AA
Company_82,Technology,95.6,84.1,37.0,2025,4,AA
Company_83,Healthcare,53.6,69.6,52.9,2015,6,A
Company_83,Healthcare,56.0,70.5,54.6,2016,6,AA
Company_83,Healthcare,55.6,69.2,57.3,2017,6,AA
Company_83,Healthcare,54.8,71.8,55.9,2018,6,AA
Company_83,Healthcare,56.6,74.0,54.7,2019,6,AA
Company_83,Healthcare,58.5,72.0,54.8,2020,6,AA
Company_83,Healthcare,62.1,70.9,52.4,2021,6,AA
Company_83,Healthcare,61.1,73.1,50.5,2022,6,AA
Company_83,Healthcare,62.1,72.6,50.9,2023,6,AA
Company_83,Healthcare,65.8,77.5,50.7,2024,6,AA
Company_83,Healthcare,68.5,76.5,49.5,2025,6,AA
Company_84,Consumer Goods,27.7,4.5,10.1,2015,4,CCC
Company_84,Consumer Goods,27.9,4.7,8.1,2016,4,CCC
Company_84,Consumer Goods,29.3,7.3,7.2,2017,4,CCC
Company_84,Consumer Goods,30.0,7.7,10.3,2018,4,CCC
Company_84,Consumer Goods,30.9,4.5,7.2,2019,4,CCC
Company_84,Consumer Goods,31.2,3.9,5.5,2020,4,CCC
Company_84,Consumer Goods,35.3,1.9,10.3,2021,4,CCC
Company_84,Consumer Goods,37.4,0.6,7.5,2022,4,CCC
Company_84,Consumer Goods,37.5,0.0,8.9,2023,4,CCC
Company_84,Consumer Goods,38.4,0.0,10.2,2024,4,CCC
Company_84,Consumer Goods,38.5,3.1,12.8,2025,4,CCC
Company_85,Manufacturing,51.8,36.5,73.4,2015,1,A
Company_85,Manufacturing,51.7,36.2,79.2,2016,1,A
Company_85,Manufacturing,48.3,38.3,80.2,2017,1,A
Company_85,Manufacturing,52.1,40.3,80.4,2018,1,A
Company_85,Manufacturing,53.4,44.9,81.6,2019,1,A
Company_85,Manufacturing,53.7,46.9,81.9,2020,1,AA
Company_85,Manufacturing,54.8,47.2,81.5,2021,1,AA
Company_85,Manufacturing,53.4,47.8,82.2,2022,1,AA
Company_85,Manufacturing,56.5,49.6,80.7,2023,1,AA
Company_85,Manufacturing,57.0,53.1,82.2,2024,1,AA
Company_85,Manufacturing,59.3,52.1,82.0,2025,1,AA
Company_86,Finance,99.8,23.6,15.9,2015,1,BBB
Company_86,Finance,99.2,28.5,16.4,2016,1,BBB
Company_86,Finance,100.0,28.0,14.1,2017,1,BBB
Company_86,Finance,99.9,30.8,12.0,2018,1,BBB
Company_86,Finance,100.0,32.7,11.6,2019,1,BBB
Company_86,Finance,100.0,36.8,12.7,2020,1,BBB
Company_86,Finance,100.0,34.9,11.8,2021,1,BBB
Company_86,Finance,100.0,34.7,11.1,2022,1,BBB
Company_86,Finance,100.0,37.0,13.8,2023,1,A
Company_86,Finance,97.4,39.9,10.4,2024,1,BBB
Company_86,Finance,97.5,42.6,13.4,2025,1,A
Company_87,Technology,96.4,77.4,60.1,2015,6,AAA
Company_87,Technology,94.2,76.6,58.8,2016,6,AAA
Company_87,Technology,92.7,75.3,59.9,2017,6,AAA
Company_87,Technology,92.9,76.8,61.5,2018,6,AAA
Company_87,Technology,94.5,77.0,60.7,2019,6,AAA
Company_87,Technology,96.3,76.2,58.6,2020,6,AAA
Company_87,Technology,96.8,77.1,55.8,2021,6,AAA
Company_87,Technology,100.0,76.7,55.0,2022,6,AAA
Company_87,Technology,98.3,75.9,59.2,2023,6,AAA
Company_87,Technology,95.5,76.2,56.9,2024,6,AAA
Company_87,Technology,94.7,75.8,56.2,2025,6,AAA
Company_88,Manufacturing,69.9,72.0,81.5,2015,5,AA
Company_88,Manufacturing,71.4,70.9,84.7,2016,5,AAA
Company_88,Manufacturing,73.1,71.7,84.3,2017,5,AAA
Company_88,Manufacturing,71.6,73.0,84.9,2018,5,AAA
Company_88,Manufacturing,73.2,69.6,84.0,2019,5,AAA
Company_88,Manufacturing,73.4,72.6,86.2,2020,5,AAA
Company_88,Manufacturing,73.9,73.3,89.3,2021,5,AAA
Company_88,Manufacturing,76.6,73.0,88.2,2022,5,AAA
Company_88,Manufacturing,79.4,70.2,87.7,2023,5,AAA
Company_88,Manufacturing,83.1,71.3,89.9,2024,5,AAA
Company_88,Manufacturing,85.8,73.0,89.7,2025,5,AAA
Company_89,Utilities,28.3,44.8,14.8,2015,2,CCC
Company_89,Utilities,30.6,46.4,11.3,2016,2,CCC
Company_89,Utilities,32.7,50.4,11.2,2017,2,BB
Company_89,Utilities,31.6,49.3,10.7,2018,2,BB
Company_89,Utilities,33.8,50.6,10.9,2019,2,BB
Company_89,Utilities,34.7,52.6,10.8,2020,2,BB
Company_89,Utilities,34.9,55.2,13.2,2021,2,BB
Company_89,Utilities,35.7,57.5,16.9,2022,2,BB
Company_89,Utilities,36.7,54.4,16.5,2023,2,BB
Company_89,Utilities,34.2,55.3,19.5,2024,2,BB
Company_89,Utilities,36.4,55.8,18.5,2025,2,BB
Company_90,Energy,8.6,26.9,31.5,2015,0,CCC
Company_90,Energy,8.2,30.2,36.5,2016,0,CCC
Company_90,Energy,10.9,32.5,34.9,2017,0,CCC
Company_90,Energy,14.4,31.2,34.3,2018,0,CCC
Company_90,Energy,16.0,29.6,33.3,2019,0,CCC
Company_90,Energy,17.7,30.5,34.2,2020,0,CCC
Company_90,Energy,17.9,32.7,36.9,2021,0,CCC
Company_90,Energy,20.8,30.1,39.3,2022,0,BB
Company_90,Energy,22.0,30.1,34.9,2023,0,CCC
Company_90,Energy,23.2,30.7,33.5,2024,0,CCC
Company_90,Energy,23.7,31.6,36.1,2025,0,BB
Company_91,Manufacturing,46.2,52.9,89.0,2015,2,AA
Company_91,Manufacturing,47.1,53.4,87.6,2016,2,AA
Company_91,Manufacturing,48.8,54.0,87.6,2017,2,AA
Company_91,Manufacturing,46.2,53.4,86.4,2018,2,AA
Company_91,Manufacturing,47.7,56.0,89.0,2019,2,AA
Company_91,Manufacturing,49.5,55.4,89.1,2020,2,AA
Company_91,Manufacturing,52.1,53.5,90.6,2021,2,AA
Company_91,Manufacturing,54.4,53.9,89.4,2022,2,AA
Company_91,Manufacturing,52.9,54.0,88.6,2023,2,AA
Company_91,Manufacturing,51.3,53.4,88.3,2024,2,AA
Company_91,Manufacturing,51.6,54.5,90.1,2025,2,AA
Company_92,Healthcare,54.5,20.0,21.9,2015,1,BB
Company_92,Healthcare,53.9,16.9,24.2,2016,1,BB
Company_92,Healthcare,54.7,21.8,25.0,2017,1,BB
Company_92,Healthcare,56.6,23.3,23.0,2018,1,BB
Company_92,Healthcare,52.7,24.0,25.4,2019,1,BB
Company_92,Healthcare,53.1,26.1,23.4,2020,1,BB
Company_92,Healthcare,57.7,27.5,23.5,2021,1,BB
Company_92,Healthcare,56.7,28.0,22.1,2022,1,BB
Company_92,Healthcare,59.4,29.5,22.5,2023,1,BB
Company_92,Healthcare,60.6,26.9,22.0,2024,1,BB
Company_92,Healthcare,59.0,26.8,20.4,2025,1,BB
Company_93,Retail,86.0,41.8,29.6,2015,3,A
Company_93,Retail,88.1,43.1,30.5,2016,3,A
Company_93,Retail,89.3,48.1,32.7,2017,3,A
Company_93,Retail,91.3,50.9,35.3,2018,3,A
Company_93,Retail,95.3,53.6,37.0,2019,3,AA
Company_93,Retail,95.8,55.0,37.5,2020,3,AA
Company_93,Retail,96.4,53.5,36.4,2021,3,AA
Company_93,Retail,95.8,54.2,36.2,2022,3,AA
Company_93,Retail,98.9,56.4,37.9,2023,3,AA
Company_93,Retail,100.0,59.7,37.1,2024,3,AA
Company_93,Retail,99.8,61.8,38.6,2025,3,AA
Company_94,Utilities,39.4,59.5,70.8,2015,5,A
Company_94,Utilities,40.1,59.7,70.7,2016,5,A
Company_94,Utilities,42.2,57.5,69.0,2017,5,A
Company_94,Utilities,44.2,56.8,65.2,2018,5,A
Company_94,Utilities,42.9,55.4,64.3,2019,5,A
Company_94,Utilities,42.3,56.3,65.0,2020,5,A
Company_94,Utilities,42.8,56.0,61.6,2021,5,A
Company_94,Utilities,43.3,54.4,63.5,2022,5,A
Company_94,Utilities,46.6,56.2,66.3,2023,5,A
Company_94,Utilities,46.4,59.1,67.8,2024,5,A
Company_94,Utilities,46.9,59.7,66.9,2025,5,A
Company_95,Retail,59.3,49.2,98.0,2015,5,AA
Company_95,Retail,59.2,48.8,98.4,2016,5,AA
Company_95,Retail,62.1,51.4,97.6,2017,5,AA
Company_95,Retail,62.1,51.3,98.1,2018,5,AA
Company_95,Retail,64.5,51.4,100.0,2019,5,AA
Company_95,Retail,68.2,53.6,100.0,2020,5,AA
Company_95,Retail,69.1,52.4,100.0,2021,5,AA
Company_95,Retail,66.9,53.1,99.6,2022,5,AA
Company_95,Retail,65.6,54.3,97.4,2023,5,AA
Company_95,Retail,64.6,53.4,98.4,2024,5,AA
Company_95,Retail,61.0,52.3,100.0,2025,5,AA
Company_96,Manufacturing,80.4,47.0,88.7,2015,4,AA
Company_96,Manufacturing,82.4,50.7,86.1,2016,4,AA
Company_96,Manufacturing,81.8,53.6,84.7,2017,4,AA
Company_96,Manufacturing,85.4,56.9,84.7,2018,4,AAA
Company_96,Manufacturing,89.4,58.1,87.7,2019,4,AAA
Company_96,Manufacturing,86.6,58.2,85.7,2020,4,AAA
Company_96,Manufacturing,88.0,55.7,88.5,2021,4,AAA
Company_96,Manufacturing,85.7,57.5,87.7,2022,4,AAA
Company_96,Manufacturing,88.5,54.1,87.9,2023,4,AAA
Company_96,Manufacturing,85.7,52.8,86.5,2024,4,AAA
Company_96,Manufacturing,89.2,51.6,88.4,2025,4,AAA
Company_97,Consumer Goods,57.7,27.4,20.9,2015,4,BB
Company_97,Consumer Goods,53.7,27.9,18.1,2016,4,BB
Company_97,Consumer Goods,50.1,29.0,20.2,2017,4,BB
Company_97,Consumer Goods,53.0,28.8,16.6,2018,4,BB
Company_97,Consumer Goods,53.4,27.2,14.7,2019,4,BB
Company_97,Consumer Goods,52.8,29.9,15.3,2020,4,BB
Company_97,Consumer Goods,56.2,26.6,14.5,2021,4,BB
Company_97,Consumer Goods,58.0,27.7,14.3,2022,4,BB
Company_97,Consumer Goods,64.1,31.7,10.8,2023,4,BB
Company_97,Consumer Goods,63.9,32.0,13.3,2024,4,BB
Company_97,Consumer Goods,64.7,33.5,17.0,2025,4,BB
Company_98,Energy,11.3,45.9,61.8,2015,5,BB
Company_98,Energy,14.5,41.8,61.9,2016,5,BB
Company_98,Energy,13.3,45.6,64.5,2017,5,BBB
Company_98,Energy,13.0,48.7,64.5,2018,5,BBB
Company_98,Energy,12.1,48.8,64.3,2019,5,BBB
Company_98,Energy,12.8,49.4,61.0,2020,5,BBB
Company_98,Energy,12.3,51.8,63.4,2021,5,BBB
Company_98,Energy,14.8,55.9,63.7,2022,5,BBB
Company_98,Energy,20.7,56.4,62.6,2023,5,BBB
Company_98,Energy,21.4,55.6,64.8,2024,5,BBB
Company_98,Energy,20.7,57.1,64.8,2025,5,BBB
Company_99,Healthcare,32.3,76.9,67.2,2015,1,A
Company_99,Healthcare,37.1,71.5,66.4,2016,1,A
Company_99,Healthcare,35.5,73.4,69.0,2017,1,A
Company_99,Healthcare,34.9,73.0,70.2,2018,1,A
Company_99,Healthcare,38.2,74.5,70.6,2019,1,AA
Company_99,Healthcare,38.3,75.4,67.2,2020,1,AA
Company_99,Healthcare,36.8,74.0,66.9,2021,1,A
Company_99,Healthcare,36.3,73.6,67.8,2022,1,A
Company_99,Healthcare,36.6,76.5,68.5,2023,1,AA
Company_99,Healthcare,42.1,77.5,69.6,2024,1,AA
Company_99,Healthcare,46.5,78.1,69.3,2025,1,AA
Company_100,Manufacturing,17.6,85.2,56.8,2015,5,A
Company_100,Manufacturing,16.4,85.9,60.1,2016,5,A
Company_100,Manufacturing,15.0,89.0,58.5,2017,5,A
Company_100,Manufacturing,17.2,86.6,58.3,2018,5,A
Company_100,Manufacturing,14.8,88.4,57.7,2019,5,A
Company_100,Manufacturing,13.3,89.5,56.6,2020,5,A
Company_100,Manufacturing,12.3,91.1,58.2,2021,5,A
Company_100,Manufacturing,15.3,92.3,64.4,2022,5,A
Company_100,Manufacturing,16.7,91.8,65.1,2023,5,A
Company_100,Manufacturing,16.6,91.9,68.9,2024,5,A
Company_100,Manufacturing,16.1,92.9,72.5,2025,5,AA
Company_101,Energy,36.0,90.6,49.0,2015,6,A
Company_101,Energy,42.6,95.6,52.1,2016,6,AA
Company_101,Energy,45.2,95.1,55.1,2017,6,AA
Company_101,Energy,47.1,93.5,53.5,2018,6,AA
Company_101,Energy,46.9,91.3,52.8,2019,6,AA
Company_101,Energy,45.6,89.8,54.0,2020,6,AA
Company_101,Energy,48.5,89.7,52.0,2021,6,AA
Company_101,Energy,52.9,90.3,54.3,2022,6,AA
Company_101,Energy,53.5,91.4,53.7,2023,6,AA
Company_101,Energy,53.2,91.9,49.6,2024,6,AA
Company_101,Energy,53.2,96.7,44.6,2025,6,AA
Company_102,Retail,24.8,75.4,53.6,2015,0,A
Company_102,Retail,26.3,79.5,50.8,2016,0,A
Company_102,Retail,27.6,79.8,49.7,2017,0,A
Company_102,Retail,32.6,78.5,47.7,2018,0,A
Company_102,Retail,31.0,77.6,47.6,2019,0,A
Company_102,Retail,34.8,80.7,52.0,2020,0,A
Company_102,Retail,36.4,81.9,56.3,2021,0,A
Company_102,Retail,37.4,84.4,56.1,2022,0,A
Company_102,Retail,37.3,86.8,58.3,2023,0,AA
Company_102,Retail,37.3,88.3,55.4,2024,0,AA
Company_102,Retail,41.3,87.5,58.8,2025,0,AA
Company_103,Retail,78.0,39.6,35.9,2015,0,A
Company_103,Retail,80.6,41.7,36.3,2016,0,A
Company_103,Retail,78.6,41.4,37.8,2017,0,A
Company_103,Retail,79.1,44.5,39.1,2018,0,A
Company_103,Retail,80.1,43.1,39.1,2019,0,A
Company_103,Retail,77.2,43.6,40.8,2020,0,A
Company_103,Retail,77.9,44.6,43.3,2021,0,A
Company_103,Retail,75.5,44.9,42.5,2022,0,A
Company_103,Retail,80.5,45.7,41.1,2023,0,A
Company_103,Retail,81.1,44.8,46.7,2024,0,A
Company_103,Retail,82.0,46.4,44.1,2025,0,A
Company_104,Technology,67.9,56.6,77.5,2015,2,AA
Company_104,Technology,71.2,58.3,75.6,2016,2,AA
Company_104,Technology,72.6,57.5,75.4,2017,2,AA
Company_104,Technology,73.8,57.1,73.9,2018,2,AA
Company_104,Technology,71.3,57.0,73.5,2019,2,AA
Company_104,Technology,74.7,62.2,74.4,2020,2,AA
Company_104,Technology,78.1,57.0,75.8,2021,2,AA
Company_104,Technology,76.7,54.8,78.8,2022,2,AA
Company_104,Technology,77.3,55.0,79.7,2023,2,AA
Company_104,Technology,80.8,57.7,79.2,2024,2,AA
Company_104,Technology,80.2,57.0,80.5,2025,2,AA
Company_105,Finance,75.9,32.2,20.7,2015,0,BBB
Company_105,Finance,80.5,31.5,22.4,2016,0,BBB
Company_105,Finance,82.9,33.6,20.9,2017,0,BBB
Company_105,Finance,85.3,34.2,21.7,2018,0,BBB
Company_105,Finance,88.9,31.9,23.8,2019,0,BBB
Company_105,Finance,87.0,37.6,20.8,2020,0,BBB
Company_105,Finance,89.7,36.3,22.0,2021,0,BBB
Company_105,Finance,91.4,36.0,24.5,2022,0,A
Company_105,Finance,94.5,37.0,23.4,2023,0,A
Company_105,Finance,96.9,37.6,26.3,2024,0,A
Company_105,Finance,96.8,36.4,23.3,2025,0,A
Company_106,Manufacturing,7.4,93.8,97.1,2015,2,AA
Company_106,Manufacturing,5.5,95.0,98.4,2016,2,AA
Company_106,Manufacturing,1.5,95.1,100.0,2017,2,AA
Company_106,Manufacturing,2.1,98.9,99.6,2018,2,AA
Company_106,Manufacturing,4.1,100.0,96.3,2019,2,AA
Company_106,Manufacturing,6.0,97.6,99.5,2020,2,AA
Company_106,Manufacturing,9.1,97.8,100.0,2021,2,AA
Company_106,Manufacturing,11.2,100.0,100.0,2022,2,AA
Company_106,Manufacturing,10.0,96.2,100.0,2023,2,AA
Company_106,Manufacturing,12.7,98.0,100.0,2024,2,AA
Company_106,Manufacturing,12.2,97.4,98.7,2025,2,AA
Company_107,Finance,97.4,54.2,29.8,2015,1,AA
Company_107,Finance,98.7,53.1,30.2,2016,1,AA
Company_107,Finance,98.1,55.3,28.5,2017,1,AA
Company_107,Finance,100.0,55.4,28.0,2018,1,AA
Company_107,Finance,100.0,54.9,28.5,2019,1,AA
Company_107,Finance,100.0,55.2,31.9,2020,1,AA
Company_107,Finance,100.0,56.9,29.1,2021,1,AA
Company_107,Finance,100.0,58.0,28.3,2022,1,AA
Company_107,Finance,100.0,60.3,25.8,2023,1,AA
Company_107,Finance,100.0,60.4,25.7,2024,1,AA
Company_107,Finance,100.0,61.9,25.3,2025,1,AA
Company_108,Healthcare,67.1,57.0,76.2,2015,5,AA
Company_108,Healthcare,67.6,60.1,74.9,2016,5,AA
Company_108,Healthcare,67.4,60.9,76.0,2017,5,AA
Company_108,Healthcare,65.8,58.2,75.4,2018,5,AA
Company_108,Healthcare,66.3,63.7,73.2,2019,5,AA
Company_108,Healthcare,66.8,66.4,76.5,2020,5,AA
Company_108,Healthcare,67.9,66.4,78.7,2021,5,AA
Company_108,Healthcare,69.3,69.0,81.9,2022,5,AA
Company_108,Healthcare,68.5,73.4,82.0,2023,5,AA
Company_108,Healthcare,69.2,76.2,83.4,2024,5,AAA
Company_108,Healthcare,71.2,76.2,83.2,2025,5,AAA
Company_109,Energy,40.9,46.4,54.0,2015,0,BBB
Company_109,Energy,45.3,46.7,56.6,2016,0,BBB
Company_109,Energy,50.1,48.0,52.0,2017,0,A
Company_109,Energy,48.5,49.4,52.0,2018,0,BBB
Company_109,Energy,49.4,49.4,56.5,2019,0,A
Company_109,Energy,48.7,51.6,55.0,2020,0,A
Company_109,Energy,50.7,51.9,57.3,2021,0,A
Company_109,Energy,55.2,53.3,59.5,2022,0,A
Company_109,Energy,54.2,51.8,61.0,2023,0,A
Company_109,Energy,57.1,54.4,64.7,2024,0,A
Company_109,Energy,61.6,57.0,66.2,2025,0,AA
Company_110,Healthcare,56.3,9.1,15.6,2015,4,CCC
Company_110,Healthcare,57.2,8.4,12.8,2016,4,CCC
Company_110,Healthcare,56.4,8.9,15.0,2017,4,CCC
Company_110,Healthcare,53.5,6.4,16.8,2018,4,CCC
Company_110,Healthcare,52.7,4.9,18.0,2019,4,CCC
Company_110,Healthcare,53.3,9.4,17.6,2020,4,CCC
Company_110,Healthcare,54.6,11.7,16.2,2021,4,CCC
Company_110,Healthcare,55.8,11.8,13.1,2022,4,CCC
Company_110,Healthcare,54.9,9.0,14.3,2023,4,CCC
Company_110,Healthcare,55.8,6.4,15.6,2024,4,CCC
Company_110,Healthcare,57.1,7.8,15.0,2025,4,CCC
Company_111,Finance,88.6,13.6,13.4,2015,0,BB
Company_111,Finance,88.6,16.6,14.4,2016,0,BB
Company_111,Finance,91.8,13.8,17.5,2017,0,BBB
Company_111,Finance,92.8,14.6,18.1,2018,0,BBB
Company_111,Finance,95.1,13.1,20.3,2019,0,BBB
Company_111,Finance,96.3,15.6,22.1,2020,0,BBB
Company_111,Finance,97.4,13.5,22.5,2021,0,BBB
Company_111,Finance,99.7,10.9,20.9,2022,0,BBB
Company_111,Finance,100.0,12.0,21.1,2023,0,BBB
Company_111,Finance,100.0,8.4,21.1,2024,0,BBB
Company_111,Finance,100.0,7.9,23.5,2025,0,BBB
Company_112,Retail,20.2,28.2,95.6,2015,2,BBB
Company_112,Retail,19.2,29.2,93.9,2016,2,BBB
Company_112,Retail,24.0,30.1,98.5,2017,2,A
Company_112,Retail,26.8,32.4,98.8,2018,2,A
Company_112,Retail,29.6,34.6,98.3,2019,2,A
Company_112,Retail,29.1,35.9,99.6,2020,2,A
Company_112,Retail,31.0,39.0,98.1,2021,2,A
Company_112,Retail,32.1,42.1,99.5,2022,2,A
Company_112,Retail,34.3,43.3,98.8,2023,2,A
Company_112,Retail,34.1,45.8,100.0,2024,2,A
Company_112,Retail,34.4,47.3,100.0,2025,2,AA
Company_113,Manufacturing,11.6,37.3,12.0,2015,3,CCC
Company_113,Manufacturing,11.8,39.3,12.0,2016,3,CCC
Company_113,Manufacturing,9.1,39.9,15.8,2017,3,CCC
Company_113,Manufacturing,11.7,41.3,17.8,2018,3,CCC
Company_113,Manufacturing,15.1,39.9,15.6,2019,3,CCC
Company_113,Manufacturing,16.1,40.9,18.9,2020,3,CCC
Company_113,Manufacturing,16.6,40.7,20.1,2021,3,CCC
Company_113,Manufacturing,18.9,40.3,21.4,2022,3,CCC
Company_113,Manufacturing,20.3,39.7,20.7,2023,3,CCC
Company_113,Manufacturing,22.5,37.9,22.0,2024,3,CCC
Company_113,Manufacturing,25.6,37.6,20.7,2025,3,CCC
Company_114,Energy,66.4,66.7,75.2,2015,5,AA
Company_114,Energy,68.5,65.5,77.5,2016,5,AA
Company_114,Energy,70.3,66.4,78.7,2017,5,AA
Company_114,Energy,73.7,69.6,74.5,2018,5,AA
Company_114,Energy,78.9,67.4,76.6,2019,5,AA
Company_114,Energy,78.7,68.5,79.0,2020,5,AAA
Company_114,Energy,78.8,72.3,78.7,2021,5,AAA
Company_114,Energy,77.9,73.1,79.6,2022,5,AAA
Company_114,Energy,76.7,72.7,77.6,2023,5,AAA
Company_114,Energy,80.1,71.6,78.8,2024,5,AAA
Company_114,Energy,82.7,69.9,79.4,2025,5,AAA
Company_115,Consumer Goods,43.7,66.0,77.0,2015,2,AA
Company_115,Consumer Goods,45.1,65.3,77.7,2016,2,AA
Company_115,Consumer Goods,44.2,63.9,80.2,2017,2,AA
Company_115,Consumer Goods,43.5,62.6,79.0,2018,2,AA
Company_115,Consumer Goods,44.6,64.9,77.1,2019,2,AA
Company_115,Consumer Goods,41.7,65.3,73.6,2020,2,AA
Company_115,Consumer Goods,40.4,66.5,73.6,2021,2,AA
Company_115,Consumer Goods,44.3,65.2,72.0,2022,2,AA
Company_115,Consumer Goods,46.9,67.7,75.3,2023,2,AA
Company_115,Consumer Goods,51.3,70.3,76.5,2024,2,AA
Company_115,Consumer Goods,54.5,69.0,75.3,2025,2,AA
Company_116,Retail,45.8,24.5,42.4,2015,1,BB
Company_116,Retail,46.0,23.2,43.1,2016,1,BB
Company_116,Retail,49.3,23.6,43.3,2017,1,BB
Company_116,Retail,49.7,29.9,44.9,2018,1,BBB
Company_116,Retail,49.2,34.1,44.4,2019,1,BBB
Company_116,Retail,47.9,38.1,44.5,2020,1,BBB
Company_116,Retail,48.2,40.9,48.5,2021,1,BBB
Company_116,Retail,48.3,42.9,51.5,2022,1,BBB
Company_116,Retail,50.4,41.5,51.9,2023,1,BBB
Company_116,Retail,52.0,43.2,54.5,2024,1,BBB
Company_116,Retail,51.3,42.7,56.2,2025,1,A
Company_117,Retail,34.8,83.4,76.8,2015,1,AA
Company_117,Retail,32.5,87.5,79.4,2016,1,AA
Company_117,Retail,33.5,88.2,79.8,2017,1,AA
Company_117,Retail,35.2,85.4,79.7,2018,1,AA
Company_117,Retail,38.2,86.8,80.8,2019,1,AA
Company_117,Retail,37.8,88.1,78.5,2020,1,AA
Company_117,Retail,40.2,90.3,77.4,2021,1,AA
Company_117,Retail,42.4,91.4,78.3,2022,1,AA
Company_117,Retail,42.1,90.0,79.8,2023,1,AA
Company_117,Retail,43.4,93.8,80.8,2024,1,AA
Company_117,Retail,46.0,94.8,78.3,2025,1,AA
Company_118,Retail,84.6,53.3,59.2,2015,1,AA
Company_118,Retail,89.4,53.7,59.2,2016,1,AA
Company_118,Retail,89.8,55.2,55.8,2017,1,AA
Company_118,Retail,90.6,57.2,58.0,2018,1,AA
Company_118,Retail,89.3,62.1,55.4,2019,1,AA
Company_118,Retail,89.8,64.5,53.9,2020,1,AA
Company_118,Retail,90.3,64.0,55.0,2021,1,AA
Company_118,Retail,91.1,67.3,55.0,2022,1,AA
Company_118,Retail,91.7,65.4,50.7,2023,1,AA
Company_118,Retail,87.6,66.4,50.5,2024,1,AA
Company_118,Retail,85.7,66.6,52.1,2025,1,AA
Company_119,Consumer Goods,52.3,31.1,7.6,2015,4,BB
Company_119,Consumer Goods,51.7,33.0,11.0,2016,4,BB
Company_119,Consumer Goods,55.0,34.3,12.6,2017,4,BB
Company_119,Consumer Goods,53.6,35.2,14.3,2018,4,BB
Company_119,Consumer Goods,53.2,35.0,18.9,2019,4,BB
Company_119,Consumer Goods,54.3,35.0,17.1,2020,4,BB
Company_119,Consumer Goods,57.1,36.5,15.5,2021,4,BB
Company_119,Consumer Goods,59.1,38.3,16.8,2022,4,BB
Company_119,Consumer Goods,60.0,39.2,17.5,2023,4,BB
Company_119,Consumer Goods,61.7,39.8,17.5,2024,4,BB
Company_119,Consumer Goods,63.2,43.8,19.7,2025,4,BBB
Company_120,Consumer Goods,45.2,28.5,85.6,2015,1,A
Company_120,Consumer Goods,46.7,27.5,87.5,2016,1,A
Company_120,Consumer Goods,49.6,30.6,87.2,2017,1,A
Company_120,Consumer Goods,54.3,30.8,86.3,2018,1,A
Company_120,Consumer Goods,58.7,30.0,89.6,2019,1,A
Company_120,Consumer Goods,60.2,30.6,87.4,2020,1,A
Company_120,Consumer Goods,59.4,29.5,87.7,2021,1,A
Company_120,Consumer Goods,59.8,25.7,87.5,2022,1,A
Company_120,Consumer Goods,61.9,26.8,87.4,2023,1,A
Company_120,Consumer Goods,62.4,25.5,85.8,2024,1,A
Company_120,Consumer Goods,64.0,27.4,84.9,2025,1,A
Company_121,Retail,28.2,78.4,38.0,2015,6,BBB
Company_121,Retail,27.1,78.7,36.3,2016,6,BBB
Company_121,Retail,27.5,80.1,35.3,2017,6,BBB
Company_121,Retail,26.5,85.1,36.8,2018,6,BBB
Company_121,Retail,31.2,84.4,33.6,2019,6,BBB
Company_121,Retail,30.3,83.8,33.5,2020,6,BBB
Company_121,Retail,30.6,83.7,35.8,2021,6,A
Company_121,Retail,32.9,81.1,35.6,2022,6,BBB
Company_121,Retail,36.9,84.6,35.2,2023,6,A
Company_121,Retail,38.5,85.0,37.0,2024,6,A
Company_121,Retail,42.3,88.8,36.8,2025,6,A
Company_122,Energy,43.6,71.0,59.7,2015,2,A
Company_122,Energy,40.7,73.5,60.0,2016,2,A
Company_122,Energy,42.4,71.4,55.5,2017,2,A
Company_122,Energy,41.4,71.6,54.2,2018,2,A
Company_122,Energy,42.8,75.3,52.6,2019,2,A
Company_122,Energy,45.2,74.2,52.6,2020,2,A
Company_122,Energy,46.2,75.5,53.2,2021,2,A
Company_122,Energy,47.1,74.6,55.6,2022,2,A
Company_122,Energy,50.7,75.0,55.7,2023,2,AA
Company_122,Energy,49.4,75.9,56.2,2024,2,AA
Company_122,Energy,50.1,76.1,53.7,2025,2,A
Company_123,Technology,97.5,16.9,51.5,2015,4,A
Company_123,Technology,96.2,20.3,50.9,2016,4,A
Company_123,Technology,99.9,20.0,55.5,2017,4,A
Company_123,Technology,99.8,21.1,57.5,2018,4,A
Company_123,Technology,98.3,19.2,58.2,2019,4,A
Company_123,Technology,100.0,16.8,61.6,2020,4,A
Company_123,Technology,100.0,18.2,65.8,2021,4,AA
Company_123,Technology,100.0,23.8,66.7,2022,4,AA
Company_123,Technology,100.0,27.1,62.8,2023,4,AA
Company_123,Technology,100.0,29.3,64.5,2024,4,AA
Company_123,Technology,100.0,30.3,61.9,2025,4,AA
Company_124,Manufacturing,48.6,34.7,13.8,2015,0,BB
Company_124,Manufacturing,50.2,36.3,17.1,2016,0,BB
Company_124,Manufacturing,51.0,36.2,21.6,2017,0,BB
Company_124,Manufacturing,52.5,37.4,19.9,2018,0,BB
Company_124,Manufacturing,51.2,36.9,22.8,2019,0,BB
Company_124,Manufacturing,52.0,36.7,22.9,2020,0,BB
Company_124,Manufacturing,52.9,37.5,21.2,2021,0,BB
Company_124,Manufacturing,53.7,41.2,19.8,2022,0,BB
Company_124,Manufacturing,55.4,44.6,17.2,2023,0,BB
Company_124,Manufacturing,59.7,44.2,16.8,2024,0,BBB
Company_124,Manufacturing,57.3,43.7,19.5,2025,0,BBB
Company_125,Finance,93.4,20.3,3.3,2015,4,BB
Company_125,Finance,93.3,19.9,3.8,2016,4,BB
Company_125,Finance,94.1,22.7,1.7,2017,4,BB
Company_125,Finance,94.9,23.7,1.3,2018,4,BB
Company_125,Finance,95.8,25.0,0.0,2019,4,BBB
Company_125,Finance,97.6,24.1,0.0,2020,4,BBB
Company_125,Finance,98.2,22.9,0.0,2021,4,BBB
Company_125,Finance,96.7,22.6,0.0,2022,4,BB
Company_125,Finance,96.5,22.7,0.0,2023,4,BB
Company_125,Finance,100.0,25.0,0.0,2024,4,BBB
Company_125,Finance,99.8,24.6,1.3,2025,4,BBB
Company_126,Manufacturing,16.7,65.7,44.5,2015,6,BBB
Company_126,Manufacturing,16.3,64.7,44.2,2016,6,BBB
Company_126,Manufacturing,18.3,61.7,46.7,2017,6,BBB
Company_126,Manufacturing,20.1,58.9,50.9,2018,6,BBB
Company_126,Manufacturing,23.2,59.2,51.1,2019,6,BBB
Company_126,Manufacturing,22.2,57.0,48.7,2020,6,BBB
Company_126,Manufacturing,22.3,56.7,49.4,2021,6,BBB
Company_126,Manufacturing,24.1,58.2,49.5,2022,6,BBB
Company_126,Manufacturing,23.9,60.4,51.0,2023,6,BBB
Company_126,Manufacturing,24.5,61.1,53.1,2024,6,BBB
Company_126,Manufacturing,25.6,61.3,54.3,2025,6,BBB
Company_127,Consumer Goods,63.2,42.4,67.9,2015,1,A
Company_127,Consumer Goods,64.2,43.2,70.6,2016,1,A
Company_127,Consumer Goods,67.8,43.6,73.5,2017,1,AA
Company_127,Consumer Goods,67.7,44.8,72.4,2018,1,AA
Company_127,Consumer Goods,71.1,41.1,72.8,2019,1,AA
Company_127,Consumer Goods,70.7,42.3,71.7,2020,1,AA
Company_127,Consumer Goods,73.3,37.5,70.6,2021,1,AA
Company_127,Consumer Goods,75.6,37.1,70.0,2022,1,AA
Company_127,Consumer Goods,75.8,37.5,69.7,2023,1,AA
Company_127,Consumer Goods,74.4,37.1,69.4,2024,1,AA
Company_127,Consumer Goods,73.6,36.9,68.9,2025,1,A
Company_128,Utilities,46.1,30.7,13.0,2015,0,CCC
Company_128,Utilities,46.3,30.6,12.2,2016,0,CCC
Company_128,Utilities,46.9,33.3,12.6,2017,0,BB
Company_128,Utilities,47.1,31.9,13.2,2018,0,BB
Company_128,Utilities,49.1,31.2,14.5,2019,0,BB
Company_128,Utilities,47.5,33.2,13.5,2020,0,BB
Company_128,Utilities,48.2,35.9,15.5,2021,0,BB
Company_128,Utilities,50.2,39.2,12.3,2022,0,BB
Company_128,Utilities,47.8,43.9,12.8,2023,0,BB
Company_128,Utilities,47.3,44.6,15.4,2024,0,BB
Company_128,Utilities,49.4,42.7,17.9,2025,0,BB
Company_129,Healthcare,58.2,17.0,58.1,2015,0,BBB
Company_129,Healthcare,55.5,16.0,57.8,2016,0,BBB
Company_129,Healthcare,56.0,18.4,57.8,2017,0,BBB
Company_129,Healthcare,57.9,21.9,57.2,2018,0,BBB
Company_129,Healthcare,56.0,24.3,62.1,2019,0,BBB
Company_129,Healthcare,57.7,26.9,61.6,2020,0,BBB
Company_129,Healthcare,59.9,24.3,60.9,2021,0,BBB
Company_129,Healthcare,59.6,21.4,61.4,2022,0,BBB
Company_129,Healthcare,62.5,24.7,61.6,2023,0,BBB
Company_129,Healthcare,68.0,23.0,61.8,2024,0,A
Company_129,Healthcare,67.5,22.4,61.6,2025,0,A
Company_130,Manufacturing,6.1,30.2,47.0,2015,1,CCC
Company_130,Manufacturing,7.3,27.2,50.6,2016,1,CCC
Company_130,Manufacturing,7.3,27.1,50.6,2017,1,CCC
Company_130,Manufacturing,9.0,23.8,48.5,2018,1,CCC
Company_130,Manufacturing,10.1,26.7,46.5,2019,1,CCC
Company_130,Manufacturing,12.1,28.8,46.9,2020,1,CCC
Company_130,Manufacturing,14.6,31.2,48.9,2021,1,BB
Company_130,Manufacturing,15.7,32.8,53.2,2022,1,BB
Company_130,Manufacturing,16.1,31.8,52.5,2023,1,BB
Company_130,Manufacturing,16.6,29.9,51.6,2024,1,BB
Company_130,Manufacturing,17.8,29.6,53.3,2025,1,BB
Company_131,Finance,86.3,88.1,33.7,2015,3,AA
Company_131,Finance,86.5,86.6,36.6,2016,3,AA
Company_131,Finance,85.5,90.3,37.7,2017,3,AA
Company_131,Finance,83.7,92.3,39.7,2018,3,AA
Company_131,Finance,80.9,89.8,40.2,2019,3,AA
Company_131,Finance,81.3,88.6,41.1,2020,3,AA
Company_131,Finance,84.7,86.1,41.1,2021,3,AA
Company_131,Finance,85.8,88.2,44.6,2022,3,AA
Company_131,Finance,84.7,90.0,42.5,2023,3,AA
Company_131,Finance,85.5,87.9,43.8,2024,3,AA
Company_131,Finance,86.7,88.5,42.8,2025,3,AA
Company_132,Consumer Goods,73.7,66.8,42.1,2015,6,AA
Company_132,Consumer Goods,73.0,65.0,42.5,2016,6,AA
Company_132,Consumer Goods,73.3,63.1,43.5,2017,6,A
Company_132,Consumer Goods,73.8,62.8,40.2,2018,6,A
Company_132,Consumer Goods,76.3,62.1,41.5,2019,6,A
Company_132,Consumer Goods,81.3,67.2,39.2,2020,6,AA
Company_132,Consumer Goods,82.6,71.2,41.1,2021,6,AA
Company_132,Consumer Goods,81.2,71.0,43.6,2022,6,AA
Company_132,Consumer Goods,83.1,69.0,45.8,2023,6,AA
Company_132,Consumer Goods,86.4,69.6,44.1,2024,6,AA
Company_132,Consumer Goods,86.0,68.0,41.7,2025,6,AA
Company_133,Consumer Goods,27.1,79.7,87.0,2015,2,AA
Company_133,Consumer Goods,27.7,82.6,88.7,2016,2,AA
Company_133,Consumer Goods,31.0,81.5,86.3,2017,2,AA
Company_133,Consumer Goods,31.3,77.5,88.9,2018,2,AA
Company_133,Consumer Goods,31.3,80.6,89.2,2019,2,AA
Company_133,Consumer Goods,32.3,83.6,89.7,2020,2,AA
Company_133,Consumer Goods,32.1,84.6,91.7,2021,2,AA
Company_133,Consumer Goods,30.2,88.8,92.4,2022,2,AA
Company_133,Consumer Goods,31.9,89.6,92.5,2023,2,AA
Company_133,Consumer Goods,32.6,87.2,91.5,2024,2,AA
Company_133,Consumer Goods,34.2,89.6,91.4,2025,2,AA
Company_134,Healthcare,70.4,56.6,60.1,2015,1,AA
Company_134,Healthcare,70.0,55.4,61.0,2016,1,AA
Company_134,Healthcare,73.8,53.7,61.5,2017,1,AA
Company_134,Healthcare,78.7,54.9,63.7,2018,1,AA
Company_134,Healthcare,80.6,56.7,64.8,2019,1,AA
Company_134,Healthcare,81.8,55.9,65.2,2020,1,AA
Company_134,Healthcare,80.9,56.5,64.6,2021,1,AA
Company_134,Healthcare,82.2,57.5,64.1,2022,1,AA
Company_134,Healthcare,81.9,58.1,64.8,2023,1,AA
Company_134,Healthcare,81.3,58.4,68.8,2024,1,AA
Company_134,Healthcare,83.2,54.2,68.1,2025,1,AA
Company_135,Transportation,16.8,61.8,58.3,2015,1,BBB
Company_135,Transportation,15.3,65.5,59.8,2016,1,BBB
Company_135,Transportation,19.8,66.6,61.7,2017,1,BBB
Company_135,Transportation,23.4,70.5,60.4,2018,1,A
Company_135,Transportation,25.7,69.0,60.6,2019,1,A
Company_135,Transportation,25.0,67.5,59.5,2020,1,A
Company_135,Transportation,29.2,70.1,58.6,2021,1,A
Company_135,Transportation,29.3,69.2,58.5,2022,1,A
Company_135,Transportation,28.7,71.7,60.6,2023,1,A
Company_135,Transportation,27.9,69.6,60.1,2024,1,A
Company_135,Transportation,29.9,68.2,64.4,2025,1,A
Company_136,Manufacturing,53.5,40.9,49.4,2015,3,BBB
Company_136,Manufacturing,52.4,41.7,51.6,2016,3,BBB
Company_136,Manufacturing,52.1,43.1,52.5,2017,3,BBB
Company_136,Manufacturing,51.0,42.2,55.2,2018,3,BBB
Company_136,Manufacturing,50.6,43.6,52.9,2019,3,BBB
Company_136,Manufacturing,50.8,49.4,52.7,2020,3,A
Company_136,Manufacturing,52.9,51.9,54.1,2021,3,A
Company_136,Manufacturing,52.1,51.5,52.1,2022,3,A
Company_136,Manufacturing,54.3,53.2,53.0,2023,3,A
Company_136,Manufacturing,53.0,54.5,52.3,2024,3,A
Company_136,Manufacturing,53.3,54.8,56.0,2025,3,A
Company_137,Manufacturing,12.7,26.7,79.8,2015,6,BB
Company_137,Manufacturing,15.2,28.9,80.7,2016,6,BBB
Company_137,Manufacturing,14.6,29.9,81.6,2017,6,BBB
Company_137,Manufacturing,15.8,34.0,79.4,2018,6,BBB
Company_137,Manufacturing,17.6,33.6,78.2,2019,6,BBB
Company_137,Manufacturing,22.4,35.4,76.6,2020,6,BBB
Company_137,Manufacturing,24.2,35.4,78.3,2021,6,BBB
Company_137,Manufacturing,22.8,38.7,78.7,2022,6,BBB
Company_137,Manufacturing,25.3,35.4,77.9,2023,6,BBB
Company_137,Manufacturing,27.1,38.9,77.1,2024,6,BBB
Company_137,Manufacturing,28.3,38.1,82.8,2025,6,BBB
Company_138,Energy,39.9,62.4,32.9,2015,3,BBB
Company_138,Energy,43.0,62.4,30.2,2016,3,BBB
Company_138,Energy,42.8,64.0,30.1,2017,3,BBB
Company_138,Energy,45.4,60.9,29.1,2018,3,BBB
Company_138,Energy,48.0,62.6,25.0,2019,3,BBB
Company_138,Energy,49.9,63.5,26.8,2020,3,BBB
Company_138,Energy,50.8,65.4,23.6,2021,3,BBB
Company_138,Energy,51.4,65.1,26.8,2022,3,BBB
Company_138,Energy,51.0,67.5,28.6,2023,3,BBB
Company_138,Energy,53.0,69.8,26.5,2024,3,BBB
Company_138,Energy,54.2,69.2,23.3,2025,3,BBB
Company_139,Retail,65.8,48.5,67.8,2015,2,AA
Company_139,Retail,67.7,48.6,70.6,2016,2,AA
Company_139,Retail,67.5,48.4,69.7,2017,2,AA
Company_139,Retail,73.8,47.5,72.7,2018,2,AA
Company_139,Retail,75.9,48.3,73.5,2019,2,AA
Company_139,Retail,75.9,48.6,76.3,2020,2,AA
Company_139,Retail,73.8,49.9,80.0,2021,2,AA
Company_139,Retail,75.8,49.8,81.1,2022,2,AA
Company_139,Retail,73.4,48.0,79.9,2023,2,AA
Company_139,Retail,78.6,44.6,81.3,2024,2,AA
Company_139,Retail,78.5,45.8,81.0,2025,2,AA
Company_140,Manufacturing,5.4,33.8,62.9,2015,2,BB
Company_140,Manufacturing,1.6,36.3,63.5,2016,2,BB
Company_140,Manufacturing,0.4,35.8,65.8,2017,2,BB
Company_140,Manufacturing,0.8,33.2,67.6,2018,2,BB
Company_140,Manufacturing,0.3,35.1,66.3,2019,2,BB
Company_140,Manufacturing,2.6,38.0,67.3,2020,2,BB
Company_140,Manufacturing,7.1,38.2,65.1,2021,2,BB
Company_140,Manufacturing,10.3,39.6,63.9,2022,2,BB
Company_140,Manufacturing,11.6,39.7,65.8,2023,2,BB
Company_140,Manufacturing,14.7,42.2,68.7,2024,2,BBB
Company_140,Manufacturing,12.2,37.7,69.9,2025,2,BB
Company_141,Energy,35.1,3.1,2.3,2015,0,CCC
Company_141,Energy,37.9,3.8,3.0,2016,0,CCC
Company_141,Energy,40.3,6.1,4.9,2017,0,CCC
Company_141,Energy,42.4,6.7,4.3,2018,0,CCC
Company_141,Energy,43.8,6.1,4.5,2019,0,CCC
Company_141,Energy,41.3,5.4,2.4,2020,0,CCC
Company_141,Energy,41.0,4.1,3.3,2021,0,CCC
Company_141,Energy,39.0,5.1,5.2,2022,0,CCC
Company_141,Energy,42.0,2.6,5.6,2023,0,CCC
Company_141,Energy,44.1,0.0,4.4,2024,0,CCC
Company_141,Energy,47.2,0.0,6.3,2025,0,CCC
Company_142,Finance,97.4,41.0,50.8,2015,5,AA
Company_142,Finance,97.4,43.1,49.1,2016,5,AA
Company_142,Finance,100.0,41.8,51.8,2017,5,AA
Company_142,Finance,100.0,39.7,49.4,2018,5,AA
Company_142,Finance,100.0,41.1,51.2,2019,5,AA
Company_142,Finance,100.0,42.9,52.2,2020,5,AA
Company_142,Finance,100.0,45.2,54.2,2021,5,AA
Company_142,Finance,99.3,45.4,52.1,2022,5,AA
Company_142,Finance,99.7,45.6,50.5,2023,5,AA
Company_142,Finance,99.8,47.9,48.6,2024,5,AA
Company_142,Finance,97.7,49.3,51.1,2025,5,AA
Company_143,Consumer Goods,83.4,50.6,55.6,2015,6,AA
Company_143,Consumer Goods,81.6,52.0,51.1,2016,6,AA
Company_143,Consumer Goods,84.1,54.5,56.4,2017,6,AA
Company_143,Consumer Goods,86.5,53.8,57.8,2018,6,AA
Company_143,Consumer Goods,88.4,53.1,58.7,2019,6,AA
Company_143,Consumer Goods,90.2,55.0,61.8,2020,6,AA
Company_143,Consumer Goods,87.7,55.7,62.7,2021,6,AA
Company_143,Consumer Goods,87.5,59.4,64.7,2022,6,AA
Company_143,Consumer Goods,92.3,61.9,66.7,2023,6,AA
Company_143,Consumer Goods,95.8,63.6,65.3,2024,6,AA
Company_143,Consumer Goods,96.1,63.7,69.6,2025,6,AAA
Company_144,Utilities,12.3,88.9,48.3,2015,6,BBB
Company_144,Utilities,11.8,87.7,50.1,2016,6,BBB
Company_144,Utilities,15.6,87.8,50.6,2017,6,A
Company_144,Utilities,16.9,91.3,56.3,2018,6,A
Company_144,Utilities,18.1,91.5,54.5,2019,6,A
Company_144,Utilities,16.3,92.5,51.2,2020,6,A
Company_144,Utilities,17.8,92.6,49.1,2021,6,A
Company_144,Utilities,19.2,91.2,48.0,2022,6,A
Company_144,Utilities,22.7,93.9,51.2,2023,6,A
Company_144,Utilities,25.3,94.5,51.1,2024,6,A
Company_144,Utilities,24.1,97.4,52.5,2025,6,A
Company_145,Energy,3.2,58.5,22.7,2015,4,CCC
Company_145,Energy,2.8,59.8,21.6,2016,4,CCC
Company_145,Energy,5.7,63.7,24.9,2017,4,BB
Company_145,Energy,5.0,66.4,28.1,2018,4,BB
Company_145,Energy,4.5,68.8,26.0,2019,4,BB
Company_145,Energy,7.2,69.9,29.4,2020,4,BB
Company_145,Energy,8.6,71.0,28.5,2021,4,BB
Company_145,Energy,11.6,75.4,30.3,2022,4,BB
Company_145,Energy,14.5,77.3,30.1,2023,4,BBB
Company_145,Energy,12.8,76.4,31.2,2024,4,BBB
Company_145,Energy,14.5,75.8,31.9,2025,4,BBB
Company_146,Consumer Goods,37.8,32.3,74.2,2015,0,BBB
Company_146,Consumer Goods,38.8,34.1,71.5,2016,0,BBB
Company_146,Consumer Goods,36.7,32.6,71.2,2017,0,BBB
Company_146,Consumer Goods,34.8,32.7,71.4,2018,0,BBB
Company_146,Consumer Goods,36.7,35.7,72.5,2019,0,BBB
Company_146,Consumer Goods,37.4,32.5,73.7,2020,0,BBB
Company_146,Consumer Goods,36.0,27.0,73.9,2021,0,BBB
Company_146,Consumer Goods,42.1,26.3,76.5,2022,0,BBB
Company_146,Consumer Goods,42.7,29.0,80.0,2023,0,A
Company_146,Consumer Goods,43.0,31.0,80.5,2024,0,A
Company_146,Consumer Goods,42.0,30.1,80.4,2025,0,A
Company_147,Energy,44.5,67.9,29.3,2015,3,BBB
Company_147,Energy,46.3,68.8,27.1,2016,3,BBB
Company_147,Energy,47.0,70.9,24.0,2017,3,BBB
Company_147,Energy,50.7,71.3,23.8,2018,3,BBB
Company_147,Energy,50.8,73.1,19.7,2019,3,BBB
Company_147,Energy,50.2,71.2,20.8,2020,3,BBB
Company_147,Energy,49.5,70.9,24.3,2021,3,BBB
Company_147,Energy,48.0,72.3,26.6,2022,3,BBB
Company_147,Energy,49.7,69.5,30.0,2023,3,BBB
Company_147,Energy,47.2,70.4,30.3,2024,3,BBB
Company_147,Energy,47.7,70.6,31.1,2025,3,BBB
Company_148,Healthcare,39.7,66.9,9.9,2015,4,BB
Company_148,Healthcare,40.2,66.2,11.6,2016,4,BB
Company_148,Healthcare,39.8,64.8,17.8,2017,4,BBB
Company_148,Healthcare,42.3,64.3,19.7,2018,4,BBB
Company_148,Healthcare,44.7,61.1,24.5,2019,4,BBB
Company_148,Healthcare,46.0,61.2,25.8,2020,4,BBB
Company_148,Healthcare,51.2,61.8,27.7,2021,4,BBB
Company_148,Healthcare,49.9,62.3,27.5,2022,4,BBB
Company_148,Healthcare,51.4,63.5,27.8,2023,4,BBB
Company_148,Healthcare,49.5,64.1,26.4,2024,4,BBB
Company_148,Healthcare,54.5,70.1,26.4,2025,4,A
Company_149,Technology,85.5,40.9,30.3,2015,0,A
Company_149,Technology,86.7,41.4,30.6,2016,0,A
Company_149,Technology,87.0,43.6,28.2,2017,0,A
Company_149,Technology,85.4,41.9,27.6,2018,0,A
Company_149,Technology,87.1,41.2,26.4,2019,0,A
Company_149,Technology,83.6,38.9,31.2,2020,0,A
Company_149,Technology,84.0,40.9,33.4,2021,0,A
Company_149,Technology,88.3,40.9,32.2,2022,0,A
Company_149,Technology,91.0,45.1,32.1,2023,0,A
Company_149,Technology,91.9,44.3,30.8,2024,0,A
Company_149,Technology,90.3,45.6,31.5,2025,0,A
Company_150,Manufacturing,33.8,94.2,58.6,2015,5,AA
Company_150,Manufacturing,33.4,91.5,56.9,2016,5,AA
Company_150,Manufacturing,34.8,90.8,56.9,2017,5,AA
Company_150,Manufacturing,36.9,90.4,60.1,2018,5,AA
Company_150,Manufacturing,37.8,91.0,61.6,2019,5,AA
Company_150,Manufacturing,38.6,91.8,60.9,2020,5,AA
Company_150,Manufacturing,40.0,94.7,64.9,2021,5,AA
Company_150,Manufacturing,42.1,94.2,65.0,2022,5,AA
Company_150,Manufacturing,45.0,95.8,65.6,2023,5,AA
Company_150,Manufacturing,48.2,98.3,66.9,2024,5,AA
Company_150,Manufacturing,49.8,97.0,69.5,2025,5,AA
Company_151,Healthcare,47.4,55.0,8.9,2015,3,BB
Company_151,Healthcare,49.1,52.4,5.5,2016,3,BB
Company_151,Healthcare,49.3,52.6,7.3,2017,3,BB
Company_151,Healthcare,48.4,55.4,1.6,2018,3,BB
Company_151,Healthcare,49.1,55.6,3.9,2019,3,BB
Company_151,Healthcare,49.5,58.2,5.0,2020,3,BB
Company_151,Healthcare,43.7,57.8,7.0,2021,3,BB
Company_151,Healthcare,42.7,57.6,9.0,2022,3,BB
Company_151,Healthcare,43.1,56.8,8.8,2023,3,BB
Company_151,Healthcare,47.6,55.0,13.0,2024,3,BB
Company_151,Healthcare,49.5,54.3,14.5,2025,3,BB
Company_152,Technology,88.9,66.4,26.6,2015,3,AA
Company_152,Technology,90.5,65.7,27.5,2016,3,AA
Company_152,Technology,91.8,67.1,27.0,2017,3,AA
Company_152,Technology,95.4,67.4,27.9,2018,3,AA
Company_152,Technology,95.9,69.0,30.0,2019,3,AA
Company_152,Technology,96.0,67.4,29.4,2020,3,AA
Company_152,Technology,94.3,69.8,30.2,2021,3,AA
Company_152,Technology,99.0,69.3,29.3,2022,3,AA
Company_152,Technology,100.0,69.8,29.4,2023,3,AA
Company_152,Technology,100.0,69.6,29.3,2024,3,AA
Company_152,Technology,99.5,73.4,27.5,2025,3,AA
Company_153,Consumer Goods,41.7,67.2,65.7,2015,6,A
Company_153,Consumer Goods,38.4,67.0,65.6,2016,6,A
Company_153,Consumer Goods,39.1,65.4,64.4,2017,6,A
Company_153,Consumer Goods,38.4,67.5,64.2,2018,6,A
Company_153,Consumer Goods,39.3,66.4,65.4,2019,6,A
Company_153,Consumer Goods,43.5,67.6,66.6,2020,6,A
Company_153,Consumer Goods,44.7,69.4,65.5,2021,6,A
Company_153,Consumer Goods,46.4,67.3,68.8,2022,6,AA
Company_153,Consumer Goods,47.3,66.8,68.3,2023,6,AA
Company_153,Consumer Goods,47.4,70.8,64.8,2024,6,AA
Company_153,Consumer Goods,51.5,74.0,66.8,2025,6,AA
Company_154,Manufacturing,36.0,45.4,58.7,2015,1,BBB
Company_154,Manufacturing,38.8,45.4,65.4,2016,1,BBB
Company_154,Manufacturing,37.2,43.1,63.1,2017,1,BBB
Company_154,Manufacturing,36.7,45.1,61.0,2018,1,BBB
Company_154,Manufacturing,39.4,46.7,56.7,2019,1,BBB
Company_154,Manufacturing,39.9,47.3,55.8,2020,1,BBB
Company_154,Manufacturing,40.7,46.5,54.1,2021,1,BBB
Company_154,Manufacturing,42.0,46.3,57.4,2022,1,BBB
Company_154,Manufacturing,41.6,47.6,58.4,2023,1,BBB
Company_154,Manufacturing,44.7,47.9,60.1,2024,1,A
Company_154,Manufacturing,46.0,47.9,59.9,2025,1,A
Company_155,Finance,61.7,91.7,40.2,2015,3,AA
Company_155,Finance,59.9,93.4,39.9,2016,3,AA
Company_155,Finance,57.6,92.6,37.1,2017,3,AA
Company_155,Finance,62.4,94.8,36.2,2018,3,AA
Company_155,Finance,64.3,95.2,31.5,2019,3,AA
Company_155,Finance,64.8,95.9,34.5,2020,3,AA
Company_155,Finance,65.5,97.0,35.8,2021,3,AA
Company_155,Finance,68.8,97.7,33.7,2022,3,AA
Company_155,Finance,70.5,98.0,31.2,2023,3,AA
Company_155,Finance,70.2,100.0,30.1,2024,3,AA
Company_155,Finance,73.8,99.8,30.1,2025,3,AA
Company_156,Technology,99.8,68.5,19.1,2015,1,AA
Company_156,Technology,100.0,68.2,17.7,2016,1,AA
Company_156,Technology,100.0,65.4,18.3,2017,1,AA
Company_156,Technology,99.5,63.1,18.7,2018,1,AA
Company_156,Technology,100.0,65.1,18.6,2019,1,AA
Company_156,Technology,97.4,64.5,14.0,2020,1,A
Company_156,Technology,97.4,64.4,15.3,2021,1,A
Company_156,Technology,98.5,63.6,15.1,2022,1,A
Company_156,Technology,99.3,65.2,11.9,2023,1,A
Company_156,Technology,100.0,67.0,14.6,2024,1,AA
Company_156,Technology,100.0,66.2,14.4,2025,1,AA
Company_157,Consumer Goods,85.0,88.5,86.4,2015,2,AAA
Company_157,Consumer Goods,83.5,86.0,83.9,2016,2,AAA
Company_157,Consumer Goods,85.5,91.4,87.4,2017,2,AAA
Company_157,Consumer Goods,86.7,94.7,84.2,2018,2,AAA
Company_157,Consumer Goods,88.1,95.8,86.9,2019,2,AAA
Company_157,Consumer Goods,87.4,95.3,87.9,2020,2,AAA
Company_157,Consumer Goods,91.7,95.4,88.6,2021,2,AAA
Company_157,Consumer Goods,98.6,96.8,88.8,2022,2,AAA
Company_157,Consumer Goods,96.6,100.0,87.6,2023,2,AAA
Company_157,Consumer Goods,94.8,100.0,87.5,2024,2,AAA
Company_157,Consumer Goods,99.1,100.0,87.2,2025,2,AAA
Company_158,Energy,22.4,90.0,39.8,2015,6,A
Company_158,Energy,21.8,93.2,40.2,2016,6,A
Company_158,Energy,22.6,90.7,42.7,2017,6,A
Company_158,Energy,23.2,88.8,45.0,2018,6,A
Company_158,Energy,24.5,89.8,47.4,2019,6,A
Company_158,Energy,28.2,93.5,46.1,2020,6,A
Company_158,Energy,27.8,94.3,48.6,2021,6,A
Company_158,Energy,28.2,92.4,50.3,2022,6,A
Company_158,Energy,26.0,91.0,49.8,2023,6,A
Company_158,Energy,29.3,91.6,49.5,2024,6,A
Company_158,Energy,31.3,91.1,49.5,2025,6,A
Company_159,Consumer Goods,44.1,65.1,95.0,2015,5,AA
Company_159,Consumer Goods,46.9,66.9,96.4,2016,5,AA
Company_159,Consumer Goods,44.6,64.2,99.9,2017,5,AA
Company_159,Consumer Goods,45.8,68.2,100.0,2018,5,AA
Company_159,Consumer Goods,48.4,69.0,100.0,2019,5,AA
Company_159,Consumer Goods,49.4,67.4,96.6,2020,5,AA
Company_159,Consumer Goods,51.3,67.7,100.0,2021,5,AA
Company_159,Consumer Goods,52.2,67.0,96.8,2022,5,AA
Company_159,Consumer Goods,53.6,69.3,93.9,2023,5,AA
Company_159,Consumer Goods,51.5,72.9,97.5,2024,5,AA
Company_159,Consumer Goods,51.4,71.5,94.6,2025,5,AA
Company_160,Utilities,37.5,23.1,69.8,2015,3,BBB
Company_160,Utilities,39.4,25.0,72.8,2016,3,BBB
Company_160,Utilities,41.3,28.7,71.8,2017,3,BBB
Company_160,Utilities,48.0,29.1,73.0,2018,3,A
Company_160,Utilities,46.7,31.5,72.9,2019,3,A
Company_160,Utilities,49.1,27.4,73.0,2020,3,BBB
Company_160,Utilities,50.5,29.4,72.6,2021,3,A
Company_160,Utilities,51.3,29.1,73.2,2022,3,A
Company_160,Utilities,50.2,30.1,69.6,2023,3,BBB
Company_160,Utilities,51.1,34.0,69.7,2024,3,A
Company_160,Utilities,51.5,34.4,69.5,2025,3,A
Company_161,Technology,97.6,71.2,57.6,2015,2,AAA
Company_161,Technology,95.4,70.3,57.7,2016,2,AA
Company_161,Technology,96.7,71.1,55.9,2017,2,AA
Company_161,Technology,99.0,71.5,54.3,2018,2,AA
Company_161,Technology,94.1,69.1,55.4,2019,2,AA
Company_161,Technology,94.6,67.7,54.8,2020,2,AA
Company_161,Technology,93.2,66.9,56.2,2021,2,AA
Company_161,Technology,92.4,69.3,56.7,2022,2,AA
Company_161,Technology,91.3,73.2,58.1,2023,2,AA
Company_161,Technology,92.8,71.6,60.1,2024,2,AA
Company_161,Technology,91.3,75.1,60.4,2025,2,AAA
Company_162,Technology,86.8,27.7,90.9,2015,5,AA
Company_162,Technology,87.6,25.8,89.4,2016,5,AA
Company_162,Technology,89.7,25.1,89.3,2017,5,AA
Company_162,Technology,94.3,26.1,86.9,2018,5,AA
Company_162,Technology,97.6,25.7,91.7,2019,5,AA
Company_162,Technology,100.0,21.2,91.6,2020,5,AA
Company_162,Technology,100.0,21.9,92.2,2021,5,AA
Company_162,Technology,100.0,21.4,89.8,2022,5,AA
Company_162,Technology,100.0,22.3,88.4,2023,5,AA
Company_162,Technology,99.5,22.1,88.8,2024,5,AA
Company_162,Technology,100.0,21.6,90.9,2025,5,AA
Company_163,Energy,23.3,36.3,80.4,2015,1,BBB
Company_163,Energy,21.0,39.4,79.5,2016,1,BBB
Company_163,Energy,21.3,40.5,79.8,2017,1,BBB
Company_163,Energy,24.0,43.2,81.0,2018,1,BBB
Company_163,Energy,26.7,45.8,80.2,2019,1,A
Company_163,Energy,24.6,46.1,83.8,2020,1,A
Company_163,Energy,24.2,47.3,83.6,2021,1,A
Company_163,Energy,24.7,48.5,88.2,2022,1,A
Company_163,Energy,25.7,52.3,90.1,2023,1,A
Company_163,Energy,26.2,49.4,91.0,2024,1,A
Company_163,Energy,25.8,51.5,92.6,2025,1,A
Company_164,Retail,55.3,87.8,51.6,2015,6,AA
Company_164,Retail,54.0,87.2,52.1,2016,6,AA
Company_164,Retail,54.1,88.7,51.9,2017,6,AA
Company_164,Retail,56.1,88.7,49.1,2018,6,AA
Company_164,Retail,56.8,90.8,52.0,2019,6,AA
Company_164,Retail,58.4,91.7,52.0,2020,6,AA
Company_164,Retail,57.1,90.0,53.3,2021,6,AA
Company_164,Retail,59.5,89.2,54.7,2022,6,AA
Company_164,Retail,62.9,87.5,56.6,2023,6,AA
Company_164,Retail,65.3,89.6,54.1,2024,6,AA
Company_164,Retail,64.9,89.9,54.4,2025,6,AA
Company_165,Manufacturing,13.2,57.5,18.0,2015,3,CCC
Company_165,Manufacturing,14.8,60.9,18.9,2016,3,BB
Company_165,Manufacturing,16.0,59.1,16.3,2017,3,BB
Company_165,Manufacturing,15.4,59.1,15.7,2018,3,BB
Company_165,Manufacturing,16.6,57.7,18.9,2019,3,BB
Company_165,Manufacturing,16.4,56.3,17.1,2020,3,CCC
Company_165,Manufacturing,18.2,58.7,18.0,2021,3,BB
Company_165,Manufacturing,22.0,59.8,21.2,2022,3,BB
Company_165,Manufacturing,23.5,61.5,23.4,2023,3,BB
Company_165,Manufacturing,24.1,64.9,22.7,2024,3,BB
Company_165,Manufacturing,22.7,67.0,26.5,2025,3,BB
Company_166,Energy,35.2,77.2,19.5,2015,3,BBB
Company_166,Energy,32.3,78.0,21.4,2016,3,BBB
Company_166,Energy,35.1,80.3,25.8,2017,3,BBB
Company_166,Energy,36.1,81.5,25.9,2018,3,BBB
Company_166,Energy,37.1,82.7,24.8,2019,3,BBB
Company_166,Energy,37.9,80.7,29.2,2020,3,BBB
Company_166,Energy,37.9,85.4,29.3,2021,3,A
Company_166,Energy,39.6,85.1,34.2,2022,3,A
Company_166,Energy,40.6,86.4,30.9,2023,3,A
Company_166,Energy,36.6,86.9,33.0,2024,3,A
Company_166,Energy,39.9,84.4,28.9,2025,3,A
Company_167,Energy,7.6,62.5,45.0,2015,5,BB
Company_167,Energy,9.8,64.0,44.3,2016,5,BB
Company_167,Energy,13.1,66.0,41.6,2017,5,BBB
Company_167,Energy,11.8,66.6,40.8,2018,5,BB
Company_167,Energy,14.0,67.9,45.5,2019,5,BBB
Company_167,Energy,12.7,69.0,46.0,2020,5,BBB
Company_167,Energy,14.4,71.4,50.8,2021,5,BBB
Company_167,Energy,16.7,68.6,49.4,2022,5,BBB
Company_167,Energy,17.8,68.2,50.3,2023,5,BBB
Company_167,Energy,18.6,66.7,51.6,2024,5,BBB
Company_167,Energy,19.1,67.6,53.0,2025,5,BBB
Company_168,Healthcare,84.5,47.5,92.1,2015,5,AA
Company_168,Healthcare,86.2,45.9,93.2,2016,5,AAA
Company_168,Healthcare,86.9,44.8,96.8,2017,5,AAA
Company_168,Healthcare,87.7,46.9,96.7,2018,5,AAA
Company_168,Healthcare,92.7,46.1,96.5,2019,5,AAA
Company_168,Healthcare,93.4,47.6,97.6,2020,5,AAA
Company_168,Healthcare,95.7,48.2,96.0,2021,5,AAA
Company_168,Healthcare,98.3,46.9,98.9,2022,5,AAA
Company_168,Healthcare,99.5,49.4,100.0,2023,5,AAA
Company_168,Healthcare,100.0,50.7,100.0,2024,5,AAA
Company_168,Healthcare,100.0,52.1,99.4,2025,5,AAA
Company_169,Consumer Goods,54.4,78.3,21.1,2015,3,A
Company_169,Consumer Goods,55.4,81.1,23.2,2016,3,A
Company_169,Consumer Goods,58.0,84.9,23.5,2017,3,A
Company_169,Consumer Goods,64.1,88.1,18.8,2018,3,A
Company_169,Consumer Goods,62.1,87.9,17.9,2019,3,A
Company_169,Consumer Goods,61.9,88.4,18.2,2020,3,A
Company_169,Consumer Goods,62.2,92.4,17.1,2021,3,A
Company_169,Consumer Goods,62.2,95.4,15.6,2022,3,A
Company_169,Consumer Goods,58.9,95.7,15.9,2023,3,A
Company_169,Consumer Goods,63.3,96.0,15.4,2024,3,A
Company_169,Consumer Goods,62.2,99.3,13.0,2025,3,A
Company_170,Energy,20.5,28.7,88.5,2015,2,BBB
Company_170,Energy,22.4,29.0,85.3,2016,2,BBB
Company_170,Energy,25.1,31.8,84.3,2017,2,BBB
Company_170,Energy,24.7,31.8,84.4,2018,2,BBB
Company_170,Energy,26.2,33.1,82.2,2019,2,BBB
Company_170,Energy,24.2,31.9,80.5,2020,2,BBB
Company_170,Energy,24.4,32.2,82.5,2021,2,BBB
Company_170,Energy,23.1,34.8,83.7,2022,2,BBB
Company_170,Energy,24.9,38.4,82.2,2023,2,BBB
Company_170,Energy,29.6,39.0,81.1,2024,2,BBB
Company_170,Energy,31.1,40.4,83.1,2025,2,A
Company_171,Utilities,16.0,60.2,62.1,2015,6,BBB
Company_171,Utilities,20.8,60.8,60.9,2016,6,BBB
Company_171,Utilities,23.9,60.8,63.5,2017,6,BBB
Company_171,Utilities,25.6,63.9,62.3,2018,6,A
Company_171,Utilities,28.5,67.4,63.5,2019,6,A
Company_171,Utilities,30.7,68.8,62.6,2020,6,A
Company_171,Utilities,31.3,68.6,61.9,2021,6,A
Company_171,Utilities,32.2,68.7,63.3,2022,6,A
Company_171,Utilities,31.6,66.1,64.6,2023,6,A
Company_171,Utilities,33.3,68.3,64.9,2024,6,A
Company_171,Utilities,36.0,63.9,65.1,2025,6,A
Company_172,Energy,20.4,71.7,32.0,2015,1,BBB
Company_172,Energy,19.9,70.0,34.1,2016,1,BBB
Company_172,Energy,20.3,72.2,34.3,2017,1,BBB
Company_172,Energy,21.5,67.5,33.0,2018,1,BBB
Company_172,Energy,19.8,67.5,31.6,2019,1,BB
Company_172,Energy,22.8,72.0,35.6,2020,1,BBB
Company_172,Energy,23.0,72.1,34.6,2021,1,BBB
Company_172,Energy,25.8,70.0,31.3,2022,1,BBB
Company_172,Energy,30.8,68.9,32.1,2023,1,BBB
Company_172,Energy,36.2,69.7,32.3,2024,1,BBB
Company_172,Energy,38.0,68.6,34.0,2025,1,BBB
Company_173,Transportation,28.2,52.3,81.6,2015,2,A
Company_173,Transportation,23.6,52.6,84.3,2016,2,A
Company_173,Transportation,23.2,53.9,85.5,2017,2,A
Company_173,Transportation,22.3,56.3,86.9,2018,2,A
Company_173,Transportation,22.6,53.7,89.1,2019,2,A
Company_173,Transportation,26.8,52.1,89.1,2020,2,A
Company_173,Transportation,24.3,51.7,93.0,2021,2,A
Company_173,Transportation,25.5,53.3,91.3,2022,2,A
Company_173,Transportation,25.0,56.2,92.9,2023,2,A
Company_173,Transportation,26.9,54.5,95.2,2024,2,A
Company_173,Transportation,30.7,54.3,95.9,2025,2,AA
Company_174,Transportation,13.8,27.5,3.3,2015,0,CCC
Company_174,Transportation,12.8,29.4,4.2,2016,0,CCC
Company_174,Transportation,11.9,31.5,6.6,2017,0,CCC
Company_174,Transportation,13.3,32.7,7.4,2018,0,CCC
Company_174,Transportation,14.7,34.4,7.8,2019,0,CCC
Company_174,Transportation,11.5,36.5,10.0,2020,0,CCC
Company_174,Transportation,12.6,36.4,10.5,2021,0,CCC
Company_174,Transportation,15.6,34.2,9.5,2022,0,CCC
Company_174,Transportation,19.8,32.5,9.1,2023,0,CCC
Company_174,Transportation,19.6,29.7,6.1,2024,0,CCC
Company_174,Transportation,21.9,35.1,8.7,2025,0,CCC
Company_175,Finance,98.3,24.0,47.0,2015,3,A
Company_175,Finance,94.8,23.9,48.3,2016,3,A
Company_175,Finance,98.1,21.8,50.7,2017,3,A
Company_175,Finance,100.0,25.3,52.6,2018,3,A
Company_175,Finance,100.0,23.8,57.1,2019,3,AA
Company_175,Finance,97.9,21.1,59.1,2020,3,A
Company_175,Finance,100.0,19.1,61.8,2021,3,AA
Company_175,Finance,100.0,18.2,61.3,2022,3,A
Company_175,Finance,100.0,19.2,61.4,2023,3,AA
Company_175,Finance,100.0,18.1,63.6,2024,3,AA
Company_175,Finance,100.0,16.8,61.5,2025,3,A
Company_176,Healthcare,74.2,81.9,80.2,2015,6,AAA
Company_176,Healthcare,76.3,82.6,83.3,2016,6,AAA
Company_176,Healthcare,74.7,86.0,83.6,2017,6,AAA
Company_176,Healthcare,77.3,86.6,82.6,2018,6,AAA
Company_176,Healthcare,81.2,82.2,79.6,2019,6,AAA
Company_176,Healthcare,81.6,79.6,77.8,2020,6,AAA
Company_176,Healthcare,82.4,81.4,78.4,2021,6,AAA
Company_176,Healthcare,84.0,84.3,74.2,2022,6,AAA
Company_176,Healthcare,81.2,85.7,70.2,2023,6,AAA
Company_176,Healthcare,80.2,86.3,71.5,2024,6,AAA
Company_176,Healthcare,82.0,84.0,72.1,2025,6,AAA
Company_177,Manufacturing,26.9,63.0,42.4,2015,5,BBB
Company_177,Manufacturing,26.4,60.8,39.9,2016,5,BBB
Company_177,Manufacturing,26.5,61.7,41.3,2017,5,BBB
Company_177,Manufacturing,28.7,64.0,44.1,2018,5,BBB
Company_177,Manufacturing,30.0,61.7,45.3,2019,5,BBB
Company_177,Manufacturing,32.6,61.5,45.5,2020,5,BBB
Company_177,Manufacturing,35.3,61.7,51.4,2021,5,BBB
Company_177,Manufacturing,36.2,60.8,51.0,2022,5,BBB
Company_177,Manufacturing,37.9,56.4,53.6,2023,5,BBB
Company_177,Manufacturing,40.8,54.9,46.0,2024,5,BBB
Company_177,Manufacturing,43.0,55.1,46.6,2025,5,BBB
Company_178,Transportation,22.8,10.9,36.0,2015,3,CCC
Company_178,Transportation,23.8,12.2,35.7,2016,3,CCC
Company_178,Transportation,24.4,11.2,38.7,2017,3,CCC
Company_178,Transportation,28.2,9.6,39.6,2018,3,CCC
Company_178,Transportation,28.4,11.5,38.3,2019,3,CCC
Company_178,Transportation,23.6,15.0,40.2,2020,3,CCC
Company_178,Transportation,25.8,13.8,41.8,2021,3,CCC
Company_178,Transportation,26.4,13.1,39.3,2022,3,CCC
Company_178,Transportation,28.6,11.0,39.5,2023,3,CCC
Company_178,Transportation,32.5,12.7,40.6,2024,3,CCC
Company_178,Transportation,34.6,12.0,42.3,2025,3,CCC
Company_179,Finance,83.3,90.1,79.6,2015,2,AAA
Company_179,Finance,86.7,93.1,78.7,2016,2,AAA
Company_179,Finance,83.9,95.8,80.5,2017,2,AAA
Company_179,Finance,83.2,93.0,78.5,2018,2,AAA
Company_179,Finance,85.7,90.3,79.4,2019,2,AAA
Company_179,Finance,89.0,90.6,78.3,2020,2,AAA
Company_179,Finance,89.2,90.7,79.0,2021,2,AAA
Company_179,Finance,90.4,97.3,77.6,2022,2,AAA
Company_179,Finance,92.8,98.0,80.7,2023,2,AAA
Company_179,Finance,97.0,100.0,76.3,2024,2,AAA
Company_179,Finance,98.3,100.0,77.4,2025,2,AAA
Company_180,Utilities,51.2,65.2,35.8,2015,3,A
Company_180,Utilities,49.7,68.0,38.0,2016,3,A
Company_180,Utilities,50.8,67.5,40.1,2017,3,A
Company_180,Utilities,47.9,65.7,42.9,2018,3,A
Company_180,Utilities,47.5,67.6,44.0,2019,3,A
Company_180,Utilities,45.5,67.4,44.5,2020,3,A
Company_180,Utilities,48.1,63.1,47.6,2021,3,A
Company_180,Utilities,50.2,60.9,47.6,2022,3,A
Company_180,Utilities,52.9,61.1,46.9,2023,3,A
Company_180,Utilities,56.6,59.4,47.2,2024,3,A
Company_180,Utilities,58.0,59.9,46.6,2025,3,A
Company_181,Finance,73.7,77.9,47.7,2015,6,AA
Company_181,Finance,72.7,79.1,48.0,2016,6,AA
Company_181,Finance,76.4,80.5,48.7,2017,6,AA
Company_181,Finance,77.8,84.6,50.6,2018,6,AA
Company_181,Finance,78.1,89.0,51.1,2019,6,AA
Company_181,Finance,81.3,87.3,52.7,2020,6,AA
Company_181,Finance,82.5,87.9,51.3,2021,6,AA
Company_181,Finance,79.1,88.2,53.4,2022,6,AA
Company_181,Finance,79.3,91.1,54.9,2023,6,AAA
Company_181,Finance,77.6,92.9,56.2,2024,6,AAA
Company_181,Finance,79.2,96.3,61.5,2025,6,AAA
Company_182,Manufacturing,30.8,76.0,82.3,2015,5,AA
Company_182,Manufacturing,29.3,78.8,77.2,2016,5,AA
Company_182,Manufacturing,29.4,79.9,82.9,2017,5,AA
Company_182,Manufacturing,30.7,78.8,85.1,2018,5,AA
Company_182,Manufacturing,31.9,79.3,84.5,2019,5,AA
Company_182,Manufacturing,32.1,80.2,86.4,2020,5,AA
Company_182,Manufacturing,35.7,79.9,88.9,2021,5,AA
Company_182,Manufacturing,33.7,81.2,88.7,2022,5,AA
Company_182,Manufacturing,35.1,80.2,89.7,2023,5,AA
Company_182,Manufacturing,34.8,82.2,91.4,2024,5,AA
Company_182,Manufacturing,34.6,84.3,91.0,2025,5,AA
Company_183,Retail,55.7,67.3,36.4,2015,2,A
Company_183,Retail,55.6,69.2,38.8,2016,2,A
Company_183,Retail,56.0,71.7,39.0,2017,2,A
Company_183,Retail,57.2,73.7,39.3,2018,2,A
Company_183,Retail,58.4,75.4,37.9,2019,2,A
Company_183,Retail,62.2,76.5,37.4,2020,2,A
Company_183,Retail,61.1,77.7,38.4,2021,2,A
Company_183,Retail,60.8,79.2,38.7,2022,2,A
Company_183,Retail,62.8,82.1,37.4,2023,2,AA
Company_183,Retail,63.6,82.2,38.7,2024,2,AA
Company_183,Retail,63.1,82.6,39.0,2025,2,AA
Company_184,Utilities,27.3,70.1,91.6,2015,2,AA
Company_184,Utilities,28.0,72.7,90.5,2016,2,AA
Company_184,Utilities,27.8,73.6,88.6,2017,2,AA
Company_184,Utilities,29.5,74.8,88.0,2018,2,AA
Company_184,Utilities,29.3,72.0,88.8,2019,2,AA
Company_184,Utilities,28.6,74.2,89.1,2020,2,AA
Company_184,Utilities,30.4,74.1,88.3,2021,2,AA
Company_184,Utilities,32.6,72.1,88.1,2022,2,AA
Company_184,Utilities,36.1,74.8,89.7,2023,2,AA
Company_184,Utilities,39.4,75.9,86.6,2024,2,AA
Company_184,Utilities,39.1,75.6,90.2,2025,2,AA
Company_185,Transportation,0.5,19.1,16.3,2015,3,CCC
Company_185,Transportation,0.0,21.1,18.4,2016,3,CCC
Company_185,Transportation,0.0,19.6,22.5,2017,3,CCC
Company_185,Transportation,1.9,18.5,21.2,2018,3,CCC
Company_185,Transportation,3.6,18.5,25.9,2019,3,CCC
Company_185,Transportation,7.2,17.2,25.0,2020,3,CCC
Company_185,Transportation,9.3,20.8,27.3,2021,3,CCC
Company_185,Transportation,8.5,17.3,27.2,2022,3,CCC
Company_185,Transportation,10.5,14.2,23.2,2023,3,CCC
Company_185,Transportation,14.3,16.4,19.7,2024,3,CCC
Company_185,Transportation,12.6,14.1,22.7,2025,3,CCC
Company_186,Manufacturing,4.8,64.6,10.7,2015,4,CCC
Company_186,Manufacturing,7.2,64.9,7.4,2016,4,CCC
Company_186,Manufacturing,6.2,64.5,8.1,2017,4,CCC
Company_186,Manufacturing,2.6,64.6,8.4,2018,4,CCC
Company_186,Manufacturing,0.0,64.1,6.6,2019,4,CCC
Company_186,Manufacturing,2.5,63.9,6.6,2020,4,CCC
Company_186,Manufacturing,4.1,64.3,7.4,2021,4,CCC
Company_186,Manufacturing,3.8,64.5,9.0,2022,4,CCC
Company_186,Manufacturing,5.9,62.4,9.4,2023,4,CCC
Company_186,Manufacturing,10.7,61.5,12.1,2024,4,CCC
Company_186,Manufacturing,11.6,61.8,13.2,2025,4,CCC
Company_187,Utilities,48.6,49.8,2.4,2015,0,BB
Company_187,Utilities,52.8,52.2,6.8,2016,0,BB
Company_187,Utilities,53.3,51.2,7.0,2017,0,BB
Company_187,Utilities,54.9,55.1,7.4,2018,0,BB
Company_187,Utilities,58.5,54.8,8.7,2019,0,BBB
Company_187,Utilities,59.5,57.4,6.8,2020,0,BBB
Company_187,Utilities,60.4,58.5,2.8,2021,0,BBB
Company_187,Utilities,64.9,58.2,3.3,2022,0,BBB
Company_187,Utilities,68.2,58.3,2.0,2023,0,BBB
Company_187,Utilities,67.2,57.9,2.7,2024,0,BBB
Company_187,Utilities,71.3,58.9,2.4,2025,0,BBB
Company_188,Consumer Goods,62.2,55.9,28.5,2015,6,BBB
Company_188,Consumer Goods,63.4,57.6,28.2,2016,6,BBB
Company_188,Consumer Goods,64.2,57.6,29.6,2017,6,A
Company_188,Consumer Goods,65.8,58.8,29.2,2018,6,A
Company_188,Consumer Goods,66.9,59.8,26.9,2019,6,A
Company_188,Consumer Goods,71.4,62.6,28.1,2020,6,A
Company_188,Consumer Goods,71.2,64.6,27.3,2021,6,A
Company_188,Consumer Goods,72.4,62.6,27.4,2022,6,A
Company_188,Consumer Goods,71.2,63.1,26.2,2023,6,A
Company_188,Consumer Goods,69.5,62.1,24.0,2024,6,A
Company_188,Consumer Goods,71.3,59.6,23.5,2025,6,A
Company_189,Healthcare,60.5,35.2,47.8,2015,1,BBB
Company_189,Healthcare,61.6,32.1,49.8,2016,1,BBB
Company_189,Healthcare,60.7,32.9,50.0,2017,1,BBB
Company_189,Healthcare,62.7,32.9,49.4,2018,1,BBB
Company_189,Healthcare,64.3,35.1,50.5,2019,1,BBB
Company_189,Healthcare,64.4,38.5,52.3,2020,1,A
Company_189,Healthcare,66.0,36.4,50.5,2021,1,A
Company_189,Healthcare,65.1,35.7,51.9,2022,1,A
Company_189,Healthcare,63.9,41.2,51.5,2023,1,A
Company_189,Healthcare,68.5,40.3,48.0,2024,1,A
Company_189,Healthcare,66.2,42.7,49.4,2025,1,A
Company_190,Technology,80.5,62.6,66.1,2015,5,AA
Company_190,Technology,83.9,62.4,68.3,2016,5,AA
Company_190,Technology,83.8,64.5,69.9,2017,5,AA
Company_190,Technology,84.1,64.9,68.8,2018,5,AA
Company_190,Technology,83.4,66.4,68.7,2019,5,AA
Company_190,Technology,88.7,64.9,71.4,2020,5,AAA
Company_190,Technology,88.3,62.6,71.5,2021,5,AA
Company_190,Technology,89.0,62.6,70.1,2022,5,AA
Company_190,Technology,89.0,64.4,69.4,2023,5,AA
Company_190,Technology,90.7,63.7,68.8,2024,5,AA
Company_190,Technology,89.2,59.1,67.2,2025,5,AA
Company_191,Manufacturing,2.8,78.4,29.3,2015,6,BB
Company_191,Manufacturing,4.1,80.9,30.5,2016,6,BB
Company_191,Manufacturing,2.8,84.9,29.1,2017,6,BB
Company_191,Manufacturing,3.7,84.6,29.5,2018,6,BB
Company_191,Manufacturing,5.9,84.6,28.6,2019,6,BB
Company_191,Manufacturing,5.4,86.5,29.2,2020,6,BBB
Company_191,Manufacturing,8.0,87.5,33.2,2021,6,BBB
Company_191,Manufacturing,9.8,86.0,30.4,2022,6,BBB
Company_191,Manufacturing,9.4,90.0,32.6,2023,6,BBB
Company_191,Manufacturing,11.5,88.1,30.9,2024,6,BBB
Company_191,Manufacturing,12.9,88.1,32.5,2025,6,BBB
Company_192,Consumer Goods,61.7,90.1,91.0,2015,1,AAA
Company_192,Consumer Goods,64.4,90.0,89.9,2016,1,AAA
Company_192,Consumer Goods,65.1,93.3,90.8,2017,1,AAA
Company_192,Consumer Goods,64.9,94.2,91.9,2018,1,AAA
Company_192,Consumer Goods,63.1,97.5,91.8,2019,1,AAA
Company_192,Consumer Goods,65.3,96.4,86.8,2020,1,AAA
Company_192,Consumer Goods,67.9,98.3,86.5,2021,1,AAA
Company_192,Consumer Goods,71.6,100.0,88.9,2022,1,AAA
Company_192,Consumer Goods,74.7,100.0,88.9,2023,1,AAA
Company_192,Consumer Goods,76.0,100.0,90.5,2024,1,AAA
Company_192,Consumer Goods,78.3,100.0,91.1,2025,1,AAA
Company_193,Manufacturing,45.5,45.5,20.8,2015,1,BB
Company_193,Manufacturing,49.0,45.7,23.3,2016,1,BB
Company_193,Manufacturing,50.6,45.4,24.9,2017,1,BBB
Company_193,Manufacturing,50.0,42.3,22.3,2018,1,BB
Company_193,Manufacturing,54.0,43.8,24.0,2019,1,BBB
Company_193,Manufacturing,55.5,45.0,26.7,2020,1,BBB
Company_193,Manufacturing,55.8,41.4,28.3,2021,1,BBB
Company_193,Manufacturing,59.3,40.6,26.2,2022,1,BBB
Company_193,Manufacturing,63.7,46.0,27.0,2023,1,BBB
Company_193,Manufacturing,61.8,44.9,24.0,2024,1,BBB
Company_193,Manufacturing,62.9,44.2,23.8,2025,1,BBB
Company_194,Manufacturing,73.7,80.3,93.5,2015,6,AAA
Company_194,Manufacturing,74.2,81.6,93.4,2016,6,AAA
Company_194,Manufacturing,73.3,81.9,92.9,2017,6,AAA
Company_194,Manufacturing,76.8,84.1,93.1,2018,6,AAA
Company_194,Manufacturing,75.9,86.7,92.2,2019,6,AAA
Company_194,Manufacturing,78.3,89.3,93.3,2020,6,AAA
Company_194,Manufacturing,79.9,90.7,94.3,2021,6,AAA
Company_194,Manufacturing,82.5,90.5,93.4,2022,6,AAA
Company_194,Manufacturing,84.5,93.9,91.7,2023,6,AAA
Company_194,Manufacturing,88.5,95.1,93.7,2024,6,AAA
Company_194,Manufacturing,89.3,95.4,93.7,2025,6,AAA
Company_195,Transportation,17.3,10.5,40.5,2015,4,CCC
Company_195,Transportation,15.7,12.4,42.3,2016,4,CCC
Company_195,Transportation,15.0,15.2,43.4,2017,4,CCC
Company_195,Transportation,15.0,17.4,40.6,2018,4,CCC
Company_195,Transportation,17.9,15.4,41.3,2019,4,CCC
Company_195,Transportation,18.3,16.2,40.9,2020,4,CCC
Company_195,Transportation,18.4,15.1,39.8,2021,4,CCC
Company_195,Transportation,17.8,15.8,41.7,2022,4,CCC
Company_195,Transportation,19.3,14.9,41.7,2023,4,CCC
Company_195,Transportation,21.5,13.6,43.0,2024,4,CCC
Company_195,Transportation,22.4,12.3,43.9,2025,4,CCC
Company_196,Healthcare,73.3,49.2,30.8,2015,6,A
Company_196,Healthcare,76.3,49.9,34.7,2016,6,A
Company_196,Healthcare,73.6,50.0,33.4,2017,6,A
Company_196,Healthcare,73.1,52.7,32.7,2018,6,A
Company_196,Healthcare,72.6,54.3,33.8,2019,6,A
Company_196,Healthcare,71.2,57.7,37.6,2020,6,A
Company_196,Healthcare,71.9,60.0,39.3,2021,6,A
Company_196,Healthcare,74.1,62.6,36.6,2022,6,A
Company_196,Healthcare,74.2,65.3,39.8,2023,6,A
Company_196,Healthcare,76.9,65.7,39.4,2024,6,AA
Company_196,Healthcare,77.0,70.0,42.1,2025,6,AA
Company_197,Energy,16.8,7.2,19.6,2015,3,CCC
Company_197,Energy,20.5,8.4,22.9,2016,3,CCC
Company_197,Energy,20.6,10.8,22.9,2017,3,CCC
Company_197,Energy,21.9,9.7,23.7,2018,3,CCC
Company_197,Energy,25.9,6.9,21.3,2019,3,CCC
Company_197,Energy,28.6,10.1,18.6,2020,3,CCC
Company_197,Energy,31.2,8.7,18.3,2021,3,CCC
Company_197,Energy,31.7,9.6,16.4,2022,3,CCC
Company_197,Energy,31.6,8.8,16.1,2023,3,CCC
Company_197,Energy,32.6,7.3,17.2,2024,3,CCC
Company_197,Energy,33.1,6.2,18.0,2025,3,CCC
Company_198,Manufacturing,27.6,31.4,68.9,2015,5,BBB
Company_198,Manufacturing,29.4,30.3,72.1,2016,5,BBB
Company_198,Manufacturing,27.8,34.5,77.1,2017,5,BBB
Company_198,Manufacturing,30.7,34.8,80.5,2018,5,BBB
Company_198,Manufacturing,30.6,34.9,79.9,2019,5,BBB
Company_198,Manufacturing,31.2,35.9,80.6,2020,5,BBB
Company_198,Manufacturing,32.4,32.5,80.1,2021,5,BBB
Company_198,Manufacturing,32.8,34.2,82.3,2022,5,BBB
Company_198,Manufacturing,34.9,37.2,80.5,2023,5,A
Company_198,Manufacturing,35.9,40.0,76.5,2024,5,A
Company_198,Manufacturing,38.6,41.8,79.4,2025,5,A
Company_199,Retail,50.4,59.2,61.1,2015,3,A
Company_199,Retail,49.3,60.7,62.9,2016,3,A
Company_199,Retail,48.8,62.4,62.4,2017,3,A
Company_199,Retail,48.7,61.0,60.5,2018,3,A
Company_199,Retail,51.9,58.6,60.3,2019,3,A
Company_199,Retail,54.4,60.1,58.2,2020,3,A
Company_199,Retail,57.1,60.5,56.1,2021,3,A
Company_199,Retail,60.9,62.2,56.6,2022,3,A
Company_199,Retail,61.4,63.8,58.8,2023,3,AA
Company_199,Retail,58.8,66.9,59.2,2024,3,AA
Company_199,Retail,55.0,66.9,59.6,2025,3,AA
Company_200,Consumer Goods,26.5,68.4,33.7,2015,1,BBB
Company_200,Consumer Goods,28.4,67.7,36.3,2016,1,BBB
Company_200,Consumer Goods,27.9,67.5,39.9,2017,1,BBB
Company_200,Consumer Goods,28.3,69.1,42.3,2018,1,BBB
Company_200,Consumer Goods,30.4,71.1,41.1,2019,1,BBB
Company_200,Consumer Goods,27.3,72.5,40.1,2020,1,BBB
Company_200,Consumer Goods,27.3,72.2,38.6,2021,1,BBB
Company_200,Consumer Goods,29.7,74.3,41.5,2022,1,BBB
Company_200,Consumer Goods,29.9,75.3,43.5,2023,1,BBB
Company_200,Consumer Goods,33.4,77.0,47.3,2024,1,A
Company_200,Consumer Goods,34.8,79.2,48.0,2025,1,A
Company_201,Utilities,6.9,78.8,93.6,2015,2,A
Company_201,Utilities,5.8,82.0,95.0,2016,2,AA
Company_201,Utilities,5.2,83.9,96.7,2017,2,AA
Company_201,Utilities,8.9,84.9,96.4,2018,2,AA
Company_201,Utilities,13.8,82.6,98.3,2019,2,AA
Company_201,Utilities,16.3,85.7,98.9,2020,2,AA
Company_201,Utilities,18.2,88.5,99.4,2021,2,AA
Company_201,Utilities,18.4,88.4,99.4,2022,2,AA
Company_201,Utilities,22.4,90.6,100.0,2023,2,AA
Company_201,Utilities,24.0,92.9,100.0,2024,2,AA
Company_201,Utilities,28.9,95.1,100.0,2025,2,AA
Company_202,Utilities,48.9,33.9,31.7,2015,3,BB
Company_202,Utilities,53.4,31.9,34.1,2016,3,BB
Company_202,Utilities,57.0,31.7,30.8,2017,3,BB
Company_202,Utilities,60.4,34.9,29.4,2018,3,BBB
Company_202,Utilities,60.7,35.3,31.5,2019,3,BBB
Company_202,Utilities,61.8,38.9,31.6,2020,3,BBB
Company_202,Utilities,64.8,41.6,31.0,2021,3,BBB
Company_202,Utilities,66.2,41.1,34.1,2022,3,BBB
Company_202,Utilities,67.2,43.1,34.3,2023,3,BBB
Company_202,Utilities,69.8,45.5,38.6,2024,3,A
Company_202,Utilities,69.1,46.6,39.1,2025,3,A
Company_203,Energy,25.6,83.9,38.8,2015,6,BBB
Company_203,Energy,32.3,86.0,37.1,2016,6,A
Company_203,Energy,36.0,88.4,38.0,2017,6,A
Company_203,Energy,35.2,90.7,39.3,2018,6,A
Company_203,Energy,35.9,91.1,39.9,2019,6,A
Company_203,Energy,35.2,90.7,42.9,2020,6,A
Company_203,Energy,38.0,93.5,45.1,2021,6,A
Company_203,Energy,38.6,93.1,42.6,2022,6,A
Company_203,Energy,42.3,91.4,44.1,2023,6,A
Company_203,Energy,44.7,89.4,42.3,2024,6,A
Company_203,Energy,43.7,92.3,42.9,2025,6,A
Company_204,Retail,14.8,45.7,13.9,2015,4,CCC
Company_204,Retail,16.4,41.2,13.8,2016,4,CCC
Company_204,Retail,15.4,42.7,14.3,2017,4,CCC
Company_204,Retail,16.0,44.8,15.8,2018,4,CCC
Company_204,Retail,16.9,45.5,14.0,2019,4,CCC
Company_204,Retail,15.4,44.1,11.1,2020,4,CCC
Company_204,Retail,12.0,44.7,11.5,2021,4,CCC
Company_204,Retail,12.0,44.2,14.9,2022,4,CCC
Company_204,Retail,14.7,46.4,14.2,2023,4,CCC
Company_204,Retail,17.6,48.0,15.3,2024,4,CCC
Company_204,Retail,20.7,46.6,15.5,2025,4,CCC
Company_205,Energy,49.0,12.3,34.3,2015,1,BB
Company_205,Energy,49.2,13.7,33.7,2016,1,BB
Company_205,Energy,48.8,11.4,35.1,2017,1,BB
Company_205,Energy,50.8,14.1,37.0,2018,1,BB
Company_205,Energy,49.9,18.4,36.6,2019,1,BB
Company_205,Energy,50.4,20.6,40.5,2020,1,BB
Company_205,Energy,53.2,20.1,44.7,2021,1,BB
Company_205,Energy,55.1,22.7,41.2,2022,1,BB
Company_205,Energy,53.4,24.5,43.1,2023,1,BBB
Company_205,Energy,57.9,25.8,44.3,2024,1,BBB
Company_205,Energy,58.4,23.8,42.4,2025,1,BBB
Company_206,Manufacturing,29.5,81.0,96.7,2015,5,AA
Company_206,Manufacturing,31.7,84.0,98.1,2016,5,AA
Company_206,Manufacturing,32.0,82.6,98.1,2017,5,AA
Company_206,Manufacturing,34.3,82.0,95.8,2018,5,AA
Company_206,Manufacturing,35.1,81.4,97.2,2019,5,AA
Company_206,Manufacturing,38.6,83.2,100.0,2020,5,AA
Company_206,Manufacturing,40.6,84.6,100.0,2021,5,AAA
Company_206,Manufacturing,40.6,86.9,98.7,2022,5,AAA
Company_206,Manufacturing,42.1,89.1,99.6,2023,5,AAA
Company_206,Manufacturing,40.8,89.6,100.0,2024,5,AAA
Company_206,Manufacturing,41.8,89.5,100.0,2025,5,AAA
Company_207,Consumer Goods,65.4,48.5,77.7,2015,5,AA
Company_207,Consumer Goods,68.8,48.2,79.2,2016,5,AA
Company_207,Consumer Goods,71.2,50.5,81.8,2017,5,AA
Company_207,Consumer Goods,72.0,51.0,80.7,2018,5,AA
Company_207,Consumer Goods,75.1,52.3,84.0,2019,5,AA
Company_207,Consumer Goods,78.2,53.1,84.2,2020,5,AA
Company_207,Consumer Goods,79.7,53.9,85.2,2021,5,AA
Company_207,Consumer Goods,83.4,55.3,84.3,2022,5,AA
Company_207,Consumer Goods,82.8,59.2,86.0,2023,5,AAA
Company_207,Consumer Goods,83.9,56.0,88.1,2024,5,AAA
Company_207,Consumer Goods,83.6,51.6,90.8,2025,5,AAA
Company_208,Manufacturing,53.2,20.7,9.1,2015,4,CCC
Company_208,Manufacturing,51.8,25.7,9.7,2016,4,CCC
Company_208,Manufacturing,53.1,26.4,5.7,2017,4,CCC
Company_208,Manufacturing,56.1,29.5,4.0,2018,4,CCC
Company_208,Manufacturing,57.3,29.7,7.0,2019,4,BB
Company_208,Manufacturing,63.1,31.4,8.2,2020,4,BB
Company_208,Manufacturing,63.9,32.6,8.6,2021,4,BB
Company_208,Manufacturing,65.3,35.1,6.3,2022,4,BB
Company_208,Manufacturing,64.3,36.1,9.0,2023,4,BB
Company_208,Manufacturing,61.4,33.8,10.2,2024,4,BB
Company_208,Manufacturing,59.9,37.2,11.7,2025,4,BB
Company_209,Consumer Goods,49.1,28.8,86.3,2015,5,A
Company_209,Consumer Goods,50.8,34.0,88.3,2016,5,A
Company_209,Consumer Goods,53.6,32.6,88.4,2017,5,A
Company_209,Consumer Goods,54.1,31.4,88.2,2018,5,A
Company_209,Consumer Goods,55.9,32.7,90.5,2019,5,A
Company_209,Consumer Goods,60.1,30.3,87.6,2020,5,A
Company_209,Consumer Goods,58.8,32.1,86.3,2021,5,A
Company_209,Consumer Goods,58.0,31.1,86.5,2022,5,A
Company_209,Consumer Goods,60.5,29.6,89.3,2023,5,A
Company_209,Consumer Goods,61.8,32.0,86.4,2024,5,AA
Company_209,Consumer Goods,65.2,32.1,84.0,2025,5,AA
Company_210,Retail,80.5,94.5,91.8,2015,6,AAA
Company_210,Retail,81.1,99.9,92.9,2016,6,AAA
Company_210,Retail,85.4,100.0,88.9,2017,6,AAA
Company_210,Retail,83.7,98.2,87.2,2018,6,AAA
Company_210,Retail,87.2,97.9,91.2,2019,6,AAA
Company_210,Retail,85.7,95.3,94.4,2020,6,AAA
Company_210,Retail,84.0,92.9,94.7,2021,6,AAA
Company_210,Retail,86.9,91.3,93.9,2022,6,AAA
Company_210,Retail,87.7,91.4,93.7,2023,6,AAA
Company_210,Retail,88.1,93.6,94.1,2024,6,AAA
Company_210,Retail,89.3,94.2,94.8,2025,6,AAA
Company_211,Consumer Goods,35.7,70.4,97.5,2015,6,AA
Company_211,Consumer Goods,35.9,75.1,95.7,2016,6,AA
Company_211,Consumer Goods,36.3,75.1,93.0,2017,6,AA
Company_211,Consumer Goods,38.2,72.6,92.2,2018,6,AA
Company_211,Consumer Goods,38.5,72.4,90.5,2019,6,AA
Company_211,Consumer Goods,36.7,70.6,91.3,2020,6,AA
Company_211,Consumer Goods,43.0,68.2,89.7,2021,6,AA
Company_211,Consumer Goods,42.0,66.1,86.8,2022,6,AA
Company_211,Consumer Goods,39.4,67.1,86.8,2023,6,AA
Company_211,Consumer Goods,40.9,69.2,91.8,2024,6,AA
Company_211,Consumer Goods,39.9,73.7,93.8,2025,6,AA
Company_212,Consumer Goods,37.1,27.1,83.4,2015,1,BBB
Company_212,Consumer Goods,43.0,28.3,80.2,2016,1,A
Company_212,Consumer Goods,46.3,27.8,75.7,2017,1,BBB
Company_212,Consumer Goods,48.7,25.9,77.9,2018,1,A
Company_212,Consumer Goods,48.6,28.0,79.3,2019,1,A
Company_212,Consumer Goods,48.7,26.3,79.1,2020,1,A
Company_212,Consumer Goods,49.5,26.9,76.8,2021,1,A
Company_212,Consumer Goods,49.0,29.4,79.1,2022,1,A
Company_212,Consumer Goods,52.4,32.9,78.7,2023,1,A
Company_212,Consumer Goods,49.5,32.9,78.7,2024,1,A
Company_212,Consumer Goods,48.9,34.5,80.6,2025,1,A
Company_213,Technology,99.8,43.0,74.1,2015,2,AA
Company_213,Technology,100.0,41.6,74.7,2016,2,AA
Company_213,Technology,100.0,44.0,76.1,2017,2,AA
Company_213,Technology,100.0,47.7,77.6,2018,2,AAA
Company_213,Technology,100.0,47.7,76.5,2019,2,AA
Company_213,Technology,100.0,49.9,78.2,2020,2,AAA
Company_213,Technology,100.0,50.5,78.2,2021,2,AAA
Company_213,Technology,100.0,45.4,75.9,2022,2,AA
Company_213,Technology,99.0,46.4,76.0,2023,2,AA
Company_213,Technology,100.0,48.1,77.1,2024,2,AAA
Company_213,Technology,98.9,51.0,78.0,2025,2,AAA
Company_214,Utilities,47.4,27.6,37.0,2015,1,BB
Company_214,Utilities,48.5,28.9,38.9,2016,1,BB
Company_214,Utilities,49.1,30.7,41.9,2017,1,BBB
Company_214,Utilities,47.9,34.4,42.8,2018,1,BBB
Company_214,Utilities,47.7,35.2,43.9,2019,1,BBB
Company_214,Utilities,50.2,33.4,40.6,2020,1,BBB
Company_214,Utilities,51.5,32.0,42.5,2021,1,BBB
Company_214,Utilities,52.5,30.6,42.1,2022,1,BBB
Company_214,Utilities,52.9,33.7,44.2,2023,1,BBB
Company_214,Utilities,52.6,35.4,43.8,2024,1,BBB
Company_214,Utilities,52.9,38.4,42.4,2025,1,BBB
Company_215,Utilities,73.4,86.6,95.6,2015,5,AAA
Company_215,Utilities,74.5,87.5,94.8,2016,5,AAA
Company_215,Utilities,75.4,92.5,98.6,2017,5,AAA
Company_215,Utilities,77.2,91.7,98.4,2018,5,AAA
Company_215,Utilities,73.0,92.1,98.4,2019,5,AAA
Company_215,Utilities,79.1,91.8,99.8,2020,5,AAA
Company_215,Utilities,81.0,92.3,100.0,2021,5,AAA
Company_215,Utilities,83.9,93.2,99.1,2022,5,AAA
Company_215,Utilities,82.3,95.1,100.0,2023,5,AAA
Company_215,Utilities,83.6,96.6,100.0,2024,5,AAA
Company_215,Utilities,85.7,92.3,96.2,2025,5,AAA
Company_216,Transportation,3.5,71.6,68.1,2015,1,BBB
Company_216,Transportation,5.6,73.6,67.7,2016,1,BBB
Company_216,Transportation,6.4,75.0,69.2,2017,1,A
Company_216,Transportation,7.9,77.0,73.0,2018,1,A
Company_216,Transportation,8.2,75.9,73.9,2019,1,A
Company_216,Transportation,7.8,78.3,75.1,2020,1,A
Company_216,Transportation,9.4,78.3,77.3,2021,1,A
Company_216,Transportation,9.5,76.5,79.0,2022,1,A
Company_216,Transportation,12.5,77.8,80.2,2023,1,A
Company_216,Transportation,12.9,77.6,78.8,2024,1,A
Company_216,Transportation,12.3,77.7,80.3,2025,1,A
Company_217,Manufacturing,55.7,71.2,67.9,2015,6,AA
Company_217,Manufacturing,55.2,71.2,65.9,2016,6,AA
Company_217,Manufacturing,52.7,71.3,69.0,2017,6,AA
Company_217,Manufacturing,55.4,72.1,69.8,2018,6,AA
Company_217,Manufacturing,57.8,70.3,70.0,2019,6,AA
Company_217,Manufacturing,56.9,71.4,70.5,2020,6,AA
Company_217,Manufacturing,59.6,71.7,69.6,2021,6,AA
Company_217,Manufacturing,60.7,73.9,69.5,2022,6,AA
Company_217,Manufacturing,59.1,78.0,73.8,2023,6,AA
Company_217,Manufacturing,59.8,75.8,72.4,2024,6,AA
Company_217,Manufacturing,62.5,78.7,72.8,2025,6,AA
Company_218,Utilities,51.9,29.3,41.2,2015,4,BBB
Company_218,Utilities,54.3,29.7,40.8,2016,4,BBB
Company_218,Utilities,52.9,32.8,39.0,2017,4,BBB
Company_218,Utilities,53.0,33.6,36.0,2018,4,BBB
Company_218,Utilities,55.0,35.1,34.4,2019,4,BBB
Company_218,Utilities,54.7,38.6,34.7,2020,4,BBB
Company_218,Utilities,58.8,37.9,36.4,2021,4,BBB
Company_218,Utilities,57.3,40.8,34.5,2022,4,BBB
Company_218,Utilities,61.0,40.6,33.1,2023,4,BBB
Company_218,Utilities,62.5,41.0,34.8,2024,4,BBB
Company_218,Utilities,66.1,41.3,37.6,2025,4,BBB
Company_219,Transportation,35.6,39.1,56.2,2015,4,BBB
Company_219,Transportation,38.9,37.6,57.4,2016,4,BBB
Company_219,Transportation,37.7,38.2,56.8,2017,4,BBB
Company_219,Transportation,38.1,38.1,55.3,2018,4,BBB
Company_219,Transportation,41.8,38.1,59.4,2019,4,BBB
Company_219,Transportation,40.6,41.1,59.7,2020,4,BBB
Company_219,Transportation,40.2,43.0,60.5,2021,4,BBB
Company_219,Transportation,41.1,42.4,57.6,2022,4,BBB
Company_219,Transportation,45.5,41.7,55.9,2023,4,BBB
Company_219,Transportation,44.9,44.5,59.7,2024,4,BBB
Company_219,Transportation,45.9,46.0,62.1,2025,4,A
Company_220,Transportation,61.0,48.0,63.4,2015,6,A
Company_220,Transportation,57.5,49.4,62.2,2016,6,A
Company_220,Transportation,58.8,48.5,61.5,2017,6,A
Company_220,Transportation,58.0,51.8,62.6,2018,6,A
Company_220,Transportation,58.5,53.7,59.8,2019,6,A
Company_220,Transportation,60.8,58.9,64.3,2020,6,AA
Company_220,Transportation,60.6,60.2,64.7,2021,6,AA
Company_220,Transportation,64.8,60.8,66.2,2022,6,AA
Company_220,Transportation,64.3,62.5,65.3,2023,6,AA
Company_220,Transportation,66.4,63.5,63.0,2024,6,AA
Company_220,Transportation,67.5,64.4,64.6,2025,6,AA
Company_221,Healthcare,95.9,24.0,4.3,2015,4,BBB
Company_221,Healthcare,96.3,22.5,4.7,2016,4,BBB
Company_221,Healthcare,94.6,22.6,4.7,2017,4,BBB
Company_221,Healthcare,93.1,22.1,6.9,2018,4,BBB
Company_221,Healthcare,91.9,23.6,5.9,2019,4,BBB
Company_221,Healthcare,92.7,26.2,3.5,2020,4,BBB
Company_221,Healthcare,92.2,28.2,3.1,2021,4,BBB
Company_221,Healthcare,92.2,28.5,2.2,2022,4,BBB
Company_221,Healthcare,90.5,31.6,9.2,2023,4,BBB
Company_221,Healthcare,92.3,31.8,7.8,2024,4,BBB
Company_221,Healthcare,90.8,34.0,8.9,2025,4,BBB
Company_222,Technology,90.2,14.3,32.3,2015,1,BBB
Company_222,Technology,91.9,15.9,34.1,2016,1,BBB
Company_222,Technology,94.1,17.2,30.5,2017,1,BBB
Company_222,Technology,95.9,17.1,33.9,2018,1,BBB
Company_222,Technology,97.7,15.7,33.2,2019,1,BBB
Company_222,Technology,95.2,17.2,33.8,2020,1,BBB
Company_222,Technology,93.8,18.3,36.6,2021,1,BBB
Company_222,Technology,93.4,21.4,38.0,2022,1,A
Company_222,Technology,92.7,20.4,34.3,2023,1,BBB
Company_222,Technology,95.3,23.1,34.8,2024,1,A
Company_222,Technology,97.7,20.5,37.2,2025,1,A
Company_223,Transportation,18.4,54.4,5.7,2015,3,CCC
Company_223,Transportation,20.6,56.6,8.5,2016,3,CCC
Company_223,Transportation,23.2,56.9,7.6,2017,3,CCC
Company_223,Transportation,23.4,59.9,5.9,2018,3,CCC
Company_223,Transportation,28.6,61.3,8.8,2019,3,BB
Company_223,Transportation,33.1,63.2,9.1,2020,3,BB
Company_223,Transportation,36.8,66.0,9.5,2021,3,BB
Company_223,Transportation,38.7,64.3,11.4,2022,3,BB
Company_223,Transportation,40.1,65.5,9.0,2023,3,BB
Company_223,Transportation,44.6,68.1,9.1,2024,3,BBB
Company_223,Transportation,43.3,67.7,9.0,2025,3,BBB
Company_224,Manufacturing,5.2,66.5,47.9,2015,2,BB
Company_224,Manufacturing,6.4,67.7,46.8,2016,2,BBB
Company_224,Manufacturing,7.3,69.9,44.5,2017,2,BBB
Company_224,Manufacturing,6.2,69.6,45.4,2018,2,BBB
Company_224,Manufacturing,8.7,72.5,47.6,2019,2,BBB
Company_224,Manufacturing,10.7,75.4,49.1,2020,2,BBB
Company_224,Manufacturing,12.0,77.7,48.8,2021,2,BBB
Company_224,Manufacturing,12.7,81.9,49.4,2022,2,BBB
Company_224,Manufacturing,13.3,80.8,49.4,2023,2,BBB
Company_224,Manufacturing,15.1,80.2,50.3,2024,2,BBB
Company_224,Manufacturing,20.3,80.6,49.8,2025,2,A
Company_225,Retail,75.6,78.1,91.2,2015,2,AAA
Company_225,Retail,77.4,81.2,89.8,2016,2,AAA
Company_225,Retail,77.6,84.1,87.3,2017,2,AAA
Company_225,Retail,80.8,82.9,86.6,2018,2,AAA
Company_225,Retail,83.4,81.4,87.5,2019,2,AAA
Company_225,Retail,87.2,79.0,88.4,2020,2,AAA
Company_225,Retail,89.3,79.6,91.3,2021,2,AAA
Company_225,Retail,86.6,78.5,88.9,2022,2,AAA
Company_225,Retail,84.9,76.8,87.4,2023,2,AAA
Company_225,Retail,85.7,78.8,85.5,2024,2,AAA
Company_225,Retail,85.3,81.3,85.5,2025,2,AAA
Company_226,Healthcare,57.8,4.9,10.1,2015,4,CCC
Company_226,Healthcare,59.1,3.0,9.4,2016,4,CCC
Company_226,Healthcare,59.4,0.9,13.4,2017,4,CCC
Company_226,Healthcare,61.0,2.0,16.1,2018,4,CCC
Company_226,Healthcare,60.3,2.4,16.1,2019,4,CCC
Company_226,Healthcare,61.5,3.6,17.0,2020,4,CCC
Company_226,Healthcare,64.3,5.9,15.4,2021,4,CCC
Company_226,Healthcare,65.7,3.4,19.5,2022,4,CCC
Company_226,Healthcare,67.5,3.0,16.1,2023,4,CCC
Company_226,Healthcare,68.7,4.7,16.5,2024,4,CCC
Company_226,Healthcare,69.3,3.5,16.1,2025,4,CCC
Company_227,Transportation,33.6,38.8,72.8,2015,1,BBB
Company_227,Transportation,29.8,39.1,72.3,2016,1,BBB
Company_227,Transportation,27.4,39.9,74.0,2017,1,BBB
Company_227,Transportation,25.6,40.3,75.6,2018,1,BBB
Company_227,Transportation,28.2,44.2,75.7,2019,1,BBB
Company_227,Transportation,31.4,44.8,76.4,2020,1,A
Company_227,Transportation,33.2,44.5,78.1,2021,1,A
Company_227,Transportation,34.0,42.7,77.2,2022,1,A
Company_227,Transportation,36.7,39.6,78.5,2023,1,A
Company_227,Transportation,36.3,44.7,78.6,2024,1,A
Company_227,Transportation,38.3,48.2,79.8,2025,1,A
Company_228,Finance,95.1,40.3,19.4,2015,0,A
Company_228,Finance,94.4,38.9,17.5,2016,0,A
Company_228,Finance,95.7,38.7,18.0,2017,0,A
Company_228,Finance,98.5,37.8,19.7,2018,0,A
Company_228,Finance,99.6,39.1,24.4,2019,0,A
Company_228,Finance,100.0,37.3,25.8,2020,0,A
Company_228,Finance,98.6,38.1,24.4,2021,0,A
Company_228,Finance,98.3,37.4,20.8,2022,0,A
Company_228,Finance,99.5,36.8,20.6,2023,0,A
Company_228,Finance,98.8,35.0,21.5,2024,0,A
Company_228,Finance,100.0,40.2,23.5,2025,0,A
Company_229,Finance,46.8,10.4,36.1,2015,0,BB
Company_229,Finance,47.9,10.6,35.0,2016,0,BB
Company_229,Finance,46.1,13.1,37.5,2017,0,BB
Company_229,Finance,47.7,14.6,38.2,2018,0,BB
Company_229,Finance,49.9,16.6,37.1,2019,0,BB
Company_229,Finance,50.0,16.3,36.6,2020,0,BB
Company_229,Finance,51.7,16.2,39.3,2021,0,BB
Company_229,Finance,54.7,20.0,41.1,2022,0,BB
Company_229,Finance,56.3,18.1,41.9,2023,0,BB
Company_229,Finance,52.7,20.2,37.7,2024,0,BB
Company_229,Finance,51.9,23.5,38.3,2025,0,BB
Company_230,Transportation,41.3,67.9,90.4,2015,2,AA
Company_230,Transportation,40.1,69.3,87.8,2016,2,AA
Company_230,Transportation,39.3,71.4,90.2,2017,2,AA
Company_230,Transportation,39.7,72.8,89.9,2018,2,AA
Company_230,Transportation,38.4,73.1,89.3,2019,2,AA
Company_230,Transportation,40.6,72.1,90.4,2020,2,AA
Company_230,Transportation,44.1,75.6,91.5,2021,2,AA
Company_230,Transportation,50.6,74.5,94.6,2022,2,AA
Company_230,Transportation,48.8,75.9,97.6,2023,2,AA
Company_230,Transportation,50.6,76.6,93.9,2024,2,AA
Company_230,Transportation,52.6,78.3,95.1,2025,2,AAA
Company_231,Technology,64.8,94.0,26.5,2015,2,AA
Company_231,Technology,66.2,97.4,29.6,2016,2,AA
Company_231,Technology,67.4,96.7,34.1,2017,2,AA
Company_231,Technology,69.7,100.0,34.5,2018,2,AA
Company_231,Technology,71.4,100.0,32.8,2019,2,AA
Company_231,Technology,72.3,100.0,35.6,2020,2,AA
Company_231,Technology,73.5,100.0,38.0,2021,2,AA
Company_231,Technology,73.4,99.9,39.4,2022,2,AA
Company_231,Technology,71.4,100.0,39.1,2023,2,AA
Company_231,Technology,75.1,100.0,39.9,2024,2,AA
Company_231,Technology,74.8,100.0,38.5,2025,2,AA
Company_232,Manufacturing,20.2,29.4,31.9,2015,1,CCC
Company_232,Manufacturing,18.5,31.9,32.7,2016,1,CCC
Company_232,Manufacturing,16.6,32.4,34.1,2017,1,CCC
Company_232,Manufacturing,17.1,34.3,36.1,2018,1,CCC
Company_232,Manufacturing,19.4,35.6,37.5,2019,1,BB
Company_232,Manufacturing,19.1,37.3,37.9,2020,1,BB
Company_232,Manufacturing,14.5,35.8,37.4,2021,1,CCC
Company_232,Manufacturing,17.0,36.8,37.8,2022,1,BB
Company_232,Manufacturing,17.9,33.3,37.3,2023,1,CCC
Company_232,Manufacturing,21.1,29.5,36.8,2024,1,CCC
Company_232,Manufacturing,21.1,33.2,38.1,2025,1,BB
Company_233,Transportation,36.7,64.9,55.7,2015,0,A
Company_233,Transportation,37.6,65.3,60.4,2016,0,A
Company_233,Transportation,39.3,64.2,61.6,2017,0,A
Company_233,Transportation,39.3,64.8,62.5,2018,0,A
Company_233,Transportation,37.3,67.3,62.9,2019,0,A
Company_233,Transportation,36.9,65.5,63.5,2020,0,A
Company_233,Transportation,38.2,64.9,63.7,2021,0,A
Company_233,Transportation,41.6,67.0,62.6,2022,0,A
Company_233,Transportation,39.8,65.9,66.4,2023,0,A
Company_233,Transportation,40.5,68.9,68.9,2024,0,A
Company_233,Transportation,43.7,69.5,68.0,2025,0,AA
Company_234,Utilities,21.2,25.2,45.6,2015,1,BB
Company_234,Utilities,26.0,24.0,45.9,2016,1,BB
Company_234,Utilities,27.2,22.2,48.0,2017,1,BB
Company_234,Utilities,29.0,25.3,50.5,2018,1,BB
Company_234,Utilities,30.8,27.6,50.5,2019,1,BB
Company_234,Utilities,30.0,27.7,53.2,2020,1,BB
Company_234,Utilities,29.6,25.8,54.5,2021,1,BB
Company_234,Utilities,29.4,25.2,58.5,2022,1,BB
Company_234,Utilities,28.1,25.3,58.7,2023,1,BB
Company_234,Utilities,28.3,22.2,58.9,2024,1,BB
Company_234,Utilities,31.5,24.2,59.3,2025,1,BB
Company_235,Healthcare,66.0,20.5,12.0,2015,4,BB
Company_235,Healthcare,64.8,21.8,12.8,2016,4,BB
Company_235,Healthcare,66.0,21.5,13.9,2017,4,BB
Company_235,Healthcare,65.6,22.7,14.0,2018,4,BB
Company_235,Healthcare,65.1,22.3,11.2,2019,4,BB
Company_235,Healthcare,69.4,23.0,7.8,2020,4,BB
Company_235,Healthcare,70.6,22.0,10.2,2021,4,BB
Company_235,Healthcare,69.2,26.6,5.8,2022,4,BB
Company_235,Healthcare,71.2,27.1,0.2,2023,4,BB
Company_235,Healthcare,71.9,27.5,4.5,2024,4,BB
Company_235,Healthcare,75.8,28.9,8.0,2025,4,BB
Company_236,Retail,62.9,47.9,91.3,2015,1,AA
Company_236,Retail,64.8,48.1,88.7,2016,1,AA
Company_236,Retail,66.6,48.1,92.9,2017,1,AA
Company_236,Retail,66.2,50.9,95.4,2018,1,AA
Company_236,Retail,68.7,50.5,95.1,2019,1,AA
Company_236,Retail,65.5,52.5,95.0,2020,1,AA
Company_236,Retail,67.8,50.3,97.2,2021,1,AA
Company_236,Retail,64.4,50.1,100.0,2022,1,AA
Company_236,Retail,68.9,53.5,98.6,2023,1,AA
Company_236,Retail,68.5,52.8,98.7,2024,1,AA
Company_236,Retail,70.8,52.9,100.0,2025,1,AA
Company_237,Finance,100.0,49.6,41.1,2015,1,AA
Company_237,Finance,98.5,49.0,40.7,2016,1,AA
Company_237,Finance,97.9,48.5,38.5,2017,1,AA
Company_237,Finance,99.9,51.9,40.7,2018,1,AA
Company_237,Finance,99.2,55.5,41.2,2019,1,AA
Company_237,Finance,100.0,55.1,38.8,2020,1,AA
Company_237,Finance,97.9,55.5,36.6,2021,1,AA
Company_237,Finance,98.3,55.4,38.9,2022,1,AA
Company_237,Finance,97.2,57.5,38.3,2023,1,AA
Company_237,Finance,96.7,57.5,36.9,2024,1,AA
Company_237,Finance,98.6,59.9,37.1,2025,1,AA
Company_238,Retail,75.3,18.7,7.2,2015,4,BB
Company_238,Retail,72.7,17.0,8.5,2016,4,BB
Company_238,Retail,74.7,18.3,8.6,2017,4,BB
Company_238,Retail,78.1,19.4,12.2,2018,4,BB
Company_238,Retail,81.7,21.1,13.6,2019,4,BB
Company_238,Retail,83.6,25.2,16.2,2020,4,BBB
Company_238,Retail,84.3,30.1,18.5,2021,4,BBB
Company_238,Retail,83.6,34.0,14.9,2022,4,BBB
Company_238,Retail,86.6,35.2,16.1,2023,4,BBB
Company_238,Retail,85.4,35.7,18.3,2024,4,BBB
Company_238,Retail,85.6,36.1,21.7,2025,4,BBB
Company_239,Manufacturing,9.6,55.5,78.5,2015,3,BBB
Company_239,Manufacturing,12.9,55.2,79.8,2016,3,BBB
Company_239,Manufacturing,13.3,57.5,78.6,2017,3,BBB
Company_239,Manufacturing,16.0,57.6,76.9,2018,3,A
Company_239,Manufacturing,17.4,58.9,77.1,2019,3,A
Company_239,Manufacturing,14.9,59.7,78.0,2020,3,A
Company_239,Manufacturing,14.8,60.3,78.5,2021,3,A
Company_239,Manufacturing,15.1,56.2,75.8,2022,3,BBB
Company_239,Manufacturing,9.0,59.6,76.3,2023,3,BBB
Company_239,Manufacturing,9.6,60.2,77.2,2024,3,BBB
Company_239,Manufacturing,12.1,58.3,76.1,2025,3,BBB
Company_240,Transportation,36.2,51.7,57.9,2015,6,BBB
Company_240,Transportation,36.5,49.2,57.9,2016,6,BBB
Company_240,Transportation,38.6,47.9,57.2,2017,6,BBB
Company_240,Transportation,38.9,45.2,58.9,2018,6,BBB
Company_240,Transportation,42.4,46.3,58.4,2019,6,BBB
Company_240,Transportation,40.7,47.9,59.6,2020,6,BBB
Company_240,Transportation,41.0,45.4,58.1,2021,6,BBB
Company_240,Transportation,45.2,46.1,58.2,2022,6,BBB
Company_240,Transportation,43.8,48.6,59.4,2023,6,A
Company_240,Transportation,43.6,47.5,56.3,2024,6,BBB
Company_240,Transportation,47.2,45.0,59.1,2025,6,A
Company_241,Finance,89.8,77.3,74.4,2015,1,AAA
Company_241,Finance,89.0,77.2,77.2,2016,1,AAA
Company_241,Finance,90.0,77.8,77.0,2017,1,AAA
Company_241,Finance,91.2,79.3,79.6,2018,1,AAA
Company_241,Finance,94.8,75.2,80.3,2019,1,AAA
Company_241,Finance,96.5,80.4,80.2,2020,1,AAA
Company_241,Finance,95.6,83.9,77.9,2021,1,AAA
Company_241,Finance,98.1,83.1,74.7,2022,1,AAA
Company_241,Finance,100.0,85.0,72.5,2023,1,AAA
Company_241,Finance,100.0,84.1,71.7,2024,1,AAA
Company_241,Finance,100.0,83.6,71.9,2025,1,AAA
Company_242,Finance,83.4,32.4,11.2,2015,3,BBB
Company_242,Finance,82.6,33.9,9.6,2016,3,BBB
Company_242,Finance,85.1,32.3,10.5,2017,3,BBB
Company_242,Finance,86.5,33.2,16.0,2018,3,BBB
Company_242,Finance,85.1,32.7,15.1,2019,3,BBB
Company_242,Finance,86.5,34.3,16.9,2020,3,BBB
Company_242,Finance,87.7,33.6,15.8,2021,3,BBB
Company_242,Finance,91.4,31.1,14.5,2022,3,BBB
Company_242,Finance,96.0,30.3,16.2,2023,3,BBB
Company_242,Finance,97.1,31.1,14.7,2024,3,BBB
Company_242,Finance,94.7,30.0,14.6,2025,3,BBB
Company_243,Transportation,5.2,26.7,63.7,2015,1,BB
Company_243,Transportation,9.8,27.6,67.9,2016,1,BB
Company_243,Transportation,10.9,27.3,71.2,2017,1,BB
Company_243,Transportation,10.9,26.4,76.2,2018,1,BB
Company_243,Transportation,11.8,25.3,76.8,2019,1,BB
Company_243,Transportation,15.1,28.2,73.7,2020,1,BB
Company_243,Transportation,16.4,31.8,74.2,2021,1,BBB
Company_243,Transportation,14.2,31.8,74.6,2022,1,BBB
Company_243,Transportation,13.0,30.9,78.8,2023,1,BBB
Company_243,Transportation,15.2,29.4,78.5,2024,1,BBB
Company_243,Transportation,14.2,28.1,78.8,2025,1,BBB
Company_244,Energy,36.3,80.7,63.4,2015,2,AA
Company_244,Energy,34.9,79.8,65.8,2016,2,AA
Company_244,Energy,36.1,78.5,64.8,2017,2,A
Company_244,Energy,38.9,79.9,64.4,2018,2,AA
Company_244,Energy,39.0,79.4,61.7,2019,2,AA
Company_244,Energy,40.3,80.1,60.8,2020,2,AA
Company_244,Energy,43.5,79.5,66.9,2021,2,AA
Company_244,Energy,43.5,78.9,65.5,2022,2,AA
Company_244,Energy,41.7,82.1,67.5,2023,2,AA
Company_244,Energy,44.8,81.8,65.2,2024,2,AA
Company_244,Energy,45.7,83.7,65.6,2025,2,AA
Company_245,Finance,92.8,89.0,45.7,2015,6,AAA
Company_245,Finance,95.2,87.2,45.8,2016,6,AAA
Company_245,Finance,94.7,88.3,44.2,2017,6,AAA
Company_245,Finance,95.9,86.7,41.2,2018,6,AA
Company_245,Finance,97.8,89.4,42.0,2019,6,AAA
Company_245,Finance,100.0,87.9,43.9,2020,6,AAA
Company_245,Finance,100.0,86.8,43.0,2021,6,AAA
Company_245,Finance,99.4,85.7,44.6,2022,6,AAA
Company_245,Finance,100.0,84.7,47.1,2023,6,AAA
Company_245,Finance,99.9,85.7,44.4,2024,6,AAA
Company_245,Finance,100.0,85.7,47.3,2025,6,AAA
Company_246,Consumer Goods,27.6,61.5,72.4,2015,6,A
Company_246,Consumer Goods,25.3,62.2,69.3,2016,6,A
Company_246,Consumer Goods,26.1,64.2,66.1,2017,6,A
Company_246,Consumer Goods,27.9,64.1,69.5,2018,6,A
Company_246,Consumer Goods,28.2,63.3,68.9,2019,6,A
Company_246,Consumer Goods,31.1,62.3,67.6,2020,6,A
Company_246,Consumer Goods,33.7,64.2,66.4,2021,6,A
Company_246,Consumer Goods,32.8,60.8,67.8,2022,6,A
Company_246,Consumer Goods,34.0,61.6,69.3,2023,6,A
Company_246,Consumer Goods,35.9,62.4,71.5,2024,6,A
Company_246,Consumer Goods,32.9,64.1,70.8,2025,6,A
Company_247,Consumer Goods,34.4,51.8,40.7,2015,1,BBB
Company_247,Consumer Goods,38.9,52.5,41.1,2016,1,BBB
Company_247,Consumer Goods,40.4,56.5,40.5,2017,1,BBB
Company_247,Consumer Goods,43.1,55.4,40.3,2018,1,BBB
Company_247,Consumer Goods,45.1,54.2,43.5,2019,1,BBB
Company_247,Consumer Goods,46.2,53.1,46.7,2020,1,BBB
Company_247,Consumer Goods,48.5,52.6,46.1,2021,1,BBB
Company_247,Consumer Goods,48.4,52.3,44.0,2022,1,BBB
Company_247,Consumer Goods,51.6,51.5,41.5,2023,1,BBB
Company_247,Consumer Goods,49.7,52.7,42.7,2024,1,BBB
Company_247,Consumer Goods,51.7,48.2,45.4,2025,1,BBB
Company_248,Energy,18.5,28.1,19.1,2015,3,CCC
Company_248,Energy,18.5,29.1,15.5,2016,3,CCC
Company_248,Energy,20.6,31.6,10.8,2017,3,CCC
Company_248,Energy,21.0,27.9,12.1,2018,3,CCC
Company_248,Energy,22.5,26.1,11.7,2019,3,CCC
Company_248,Energy,22.8,25.4,12.9,2020,3,CCC
Company_248,Energy,23.0,26.5,14.0,2021,3,CCC
Company_248,Energy,22.9,29.3,18.0,2022,3,CCC
Company_248,Energy,20.3,33.1,20.2,2023,3,CCC
Company_248,Energy,18.6,34.9,20.0,2024,3,CCC
Company_248,Energy,19.5,33.1,20.3,2025,3,CCC
Company_249,Healthcare,61.3,45.8,48.6,2015,1,A
Company_249,Healthcare,59.8,48.8,50.8,2016,1,A
Company_249,Healthcare,61.4,52.3,49.5,2017,1,A
Company_249,Healthcare,63.5,52.4,52.8,2018,1,A
Company_249,Healthcare,68.2,52.6,54.7,2019,1,A
Company_249,Healthcare,69.4,53.0,57.2,2020,1,A
Company_249,Healthcare,71.4,52.1,58.3,2021,1,AA
Company_249,Healthcare,70.5,53.6,59.9,2022,1,AA
Company_249,Healthcare,72.4,49.2,64.3,2023,1,AA
Company_249,Healthcare,74.9,48.9,62.2,2024,1,AA
Company_249,Healthcare,73.9,50.2,62.3,2025,1,AA
Company_250,Manufacturing,49.5,52.6,30.3,2015,4,BBB
Company_250,Manufacturing,50.4,53.7,32.3,2016,4,BBB
Company_250,Manufacturing,49.6,52.8,34.6,2017,4,BBB
Company_250,Manufacturing,50.2,50.8,41.3,2018,4,BBB
Company_250,Manufacturing,53.9,53.5,43.0,2019,4,A
Company_250,Manufacturing,56.2,53.4,43.8,2020,4,A
Company_250,Manufacturing,58.1,59.6,43.4,2021,4,A
Company_250,Manufacturing,60.3,61.3,42.0,2022,4,A
Company_250,Manufacturing,61.3,65.3,40.8,2023,4,A
Company_250,Manufacturing,62.7,65.9,41.5,2024,4,A
Company_250,Manufacturing,68.9,65.5,43.0,2025,4,A
Company_251,Transportation,12.5,49.9,67.8,2015,1,BBB
Company_251,Transportation,14.4,49.3,67.8,2016,1,BBB
Company_251,Transportation,18.8,53.0,68.0,2017,1,BBB
Company_251,Transportation,16.4,55.1,71.1,2018,1,BBB
Company_251,Transportation,18.0,55.5,73.0,2019,1,BBB
Company_251,Transportation,19.3,57.7,75.0,2020,1,A
Company_251,Transportation,20.2,53.6,74.4,2021,1,BBB
Company_251,Transportation,21.8,55.8,75.2,2022,1,A
Company_251,Transportation,27.8,55.0,72.1,2023,1,A
Company_251,Transportation,27.3,56.2,74.3,2024,1,A
Company_251,Transportation,32.0,53.3,77.1,2025,1,A
Company_252,Consumer Goods,53.9,74.3,58.6,2015,5,AA
Company_252,Consumer Goods,55.7,74.5,59.8,2016,5,AA
Company_252,Consumer Goods,55.9,78.1,58.8,2017,5,AA
Company_252,Consumer Goods,56.9,79.4,55.1,2018,5,AA
Company_252,Consumer Goods,62.9,80.2,54.5,2019,5,AA
Company_252,Consumer Goods,64.6,81.9,54.9,2020,5,AA
Company_252,Consumer Goods,64.0,83.0,57.1,2021,5,AA
Company_252,Consumer Goods,62.1,84.4,58.5,2022,5,AA
Company_252,Consumer Goods,65.8,82.7,63.3,2023,5,AA
Company_252,Consumer Goods,67.0,84.4,63.9,2024,5,AA
Company_252,Consumer Goods,66.6,83.7,64.1,2025,5,AA
Company_253,Technology,65.8,94.9,79.0,2015,6,AAA
Company_253,Technology,67.5,95.2,83.9,2016,6,AAA
Company_253,Technology,63.0,96.5,84.0,2017,6,AAA
Company_253,Technology,65.9,95.6,84.4,2018,6,AAA
Company_253,Technology,67.8,96.2,84.7,2019,6,AAA
Company_253,Technology,70.5,97.5,84.6,2020,6,AAA
Company_253,Technology,71.8,98.0,90.9,2021,6,AAA
Company_253,Technology,74.2,99.0,89.9,2022,6,AAA
Company_253,Technology,76.7,95.8,89.0,2023,6,AAA
Company_253,Technology,74.2,94.2,86.5,2024,6,AAA
Company_253,Technology,77.6,94.0,83.4,2025,6,AAA
Company_254,Retail,27.3,68.1,51.6,2015,1,BBB
Company_254,Retail,26.8,67.1,53.7,2016,1,BBB
Company_254,Retail,27.2,66.4,52.1,2017,1,BBB
Company_254,Retail,29.8,64.8,51.4,2018,1,BBB
Company_254,Retail,31.9,66.4,53.4,2019,1,A
Company_254,Retail,30.4,67.1,50.1,2020,1,BBB
Company_254,Retail,32.6,66.4,46.8,2021,1,BBB
Company_254,Retail,30.6,65.1,43.9,2022,1,BBB
Company_254,Retail,34.8,63.5,43.0,2023,1,BBB
Company_254,Retail,34.3,65.2,43.2,2024,1,BBB
Company_254,Retail,33.1,68.5,42.3,2025,1,BBB
Company_255,Consumer Goods,38.9,95.1,36.4,2015,6,A
Company_255,Consumer Goods,37.8,96.5,37.7,2016,6,A
Company_255,Consumer Goods,38.9,97.0,37.2,2017,6,A
Company_255,Consumer Goods,40.8,96.0,36.8,2018,6,A
Company_255,Consumer Goods,43.8,95.8,36.8,2019,6,A
Company_255,Consumer Goods,48.2,98.1,39.6,2020,6,AA
Company_255,Consumer Goods,51.1,98.0,38.4,2021,6,AA
Company_255,Consumer Goods,54.8,100.0,37.4,2022,6,AA
Company_255,Consumer Goods,59.0,100.0,38.3,2023,6,AA
Company_255,Consumer Goods,60.4,100.0,38.0,2024,6,AA
Company_255,Consumer Goods,64.6,100.0,37.8,2025,6,AA
Company_256,Manufacturing,9.5,53.4,50.6,2015,4,BB
Company_256,Manufacturing,11.9,50.3,47.9,2016,4,BB
Company_256,Manufacturing,11.6,50.2,48.2,2017,4,BB
Company_256,Manufacturing,12.3,53.6,48.8,2018,4,BB
Company_256,Manufacturing,13.4,53.0,53.4,2019,4,BB
Company_256,Manufacturing,15.1,52.9,50.8,2020,4,BB
Company_256,Manufacturing,15.6,53.5,51.9,2021,4,BBB
Company_256,Manufacturing,15.5,55.8,52.4,2022,4,BBB
Company_256,Manufacturing,14.9,55.3,50.6,2023,4,BBB
Company_256,Manufacturing,13.9,54.4,48.5,2024,4,BB
Company_256,Manufacturing,16.6,56.2,46.5,2025,4,BB
Company_257,Finance,95.3,36.4,39.2,2015,3,A
Company_257,Finance,93.4,33.7,40.2,2016,3,A
Company_257,Finance,89.7,33.8,40.2,2017,3,A
Company_257,Finance,91.0,33.4,41.9,2018,3,A
Company_257,Finance,90.0,29.4,43.5,2019,3,A
Company_257,Finance,87.7,29.0,43.0,2020,3,A
Company_257,Finance,88.7,29.7,44.8,2021,3,A
Company_257,Finance,91.5,31.8,47.9,2022,3,A
Company_257,Finance,91.6,33.3,48.1,2023,3,A
Company_257,Finance,91.2,33.7,47.2,2024,3,A
Company_257,Finance,90.7,34.7,47.2,2025,3,A
Company_258,Healthcare,78.6,42.6,32.7,2015,3,A
Company_258,Healthcare,76.7,44.3,29.5,2016,3,A
Company_258,Healthcare,78.2,44.5,31.6,2017,3,A
Company_258,Healthcare,77.4,44.6,33.6,2018,3,A
Company_258,Healthcare,78.9,48.0,30.5,2019,3,A
Company_258,Healthcare,78.3,49.0,27.5,2020,3,A
Company_258,Healthcare,81.1,51.5,30.4,2021,3,A
Company_258,Healthcare,83.6,52.6,33.0,2022,3,A
Company_258,Healthcare,84.5,50.0,32.4,2023,3,A
Company_258,Healthcare,86.1,50.7,32.5,2024,3,A
Company_258,Healthcare,87.9,52.1,30.9,2025,3,A
Company_259,Healthcare,37.1,38.5,48.8,2015,5,BBB
Company_259,Healthcare,39.9,42.0,48.7,2016,5,BBB
Company_259,Healthcare,40.4,43.6,48.1,2017,5,BBB
Company_259,Healthcare,43.4,44.4,45.0,2018,5,BBB
Company_259,Healthcare,44.4,46.1,44.5,2019,5,BBB
Company_259,Healthcare,47.9,52.0,43.1,2020,5,BBB
Company_259,Healthcare,50.3,50.1,40.9,2021,5,BBB
Company_259,Healthcare,55.5,50.7,42.0,2022,5,BBB
Company_259,Healthcare,56.4,50.7,44.1,2023,5,A
Company_259,Healthcare,56.7,52.0,43.8,2024,5,A
Company_259,Healthcare,58.4,52.8,46.8,2025,5,A
Company_260,Consumer Goods,89.6,34.8,71.2,2015,3,AA
Company_260,Consumer Goods,91.1,35.3,71.6,2016,3,AA
Company_260,Consumer Goods,91.0,38.8,71.9,2017,3,AA
Company_260,Consumer Goods,91.0,41.9,69.7,2018,3,AA
Company_260,Consumer Goods,91.4,40.2,70.7,2019,3,AA
Company_260,Consumer Goods,92.7,39.2,69.0,2020,3,AA
Company_260,Consumer Goods,96.9,41.8,68.9,2021,3,AA
Company_260,Consumer Goods,100.0,44.2,67.9,2022,3,AA
Company_260,Consumer Goods,100.0,48.3,67.5,2023,3,AA
Company_260,Consumer Goods,100.0,51.2,68.2,2024,3,AA
Company_260,Consumer Goods,100.0,51.9,69.0,2025,3,AA
Company_261,Utilities,38.2,71.6,38.5,2015,1,BBB
Company_261,Utilities,41.2,74.6,38.4,2016,1,A
Company_261,Utilities,41.8,76.5,37.7,2017,1,A
Company_261,Utilities,44.7,75.8,41.1,2018,1,A
Company_261,Utilities,42.1,78.0,43.0,2019,1,A
Company_261,Utilities,43.9,79.8,44.5,2020,1,A
Company_261,Utilities,44.6,79.3,44.5,2021,1,A
Company_261,Utilities,42.6,78.6,44.5,2022,1,A
Company_261,Utilities,46.3,78.5,43.8,2023,1,A
Company_261,Utilities,49.8,74.7,44.4,2024,1,A
Company_261,Utilities,52.7,76.0,40.8,2025,1,A
Company_262,Transportation,38.3,56.1,62.6,2015,6,A
Company_262,Transportation,36.7,55.8,64.3,2016,6,A
Company_262,Transportation,38.8,55.0,67.6,2017,6,A
Company_262,Transportation,39.4,56.2,68.7,2018,6,A
Company_262,Transportation,38.3,55.1,66.2,2019,6,A
Company_262,Transportation,39.3,57.8,65.6,2020,6,A
Company_262,Transportation,42.6,58.1,70.3,2021,6,A
Company_262,Transportation,41.6,57.3,73.3,2022,6,A
Company_262,Transportation,46.0,55.8,71.1,2023,6,A
Company_262,Transportation,47.0,58.7,71.1,2024,6,A
Company_262,Transportation,50.2,57.0,71.0,2025,6,A
Company_263,Utilities,29.7,18.1,52.4,2015,0,BB
Company_263,Utilities,32.4,19.7,52.5,2016,0,BB
Company_263,Utilities,32.4,18.2,53.2,2017,0,BB
Company_263,Utilities,31.2,15.7,49.6,2018,0,BB
Company_263,Utilities,30.2,15.7,46.4,2019,0,BB
Company_263,Utilities,33.5,16.5,48.7,2020,0,BB
Company_263,Utilities,31.7,16.7,50.8,2021,0,BB
Company_263,Utilities,30.9,19.5,49.1,2022,0,BB
Company_263,Utilities,32.5,16.0,51.7,2023,0,BB
Company_263,Utilities,34.6,17.2,51.5,2024,0,BB
Company_263,Utilities,32.6,19.0,50.4,2025,0,BB
Company_264,Consumer Goods,57.6,61.0,18.9,2015,4,BBB
Company_264,Consumer Goods,58.9,58.6,19.7,2016,4,BBB
Company_264,Consumer Goods,63.2,54.6,23.4,2017,4,BBB
Company_264,Consumer Goods,64.5,58.7,20.2,2018,4,BBB
Company_264,Consumer Goods,66.7,59.1,21.4,2019,4,BBB
Company_264,Consumer Goods,65.8,62.9,22.5,2020,4,A
Company_264,Consumer Goods,65.6,62.0,22.9,2021,4,A
Company_264,Consumer Goods,67.3,65.7,23.6,2022,4,A
Company_264,Consumer Goods,67.5,66.0,27.5,2023,4,A
Company_264,Consumer Goods,72.0,64.4,28.9,2024,4,A
Company_264,Consumer Goods,69.3,64.2,29.6,2025,4,A
Company_265,Manufacturing,29.9,21.9,1.7,2015,4,CCC
Company_265,Manufacturing,30.0,25.3,3.5,2016,4,CCC
Company_265,Manufacturing,31.7,26.8,3.1,2017,4,CCC
Company_265,Manufacturing,36.6,29.2,5.6,2018,4,CCC
Company_265,Manufacturing,37.2,31.0,5.0,2019,4,CCC
Company_265,Manufacturing,38.9,29.6,7.3,2020,4,CCC
Company_265,Manufacturing,45.2,32.8,5.5,2021,4,CCC
Company_265,Manufacturing,51.2,30.5,6.4,2022,4,CCC
Company_265,Manufacturing,56.5,33.6,6.6,2023,4,BB
Company_265,Manufacturing,59.6,33.1,4.5,2024,4,BB
Company_265,Manufacturing,58.5,30.9,3.4,2025,4,BB
Company_266,Technology,52.2,64.0,49.5,2015,6,A
Company_266,Technology,51.9,64.0,50.9,2016,6,A
Company_266,Technology,55.7,68.7,51.8,2017,6,A
Company_266,Technology,54.8,68.4,51.5,2018,6,A
Company_266,Technology,58.3,69.2,50.5,2019,6,A
Company_266,Technology,56.5,70.9,47.3,2020,6,A
Company_266,Technology,60.6,71.1,45.0,2021,6,A
Company_266,Technology,59.6,74.6,46.7,2022,6,AA
Company_266,Technology,64.8,74.1,49.5,2023,6,AA
Company_266,Technology,63.6,72.7,49.3,2024,6,AA
Company_266,Technology,62.1,75.0,50.7,2025,6,AA
Company_267,Retail,23.9,42.4,84.1,2015,5,A
Company_267,Retail,26.2,44.2,85.6,2016,5,A
Company_267,Retail,26.0,44.7,86.4,2017,5,A
Company_267,Retail,23.5,44.8,86.3,2018,5,A
Company_267,Retail,21.1,45.1,91.6,2019,5,A
Company_267,Retail,23.2,45.6,87.8,2020,5,A
Company_267,Retail,23.8,44.2,87.4,2021,5,A
Company_267,Retail,22.3,45.2,85.3,2022,5,A
Company_267,Retail,19.8,48.9,83.9,2023,5,A
Company_267,Retail,19.6,50.5,88.3,2024,5,A
Company_267,Retail,20.8,50.7,91.6,2025,5,A
Company_268,Technology,70.8,90.4,55.4,2015,2,AA
Company_268,Technology,71.2,92.4,55.0,2016,2,AA
Company_268,Technology,68.9,91.8,54.6,2017,2,AA
Company_268,Technology,73.3,90.6,55.6,2018,2,AA
Company_268,Technology,76.2,90.3,53.1,2019,2,AA
Company_268,Technology,74.9,92.8,54.0,2020,2,AA
Company_268,Technology,74.7,95.0,54.5,2021,2,AA
Company_268,Technology,76.4,95.6,54.6,2022,2,AAA
Company_268,Technology,77.4,97.6,54.9,2023,2,AAA
Company_268,Technology,80.1,97.7,56.9,2024,2,AAA
Company_268,Technology,82.9,97.5,61.3,2025,2,AAA
Company_269,Healthcare,72.9,30.5,20.2,2015,3,BBB
Company_269,Healthcare,77.7,29.6,22.1,2016,3,BBB
Company_269,Healthcare,77.0,29.5,22.3,2017,3,BBB
Company_269,Healthcare,78.6,30.8,24.1,2018,3,BBB
Company_269,Healthcare,80.0,30.5,23.0,2019,3,BBB
Company_269,Healthcare,80.9,34.6,23.4,2020,3,BBB
Company_269,Healthcare,79.8,31.6,23.8,2021,3,BBB
Company_269,Healthcare,81.2,29.2,25.2,2022,3,BBB
Company_269,Healthcare,84.2,28.8,23.7,2023,3,BBB
Company_269,Healthcare,84.9,28.3,28.4,2024,3,BBB
Company_269,Healthcare,85.6,27.2,26.7,2025,3,BBB
Company_270,Manufacturing,47.0,49.5,51.7,2015,1,BBB
Company_270,Manufacturing,50.2,49.6,52.4,2016,1,A
Company_270,Manufacturing,53.2,50.5,54.5,2017,1,A
Company_270,Manufacturing,52.1,51.6,58.3,2018,1,A
Company_270,Manufacturing,51.2,51.3,60.0,2019,1,A
Company_270,Manufacturing,53.3,49.0,62.6,2020,1,A
Company_270,Manufacturing,54.6,49.7,61.0,2021,1,A
Company_270,Manufacturing,55.1,47.2,61.7,2022,1,A
Company_270,Manufacturing,57.7,50.0,60.9,2023,1,A
Company_270,Manufacturing,59.1,49.8,60.3,2024,1,A
Company_270,Manufacturing,58.5,49.3,61.4,2025,1,A
Company_271,Healthcare,57.9,53.2,51.8,2015,2,A
Company_271,Healthcare,57.4,54.9,56.6,2016,2,A
Company_271,Healthcare,60.5,53.6,56.2,2017,2,A
Company_271,Healthcare,61.9,52.5,56.7,2018,2,A
Company_271,Healthcare,61.3,54.6,56.4,2019,2,A
Company_271,Healthcare,58.7,56.6,55.3,2020,2,A
Company_271,Healthcare,60.3,56.4,58.1,2021,2,A
Company_271,Healthcare,62.6,57.3,59.6,2022,2,A
Company_271,Healthcare,65.5,57.3,59.5,2023,2,AA
Company_271,Healthcare,64.2,59.8,61.6,2024,2,AA
Company_271,Healthcare,65.0,61.1,62.9,2025,2,AA
Company_272,Energy,21.2,74.8,23.4,2015,6,BB
Company_272,Energy,24.3,78.6,21.9,2016,6,BBB
Company_272,Energy,26.7,80.8,21.9,2017,6,BBB
Company_272,Energy,27.8,81.9,23.8,2018,6,BBB
Company_272,Energy,29.0,81.6,23.4,2019,6,BBB
Company_272,Energy,29.9,83.9,28.5,2020,6,BBB
Company_272,Energy,29.1,86.1,32.9,2021,6,BBB
Company_272,Energy,31.3,84.6,34.8,2022,6,A
Company_272,Energy,29.7,84.5,32.5,2023,6,BBB
Company_272,Energy,28.1,86.1,34.8,2024,6,BBB
Company_272,Energy,27.1,83.8,37.6,2025,6,BBB
Company_273,Transportation,32.4,85.0,19.6,2015,3,BBB
Company_273,Transportation,36.2,82.3,20.5,2016,3,BBB
Company_273,Transportation,34.8,83.9,17.8,2017,3,BBB
Company_273,Transportation,34.0,86.6,21.1,2018,3,BBB
Company_273,Transportation,37.1,89.7,19.3,2019,3,BBB
Company_273,Transportation,36.5,90.8,23.0,2020,3,A
Company_273,Transportation,37.0,94.1,25.8,2021,3,A
Company_273,Transportation,39.0,92.3,24.0,2022,3,A
Company_273,Transportation,35.9,91.1,25.8,2023,3,A
Company_273,Transportation,38.1,91.2,26.1,2024,3,A
Company_273,Transportation,37.9,91.1,28.2,2025,3,A
Company_274,Transportation,16.3,28.5,62.9,2015,1,BB
Company_274,Transportation,19.2,27.4,64.6,2016,1,BB
Company_274,Transportation,19.8,27.0,67.5,2017,1,BB
Company_274,Transportation,19.6,30.5,68.3,2018,1,BB
Company_274,Transportation,20.3,27.2,68.3,2019,1,BB
Company_274,Transportation,21.0,29.6,67.2,2020,1,BB
Company_274,Transportation,18.0,31.7,70.0,2021,1,BB
Company_274,Transportation,17.8,29.4,71.3,2022,1,BB
Company_274,Transportation,16.0,31.3,71.7,2023,1,BB
Company_274,Transportation,19.8,31.4,71.2,2024,1,BBB
Company_274,Transportation,21.7,30.3,69.6,2025,1,BBB
Company_275,Healthcare,83.0,15.0,34.6,2015,4,BBB
Company_275,Healthcare,84.1,17.1,37.9,2016,4,BBB
Company_275,Healthcare,83.9,21.4,37.0,2017,4,BBB
Company_275,Healthcare,85.9,20.2,39.4,2018,4,BBB
Company_275,Healthcare,85.8,19.3,39.0,2019,4,BBB
Company_275,Healthcare,86.3,20.5,39.3,2020,4,BBB
Company_275,Healthcare,87.4,20.9,38.0,2021,4,BBB
Company_275,Healthcare,87.4,18.9,36.7,2022,4,BBB
Company_275,Healthcare,86.2,17.0,38.8,2023,4,BBB
Company_275,Healthcare,89.4,15.5,40.6,2024,4,BBB
Company_275,Healthcare,91.5,17.4,46.6,2025,4,A
Company_276,Transportation,9.1,90.6,35.5,2015,5,BBB
Company_276,Transportation,4.8,91.7,37.9,2016,5,BBB
Company_276,Transportation,6.5,93.6,37.5,2017,5,BBB
Company_276,Transportation,8.1,97.3,37.9,2018,5,BBB
Company_276,Transportation,13.4,96.1,40.5,2019,5,A
Company_276,Transportation,13.0,96.3,40.3,2020,5,BBB
Company_276,Transportation,16.4,98.2,41.0,2021,5,A
Company_276,Transportation,16.8,98.8,41.3,2022,5,A
Company_276,Transportation,18.3,100.0,36.9,2023,5,A
Company_276,Transportation,18.0,99.6,38.4,2024,5,A
Company_276,Transportation,19.2,100.0,38.9,2025,5,A
Company_277,Transportation,70.9,37.1,4.8,2015,4,BB
Company_277,Transportation,68.2,39.5,4.7,2016,4,BB
Company_277,Transportation,69.6,39.6,5.2,2017,4,BB
Company_277,Transportation,68.2,41.0,3.4,2018,4,BB
Company_277,Transportation,64.7,44.2,3.5,2019,4,BB
Company_277,Transportation,64.2,42.4,0.3,2020,4,BB
Company_277,Transportation,63.3,42.3,3.7,2021,4,BB
Company_277,Transportation,64.0,40.2,4.5,2022,4,BB
Company_277,Transportation,66.0,42.1,5.7,2023,4,BB
Company_277,Transportation,66.4,41.6,4.1,2024,4,BB
Company_277,Transportation,69.7,42.2,6.1,2025,4,BB
Company_278,Utilities,19.9,48.2,55.0,2015,2,BBB
Company_278,Utilities,18.9,47.1,54.6,2016,2,BBB
Company_278,Utilities,19.3,48.4,54.8,2017,2,BBB
Company_278,Utilities,15.7,48.6,58.1,2018,2,BBB
Company_278,Utilities,16.1,52.9,59.8,2019,2,BBB
Company_278,Utilities,14.6,53.5,62.8,2020,2,BBB
Company_278,Utilities,12.3,54.5,65.0,2021,2,BBB
Company_278,Utilities,15.9,54.7,63.5,2022,2,BBB
Company_278,Utilities,16.1,53.3,67.1,2023,2,BBB
Company_278,Utilities,17.4,50.5,67.5,2024,2,BBB
Company_278,Utilities,18.9,49.8,63.7,2025,2,BBB
Company_279,Consumer Goods,52.7,34.0,32.1,2015,0,BB
Company_279,Consumer Goods,54.1,34.8,35.7,2016,0,BBB
Company_279,Consumer Goods,56.5,35.3,33.4,2017,0,BBB
Company_279,Consumer Goods,56.6,37.1,29.7,2018,0,BBB
Company_279,Consumer Goods,60.7,36.5,29.9,2019,0,BBB
Company_279,Consumer Goods,59.8,38.6,26.4,2020,0,BBB
Company_279,Consumer Goods,63.3,40.1,24.7,2021,0,BBB
Company_279,Consumer Goods,65.6,45.1,25.2,2022,0,BBB
Company_279,Consumer Goods,63.6,44.7,26.7,2023,0,BBB
Company_279,Consumer Goods,64.0,44.6,25.8,2024,0,BBB
Company_279,Consumer Goods,63.9,44.2,25.4,2025,0,BBB
Company_280,Transportation,81.8,40.1,4.7,2015,0,BBB
Company_280,Transportation,83.4,37.9,6.6,2016,0,BBB
Company_280,Transportation,85.6,36.6,9.0,2017,0,BBB
Company_280,Transportation,91.0,36.5,9.9,2018,0,BBB
Company_280,Transportation,93.0,39.9,13.5,2019,0,BBB
Company_280,Transportation,97.3,40.5,18.2,2020,0,A
Company_280,Transportation,96.4,42.2,16.8,2021,0,A
Company_280,Transportation,95.1,39.9,17.3,2022,0,A
Company_280,Transportation,97.6,42.9,19.7,2023,0,A
Company_280,Transportation,100.0,46.1,22.5,2024,0,A
Company_280,Transportation,100.0,46.2,21.1,2025,0,A
Company_281,Healthcare,58.8,3.2,68.9,2015,4,BBB
Company_281,Healthcare,59.0,3.1,68.0,2016,4,BBB
Company_281,Healthcare,58.6,4.7,68.2,2017,4,BBB
Company_281,Healthcare,57.9,4.6,70.1,2018,4,BBB
Company_281,Healthcare,57.4,7.1,72.9,2019,4,BBB
Company_281,Healthcare,60.9,8.1,72.3,2020,4,BBB
Company_281,Healthcare,63.7,6.1,73.3,2021,4,BBB
Company_281,Healthcare,66.3,6.0,74.4,2022,4,BBB
Company_281,Healthcare,66.8,8.7,77.0,2023,4,A
Company_281,Healthcare,66.4,5.9,76.1,2024,4,BBB
Company_281,Healthcare,66.5,7.5,78.7,2025,4,A
Company_282,Transportation,46.1,27.0,64.3,2015,3,BBB
Company_282,Transportation,47.7,26.4,65.9,2016,3,BBB
Company_282,Transportation,45.7,28.8,65.9,2017,3,BBB
Company_282,Transportation,50.3,29.9,67.4,2018,3,BBB
Company_282,Transportation,49.3,29.2,67.3,2019,3,BBB
Company_282,Transportation,48.8,31.1,68.6,2020,3,BBB
Company_282,Transportation,50.0,32.3,72.8,2021,3,A
Company_282,Transportation,54.9,34.6,73.0,2022,3,A
Company_282,Transportation,52.7,33.8,76.6,2023,3,A
Company_282,Transportation,48.8,35.2,73.0,2024,3,A
Company_282,Transportation,47.5,34.7,72.9,2025,3,A
Company_283,Retail,60.4,74.7,78.4,2015,1,AA
Company_283,Retail,59.3,74.2,80.3,2016,1,AA
Company_283,Retail,57.9,76.2,83.1,2017,1,AA
Company_283,Retail,59.0,71.9,84.5,2018,1,AA
Company_283,Retail,58.5,74.7,82.9,2019,1,AA
Company_283,Retail,56.8,74.5,83.7,2020,1,AA
Company_283,Retail,56.9,72.8,82.9,2021,1,AA
Company_283,Retail,61.1,71.7,77.9,2022,1,AA
Company_283,Retail,59.3,72.1,78.8,2023,1,AA
Company_283,Retail,61.2,69.5,77.1,2024,1,AA
Company_283,Retail,64.7,73.1,79.9,2025,1,AA
Company_284,Retail,85.9,47.9,56.1,2015,1,AA
Company_284,Retail,86.5,49.3,59.0,2016,1,AA
Company_284,Retail,89.5,51.9,60.0,2017,1,AA
Company_284,Retail,92.3,55.0,60.2,2018,1,AA
Company_284,Retail,94.0,55.9,62.2,2019,1,AA
Company_284,Retail,94.1,58.3,62.1,2020,1,AA
Company_284,Retail,93.0,59.0,61.0,2021,1,AA
Company_284,Retail,92.5,53.4,61.8,2022,1,AA
Company_284,Retail,90.0,56.1,65.4,2023,1,AA
Company_284,Retail,93.3,58.2,62.0,2024,1,AA
Company_284,Retail,95.8,56.1,62.2,2025,1,AA
Company_285,Energy,37.8,38.6,59.1,2015,3,BBB
Company_285,Energy,40.5,42.0,59.5,2016,3,BBB
Company_285,Energy,41.1,43.5,60.9,2017,3,BBB
Company_285,Energy,43.6,48.4,61.5,2018,3,A
Company_285,Energy,44.8,50.1,62.6,2019,3,A
Company_285,Energy,47.8,52.0,62.3,2020,3,A
Company_285,Energy,47.6,49.0,66.6,2021,3,A
Company_285,Energy,48.4,44.3,65.7,2022,3,A
Company_285,Energy,50.6,44.4,65.6,2023,3,A
Company_285,Energy,54.4,45.0,63.5,2024,3,A
Company_285,Energy,56.9,48.5,65.7,2025,3,A
Company_286,Transportation,40.5,63.2,61.4,2015,5,A
Company_286,Transportation,38.9,67.0,62.8,2016,5,A
Company_286,Transportation,37.2,69.1,63.5,2017,5,A
Company_286,Transportation,38.6,69.7,63.6,2018,5,A
Company_286,Transportation,42.4,72.6,62.3,2019,5,A
Company_286,Transportation,45.8,78.4,63.6,2020,5,AA
Company_286,Transportation,45.2,83.2,65.8,2021,5,AA
Company_286,Transportation,47.2,83.5,65.8,2022,5,AA
Company_286,Transportation,49.1,84.4,65.2,2023,5,AA
Company_286,Transportation,49.7,87.2,68.3,2024,5,AA
Company_286,Transportation,48.8,91.7,70.5,2025,5,AA
Company_287,Transportation,57.4,45.4,23.1,2015,0,BBB
Company_287,Transportation,62.0,45.2,21.0,2016,0,BBB
Company_287,Transportation,61.0,44.1,20.8,2017,0,BBB
Company_287,Transportation,64.2,46.2,21.3,2018,0,BBB
Company_287,Transportation,65.8,48.1,24.5,2019,0,BBB
Company_287,Transportation,65.0,47.8,29.1,2020,0,BBB
Company_287,Transportation,66.8,51.8,27.7,2021,0,BBB
Company_287,Transportation,65.2,52.9,26.2,2022,0,BBB
Company_287,Transportation,60.6,55.3,25.2,2023,0,BBB
Company_287,Transportation,59.3,55.5,19.6,2024,0,BBB
Company_287,Transportation,60.0,58.0,23.0,2025,0,BBB
Company_288,Technology,77.1,72.2,33.3,2015,1,AA
Company_288,Technology,78.6,74.2,34.7,2016,1,AA
Company_288,Technology,76.6,73.4,38.1,2017,1,AA
Company_288,Technology,76.2,75.4,37.0,2018,1,AA
Company_288,Technology,79.3,77.3,34.8,2019,1,AA
Company_288,Technology,79.7,74.0,34.9,2020,1,AA
Company_288,Technology,78.7,73.7,35.7,2021,1,AA
Company_288,Technology,80.6,70.6,38.0,2022,1,AA
Company_288,Technology,79.9,72.5,42.3,2023,1,AA
Company_288,Technology,83.8,74.0,42.8,2024,1,AA
Company_288,Technology,85.1,73.0,43.7,2025,1,AA
Company_289,Healthcare,22.8,13.2,54.4,2015,1,BB
Company_289,Healthcare,23.4,15.9,53.1,2016,1,BB
Company_289,Healthcare,25.0,19.5,51.5,2017,1,BB
Company_289,Healthcare,24.6,18.1,52.4,2018,1,BB
Company_289,Healthcare,27.4,18.4,52.0,2019,1,BB
Company_289,Healthcare,28.2,17.7,52.7,2020,1,BB
Company_289,Healthcare,24.4,21.8,52.6,2021,1,BB
Company_289,Healthcare,27.9,19.2,56.7,2022,1,BB
Company_289,Healthcare,29.4,23.8,57.0,2023,1,BB
Company_289,Healthcare,30.3,23.5,58.3,2024,1,BB
Company_289,Healthcare,32.6,23.1,59.5,2025,1,BB
Company_290,Transportation,24.0,25.2,24.3,2015,0,CCC
Company_290,Transportation,27.2,27.5,26.4,2016,0,CCC
Company_290,Transportation,27.8,23.0,27.2,2017,0,CCC
Company_290,Transportation,30.8,25.2,24.8,2018,0,CCC
Company_290,Transportation,30.2,23.2,22.6,2019,0,CCC
Company_290,Transportation,29.3,26.2,23.1,2020,0,CCC
Company_290,Transportation,30.3,25.3,23.2,2021,0,CCC
Company_290,Transportation,30.9,25.4,23.0,2022,0,CCC
Company_290,Transportation,30.8,28.5,25.8,2023,0,CCC
Company_290,Transportation,33.7,26.4,26.5,2024,0,CCC
Company_290,Transportation,34.4,32.0,25.5,2025,0,BB
Company_291,Technology,79.7,86.5,13.7,2015,6,A
Company_291,Technology,80.5,86.4,14.2,2016,6,AA
Company_291,Technology,84.6,88.1,17.6,2017,6,AA
Company_291,Technology,85.0,89.0,13.9,2018,6,AA
Company_291,Technology,84.9,89.1,14.2,2019,6,AA
Company_291,Technology,82.7,89.4,9.7,2020,6,AA
Company_291,Technology,83.5,89.6,6.7,2021,6,A
Company_291,Technology,84.0,86.8,9.7,2022,6,AA
Company_291,Technology,86.4,85.2,9.4,2023,6,AA
Company_291,Technology,84.0,88.1,9.1,2024,6,AA
Company_291,Technology,85.4,87.1,12.1,2025,6,AA
Company_292,Utilities,29.7,20.6,18.5,2015,1,CCC
Company_292,Utilities,26.1,18.7,20.3,2016,1,CCC
Company_292,Utilities,24.1,18.3,21.1,2017,1,CCC
Company_292,Utilities,27.6,17.5,19.1,2018,1,CCC
Company_292,Utilities,28.3,17.4,18.0,2019,1,CCC
Company_292,Utilities,26.7,21.4,14.4,2020,1,CCC
Company_292,Utilities,28.4,23.8,14.1,2021,1,CCC
Company_292,Utilities,28.9,26.9,16.2,2022,1,CCC
Company_292,Utilities,30.6,28.4,17.5,2023,1,CCC
Company_292,Utilities,34.0,27.3,17.7,2024,1,CCC
Company_292,Utilities,34.3,27.6,16.5,2025,1,CCC
Company_293,Finance,80.4,62.6,46.0,2015,5,AA
Company_293,Finance,82.2,65.4,48.6,2016,5,AA
Company_293,Finance,84.5,64.3,49.7,2017,5,AA
Company_293,Finance,84.1,62.4,52.5,2018,5,AA
Company_293,Finance,86.2,65.3,51.9,2019,5,AA
Company_293,Finance,86.9,66.2,52.5,2020,5,AA
Company_293,Finance,88.2,67.8,51.8,2021,5,AA
Company_293,Finance,90.4,68.2,50.7,2022,5,AA
Company_293,Finance,90.6,69.6,53.4,2023,5,AA
Company_293,Finance,89.3,70.1,54.0,2024,5,AA
Company_293,Finance,89.0,70.3,56.3,2025,5,AA
Company_294,Healthcare,64.2,98.7,79.7,2015,6,AAA
Company_294,Healthcare,68.0,100.0,78.3,2016,6,AAA
Company_294,Healthcare,66.7,99.4,80.3,2017,6,AAA
Company_294,Healthcare,68.6,97.1,83.3,2018,6,AAA
Company_294,Healthcare,66.3,90.3,86.0,2019,6,AAA
Company_294,Healthcare,67.6,90.1,85.2,2020,6,AAA
Company_294,Healthcare,71.4,88.3,86.3,2021,6,AAA
Company_294,Healthcare,72.6,90.4,83.3,2022,6,AAA
Company_294,Healthcare,74.5,86.8,85.5,2023,6,AAA
Company_294,Healthcare,80.0,87.5,88.8,2024,6,AAA
Company_294,Healthcare,78.3,87.0,90.8,2025,6,AAA
Company_295,Finance,85.7,71.3,72.1,2015,2,AAA
Company_295,Finance,85.2,72.0,69.8,2016,2,AAA
Company_295,Finance,86.7,76.1,71.3,2017,2,AAA
Company_295,Finance,87.3,79.1,70.2,2018,2,AAA
Company_295,Finance,87.2,82.2,73.3,2019,2,AAA
Company_295,Finance,86.7,79.2,72.4,2020,2,AAA
Company_295,Finance,83.1,80.1,73.3,2021,2,AAA
Company_295,Finance,82.8,79.9,72.4,2022,2,AAA
Company_295,Finance,82.4,78.8,73.0,2023,2,AAA
Company_295,Finance,83.1,78.2,70.2,2024,2,AAA
Company_295,Finance,87.0,80.0,68.2,2025,2,AAA
Company_296,Utilities,46.9,67.4,35.4,2015,3,BBB
Company_296,Utilities,49.9,70.2,34.0,2016,3,A
Company_296,Utilities,49.5,70.0,34.9,2017,3,A
Company_296,Utilities,50.4,71.5,33.8,2018,3,A
Company_296,Utilities,50.4,72.1,36.9,2019,3,A
Company_296,Utilities,49.5,72.8,35.3,2020,3,A
Company_296,Utilities,49.3,71.7,35.1,2021,3,A
Company_296,Utilities,52.5,67.9,39.1,2022,3,A
Company_296,Utilities,54.0,67.9,39.8,2023,3,A
Company_296,Utilities,54.9,72.9,40.0,2024,3,A
Company_296,Utilities,57.4,75.4,37.7,2025,3,A
Company_297,Retail,38.9,55.5,33.9,2015,0,BBB
Company_297,Retail,43.1,56.7,39.6,2016,0,BBB
Company_297,Retail,42.8,58.0,42.0,2017,0,BBB
Company_297,Retail,42.5,59.6,41.4,2018,0,BBB
Company_297,Retail,41.1,63.3,41.6,2019,0,BBB
Company_297,Retail,40.3,65.8,42.4,2020,0,BBB
Company_297,Retail,42.4,66.6,42.5,2021,0,A
Company_297,Retail,42.5,66.7,42.5,2022,0,A
Company_297,Retail,41.3,69.9,41.1,2023,0,A
Company_297,Retail,43.2,68.9,43.5,2024,0,A
Company_297,Retail,43.7,70.7,45.9,2025,0,A
Company_298,Utilities,31.4,52.4,15.0,2015,4,BB
Company_298,Utilities,29.9,51.5,17.2,2016,4,BB
Company_298,Utilities,30.9,50.2,19.8,2017,4,BB
Company_298,Utilities,30.9,50.1,18.7,2018,4,BB
Company_298,Utilities,35.2,50.0,18.4,2019,4,BB
Company_298,Utilities,34.9,52.9,15.1,2020,4,BB
Company_298,Utilities,39.6,55.0,14.5,2021,4,BB
Company_298,Utilities,38.6,56.1,14.9,2022,4,BB
Company_298,Utilities,39.2,57.3,12.6,2023,4,BB
Company_298,Utilities,40.4,57.9,12.9,2024,4,BB
Company_298,Utilities,39.8,61.5,11.6,2025,4,BB
Company_299,Consumer Goods,38.4,61.5,45.7,2015,5,BBB
Company_299,Consumer Goods,42.9,59.9,46.3,2016,5,BBB
Company_299,Consumer Goods,45.5,61.5,45.8,2017,5,A
Company_299,Consumer Goods,46.7,63.0,48.8,2018,5,A
Company_299,Consumer Goods,46.6,66.0,49.8,2019,5,A
Company_299,Consumer Goods,44.9,67.2,52.4,2020,5,A
Company_299,Consumer Goods,44.8,66.0,54.6,2021,5,A
Company_299,Consumer Goods,40.8,65.2,54.8,2022,5,A
Company_299,Consumer Goods,39.6,66.7,55.8,2023,5,A
Company_299,Consumer Goods,41.2,67.5,55.0,2024,5,A
Company_299,Consumer Goods,43.7,66.5,53.2,2025,5,A
Company_300,Manufacturing,37.9,53.6,64.1,2015,2,A
Company_300,Manufacturing,40.7,53.6,64.6,2016,2,A
Company_300,Manufacturing,39.3,54.0,65.1,2017,2,A
Company_300,Manufacturing,39.6,59.5,66.5,2018,2,A
Company_300,Manufacturing,40.7,61.8,67.3,2019,2,A
Company_300,Manufacturing,43.1,64.7,65.8,2020,2,A
Company_300,Manufacturing,46.4,65.6,67.9,2021,2,A
Company_300,Manufacturing,45.4,69.8,67.3,2022,2,AA
Company_300,Manufacturing,46.3,70.8,72.5,2023,2,AA
Company_300,Manufacturing,47.0,73.4,71.1,2024,2,AA
Company_300,Manufacturing,51.6,74.9,70.5,2025,2,AA
Company_301,Finance,99.8,32.2,21.1,2015,4,A
Company_301,Finance,100.0,34.2,20.7,2016,4,A
Company_301,Finance,99.1,32.9,22.7,2017,4,A
Company_301,Finance,98.2,31.5,22.7,2018,4,A
Company_301,Finance,99.4,31.6,22.4,2019,4,A
Company_301,Finance,100.0,31.8,22.1,2020,4,A
Company_301,Finance,100.0,30.6,22.9,2021,4,A
Company_301,Finance,97.2,31.4,28.1,2022,4,A
Company_301,Finance,98.7,31.3,28.7,2023,4,A
Company_301,Finance,98.3,31.2,28.4,2024,4,A
Company_301,Finance,98.2,29.4,29.1,2025,4,A
Company_302,Energy,15.7,25.5,2.2,2015,3,CCC
Company_302,Energy,16.0,23.0,0.4,2016,3,CCC
Company_302,Energy,16.5,22.9,0.8,2017,3,CCC
Company_302,Energy,16.7,19.2,1.6,2018,3,CCC
Company_302,Energy,18.9,18.2,1.4,2019,3,CCC
Company_302,Energy,17.8,16.8,0.3,2020,3,CCC
Company_302,Energy,19.2,15.7,0.0,2021,3,CCC
Company_302,Energy,24.3,16.0,0.0,2022,3,CCC
Company_302,Energy,27.1,13.1,2.4,2023,3,CCC
Company_302,Energy,31.5,12.3,0.1,2024,3,CCC
Company_302,Energy,31.5,14.8,1.8,2025,3,CCC
Company_303,Energy,25.1,72.4,70.3,2015,6,A
Company_303,Energy,24.3,72.2,68.0,2016,6,A
Company_303,Energy,23.3,70.5,70.7,2017,6,A
Company_303,Energy,25.9,70.7,68.8,2018,6,A
Company_303,Energy,26.4,72.0,69.0,2019,6,A
Company_303,Energy,26.5,73.6,68.0,2020,6,A
Company_303,Energy,29.9,74.5,73.6,2021,6,A
Company_303,Energy,28.9,73.1,72.8,2022,6,A
Company_303,Energy,27.8,73.8,74.7,2023,6,A
Company_303,Energy,26.2,75.3,73.2,2024,6,A
Company_303,Energy,25.8,74.8,73.2,2025,6,A
Company_304,Technology,90.7,26.0,38.5,2015,1,A
Company_304,Technology,90.8,24.9,41.5,2016,1,A
Company_304,Technology,89.3,28.0,43.4,2017,1,A
Company_304,Technology,88.7,29.5,43.0,2018,1,A
Company_304,Technology,91.6,29.8,41.6,2019,1,A
Company_304,Technology,93.5,32.2,43.0,2020,1,A
Company_304,Technology,93.7,36.2,43.4,2021,1,A
Company_304,Technology,94.3,33.9,44.0,2022,1,A
Company_304,Technology,91.8,34.1,45.1,2023,1,A
Company_304,Technology,92.8,32.6,47.4,2024,1,A
Company_304,Technology,97.0,37.3,46.9,2025,1,AA
Company_305,Manufacturing,59.2,39.2,71.5,2015,3,A
Company_305,Manufacturing,59.6,39.7,74.8,2016,3,A
Company_305,Manufacturing,59.5,38.7,75.3,2017,3,A
Company_305,Manufacturing,56.8,40.6,77.7,2018,3,A
Company_305,Manufacturing,53.8,41.7,76.7,2019,3,A
Company_305,Manufacturing,53.4,42.2,81.0,2020,3,A
Company_305,Manufacturing,54.1,43.4,82.1,2021,3,A
Company_305,Manufacturing,56.2,41.3,83.0,2022,3,AA
Company_305,Manufacturing,57.1,47.7,82.6,2023,3,AA
Company_305,Manufacturing,55.9,51.8,80.5,2024,3,AA
Company_305,Manufacturing,56.3,57.0,81.9,2025,3,AA
Company_306,Healthcare,78.6,30.4,25.1,2015,3,BBB
Company_306,Healthcare,80.1,29.7,26.8,2016,3,BBB
Company_306,Healthcare,80.6,28.7,27.7,2017,3,BBB
Company_306,Healthcare,76.8,26.4,30.9,2018,3,BBB
Company_306,Healthcare,77.7,28.9,34.6,2019,3,BBB
Company_306,Healthcare,82.5,32.0,37.6,2020,3,A
Company_306,Healthcare,84.5,34.5,36.2,2021,3,A
Company_306,Healthcare,84.0,33.9,37.1,2022,3,A
Company_306,Healthcare,85.1,34.2,41.4,2023,3,A
Company_306,Healthcare,82.2,34.0,39.9,2024,3,A
Company_306,Healthcare,82.3,34.8,40.3,2025,3,A
Company_307,Finance,99.9,73.7,3.5,2015,4,A
Company_307,Finance,100.0,72.0,3.6,2016,4,A
Company_307,Finance,100.0,72.7,4.5,2017,4,A
Company_307,Finance,98.8,72.9,5.9,2018,4,A
Company_307,Finance,97.1,73.9,8.3,2019,4,A
Company_307,Finance,100.0,75.8,7.8,2020,4,AA
Company_307,Finance,100.0,78.5,8.7,2021,4,AA
Company_307,Finance,100.0,80.2,13.4,2022,4,AA
Company_307,Finance,100.0,81.2,16.4,2023,4,AA
Company_307,Finance,100.0,80.2,19.0,2024,4,AA
Company_307,Finance,100.0,81.6,21.2,2025,4,AA
Company_308,Finance,97.5,62.3,49.2,2015,1,AA
Company_308,Finance,99.5,60.7,53.5,2016,1,AA
Company_308,Finance,98.5,65.1,54.8,2017,1,AA
Company_308,Finance,96.9,67.0,52.1,2018,1,AA
Company_308,Finance,98.8,64.2,51.8,2019,1,AA
Company_308,Finance,99.9,60.1,50.5,2020,1,AA
Company_308,Finance,96.9,59.3,49.2,2021,1,AA
Company_308,Finance,98.3,58.1,50.6,2022,1,AA
Company_308,Finance,98.3,59.3,50.0,2023,1,AA
Company_308,Finance,100.0,60.1,49.9,2024,1,AA
Company_308,Finance,100.0,60.1,50.5,2025,1,AA
Company_309,Transportation,41.8,45.0,72.2,2015,5,A
Company_309,Transportation,43.6,44.2,73.0,2016,5,A
Company_309,Transportation,48.3,47.8,72.1,2017,5,A
Company_309,Transportation,48.8,45.6,74.0,2018,5,A
Company_309,Transportation,48.1,47.8,71.9,2019,5,A
Company_309,Transportation,44.7,50.5,72.7,2020,5,A
Company_309,Transportation,45.9,50.6,76.8,2021,5,A
Company_309,Transportation,46.2,53.3,73.8,2022,5,A
Company_309,Transportation,47.0,58.1,72.2,2023,5,A
Company_309,Transportation,48.0,61.7,73.9,2024,5,AA
Company_309,Transportation,46.4,63.1,77.8,2025,5,AA
Company_310,Energy,61.3,39.4,22.2,2015,0,BBB
Company_310,Energy,61.5,41.9,24.8,2016,0,BBB
Company_310,Energy,66.5,44.5,26.6,2017,0,BBB
Company_310,Energy,70.6,43.5,27.0,2018,0,BBB
Company_310,Energy,71.0,43.9,28.4,2019,0,BBB
Company_310,Energy,70.6,45.8,27.8,2020,0,BBB
Company_310,Energy,71.4,50.3,25.9,2021,0,BBB
Company_310,Energy,70.8,52.9,31.2,2022,0,A
Company_310,Energy,69.6,51.8,33.5,2023,0,A
Company_310,Energy,69.8,50.6,30.3,2024,0,A
Company_310,Energy,71.9,55.2,32.7,2025,0,A
Company_311,Consumer Goods,2.7,14.7,4.7,2015,4,CCC
Company_311,Consumer Goods,0.0,14.5,4.4,2016,4,CCC
Company_311,Consumer Goods,2.7,12.6,6.1,2017,4,CCC
Company_311,Consumer Goods,5.5,13.0,8.3,2018,4,CCC
Company_311,Consumer Goods,6.6,11.6,7.4,2019,4,CCC
Company_311,Consumer Goods,8.5,13.0,7.4,2020,4,CCC
Company_311,Consumer Goods,10.6,10.0,8.4,2021,4,CCC
Company_311,Consumer Goods,12.5,14.3,10.9,2022,4,CCC
Company_311,Consumer Goods,13.4,15.8,9.4,2023,4,CCC
Company_311,Consumer Goods,12.0,13.9,12.1,2024,4,CCC
Company_311,Consumer Goods,15.3,15.5,11.9,2025,4,CCC
Company_312,Consumer Goods,7.0,62.4,90.7,2015,2,A
Company_312,Consumer Goods,6.4,59.6,92.8,2016,2,A
Company_312,Consumer Goods,4.3,57.5,93.2,2017,2,A
Company_312,Consumer Goods,6.1,53.5,92.7,2018,2,A
Company_312,Consumer Goods,5.6,57.5,93.9,2019,2,A
Company_312,Consumer Goods,5.9,56.4,91.7,2020,2,A
Company_312,Consumer Goods,6.6,54.8,92.3,2021,2,A
Company_312,Consumer Goods,9.7,54.3,94.0,2022,2,A
Company_312,Consumer Goods,11.4,50.7,96.2,2023,2,A
Company_312,Consumer Goods,13.8,51.0,93.8,2024,2,A
Company_312,Consumer Goods,12.1,50.8,96.9,2025,2,A
Company_313,Utilities,70.8,61.6,75.6,2015,2,AA
Company_313,Utilities,66.9,59.7,76.2,2016,2,AA
Company_313,Utilities,68.4,61.9,76.1,2017,2,AA
Company_313,Utilities,72.3,63.9,74.6,2018,2,AA
Company_313,Utilities,73.3,67.3,74.7,2019,2,AA
Company_313,Utilities,74.7,69.5,72.9,2020,2,AA
Company_313,Utilities,77.0,69.2,75.7,2021,2,AA
Company_313,Utilities,75.4,70.0,75.0,2022,2,AA
Company_313,Utilities,75.8,68.7,74.0,2023,2,AA
Company_313,Utilities,76.6,70.5,71.9,2024,2,AA
Company_313,Utilities,79.3,74.9,75.2,2025,2,AAA
Company_314,Consumer Goods,5.5,86.2,58.5,2015,3,A
Company_314,Consumer Goods,4.7,89.5,58.0,2016,3,A
Company_314,Consumer Goods,7.0,92.1,61.8,2017,3,A
Company_314,Consumer Goods,9.0,90.1,63.6,2018,3,A
Company_314,Consumer Goods,11.6,89.3,64.3,2019,3,A
Company_314,Consumer Goods,12.1,90.7,64.0,2020,3,A
Company_314,Consumer Goods,11.4,89.4,65.2,2021,3,A
Company_314,Consumer Goods,11.9,95.9,68.1,2022,3,A
Company_314,Consumer Goods,13.0,94.2,66.3,2023,3,A
Company_314,Consumer Goods,14.8,89.5,66.9,2024,3,A
Company_314,Consumer Goods,21.7,89.8,67.4,2025,3,A
Company_315,Utilities,62.4,75.4,26.3,2015,1,A
Company_315,Utilities,64.8,79.1,32.5,2016,1,A
Company_315,Utilities,64.3,79.4,29.7,2017,1,A
Company_315,Utilities,65.8,80.4,28.8,2018,1,A
Company_315,Utilities,64.8,82.4,32.5,2019,1,A
Company_315,Utilities,65.0,81.0,35.3,2020,1,AA
Company_315,Utilities,68.1,78.8,40.5,2021,1,AA
Company_315,Utilities,69.8,79.2,40.9,2022,1,AA
Company_315,Utilities,70.8,76.4,40.5,2023,1,AA
Company_315,Utilities,68.4,75.5,40.3,2024,1,AA
Company_315,Utilities,67.7,78.8,40.2,2025,1,AA
Company_316,Healthcare,67.7,32.6,47.4,2015,0,BBB
Company_316,Healthcare,70.1,33.2,48.6,2016,0,A
Company_316,Healthcare,69.3,37.5,50.4,2017,0,A
Company_316,Healthcare,68.2,36.3,47.4,2018,0,A
Company_316,Healthcare,66.8,35.6,45.6,2019,0,BBB
Company_316,Healthcare,69.1,38.7,45.7,2020,0,A
Company_316,Healthcare,70.7,37.9,47.9,2021,0,A
Company_316,Healthcare,70.0,42.3,50.7,2022,0,A
Company_316,Healthcare,69.6,43.1,51.7,2023,0,A
Company_316,Healthcare,67.2,41.4,50.0,2024,0,A
Company_316,Healthcare,67.2,44.0,48.7,2025,0,A
Company_317,Technology,91.2,83.9,23.1,2015,4,AA
Company_317,Technology,88.8,79.8,25.6,2016,4,AA
Company_317,Technology,92.4,79.6,27.4,2017,4,AA
Company_317,Technology,95.0,81.1,32.6,2018,4,AA
Company_317,Technology,98.2,81.1,31.5,2019,4,AA
Company_317,Technology,99.1,79.6,35.8,2020,4,AA
Company_317,Technology,100.0,81.0,39.3,2021,4,AA
Company_317,Technology,99.7,80.4,41.5,2022,4,AA
Company_317,Technology,100.0,82.2,43.5,2023,4,AAA
Company_317,Technology,98.5,85.2,44.0,2024,4,AAA
Company_317,Technology,100.0,88.7,43.0,2025,4,AAA
Company_318,Transportation,61.7,69.2,72.5,2015,2,AA
Company_318,Transportation,62.1,71.0,72.9,2016,2,AA
Company_318,Transportation,64.1,73.3,75.9,2017,2,AA
Company_318,Transportation,67.0,73.0,77.5,2018,2,AA
Company_318,Transportation,69.5,74.3,75.5,2019,2,AA
Company_318,Transportation,70.0,79.4,76.1,2020,2,AAA
Company_318,Transportation,68.9,78.9,77.6,2021,2,AAA
Company_318,Transportation,68.6,79.2,75.9,2022,2,AA
Company_318,Transportation,68.0,82.2,78.9,2023,2,AAA
Company_318,Transportation,70.1,82.9,76.9,2024,2,AAA
Company_318,Transportation,68.9,84.5,79.6,2025,2,AAA
Company_319,Finance,73.7,78.3,26.8,2015,0,A
Company_319,Finance,74.5,79.1,30.1,2016,0,AA
Company_319,Finance,75.6,79.2,32.0,2017,0,AA
Company_319,Finance,75.0,78.9,31.5,2018,0,AA
Company_319,Finance,75.8,77.7,31.0,2019,0,AA
Company_319,Finance,74.9,76.6,30.0,2020,0,AA
Company_319,Finance,76.9,73.7,29.2,2021,0,A
Company_319,Finance,77.7,73.9,30.9,2022,0,AA
Company_319,Finance,78.0,74.0,29.6,2023,0,AA
Company_319,Finance,80.0,73.0,31.0,2024,0,AA
Company_319,Finance,80.7,71.4,31.2,2025,0,AA
Company_320,Technology,56.2,38.5,70.5,2015,4,A
Company_320,Technology,55.5,37.9,73.8,2016,4,A
Company_320,Technology,56.0,41.4,74.0,2017,4,A
Company_320,Technology,58.4,38.8,74.8,2018,4,A
Company_320,Technology,60.7,38.6,77.7,2019,4,A
Company_320,Technology,60.2,37.3,79.3,2020,4,A
Company_320,Technology,63.2,36.8,80.5,2021,4,AA
Company_320,Technology,66.3,36.0,81.6,2022,4,AA
Company_320,Technology,65.7,37.9,81.9,2023,4,AA
Company_320,Technology,68.3,38.0,82.2,2024,4,AA
Company_320,Technology,68.6,39.1,83.3,2025,4,AA
Company_321,Energy,54.9,69.5,29.8,2015,0,A
Company_321,Energy,55.4,69.0,31.6,2016,0,A
Company_321,Energy,57.7,66.9,31.1,2017,0,A
Company_321,Energy,60.0,70.6,34.2,2018,0,A
Company_321,Energy,64.1,70.7,31.8,2019,0,A
Company_321,Energy,69.4,72.1,29.5,2020,0,A
Company_321,Energy,68.1,74.7,31.8,2021,0,A
Company_321,Energy,68.2,75.8,30.9,2022,0,A
Company_321,Energy,72.8,74.9,31.1,2023,0,A
Company_321,Energy,72.4,76.3,29.4,2024,0,A
Company_321,Energy,71.8,76.6,25.8,2025,0,A
Company_322,Consumer Goods,60.7,39.4,34.2,2015,4,BBB
Company_322,Consumer Goods,63.3,37.2,34.0,2016,4,BBB
Company_322,Consumer Goods,66.8,34.4,35.3,2017,4,BBB
Company_322,Consumer Goods,68.0,35.2,36.2,2018,4,BBB
Company_322,Consumer Goods,67.9,37.2,38.9,2019,4,BBB
Company_322,Consumer Goods,69.3,38.6,36.8,2020,4,BBB
Company_322,Consumer Goods,70.0,37.5,38.9,2021,4,BBB
Company_322,Consumer Goods,72.2,36.0,39.6,2022,4,BBB
Company_322,Consumer Goods,72.4,33.8,37.7,2023,4,BBB
Company_322,Consumer Goods,74.5,35.6,40.1,2024,4,A
Company_322,Consumer Goods,75.2,35.8,41.3,2025,4,A
Company_323,Healthcare,53.4,91.7,81.6,2015,2,AAA
Company_323,Healthcare,57.3,91.8,79.0,2016,2,AAA
Company_323,Healthcare,58.8,90.0,80.1,2017,2,AAA
Company_323,Healthcare,59.1,86.1,80.5,2018,2,AAA
Company_323,Healthcare,62.3,90.6,79.2,2019,2,AAA
Company_323,Healthcare,64.2,88.4,83.0,2020,2,AAA
Company_323,Healthcare,62.1,91.5,84.5,2021,2,AAA
Company_323,Healthcare,64.8,95.6,85.3,2022,2,AAA
Company_323,Healthcare,67.5,95.8,87.7,2023,2,AAA
Company_323,Healthcare,67.9,97.3,86.2,2024,2,AAA
Company_323,Healthcare,70.4,100.0,86.1,2025,2,AAA
Company_324,Energy,83.6,31.1,66.6,2015,4,AA
Company_324,Energy,84.0,32.8,67.9,2016,4,AA
Company_324,Energy,84.9,35.5,68.8,2017,4,AA
Company_324,Energy,87.2,35.9,69.0,2018,4,AA
Company_324,Energy,92.0,34.4,67.9,2019,4,AA
Company_324,Energy,91.8,32.2,69.0,2020,4,AA
Company_324,Energy,91.8,29.5,71.3,2021,4,AA
Company_324,Energy,94.5,29.1,74.4,2022,4,AA
Company_324,Energy,92.2,29.5,75.3,2023,4,AA
Company_324,Energy,92.5,30.8,74.4,2024,4,AA
Company_324,Energy,95.9,32.6,72.2,2025,4,AA
Company_325,Finance,100.0,38.9,51.6,2015,2,AA
Company_325,Finance,100.0,37.3,53.0,2016,2,AA
Company_325,Finance,100.0,35.8,50.5,2017,2,AA
Company_325,Finance,100.0,38.5,51.2,2018,2,AA
Company_325,Finance,100.0,36.9,51.7,2019,2,AA
Company_325,Finance,96.9,38.4,52.4,2020,2,AA
Company_325,Finance,100.0,39.5,56.2,2021,2,AA
Company_325,Finance,97.0,42.1,56.7,2022,2,AA
Company_325,Finance,98.0,41.6,56.7,2023,2,AA
Company_325,Finance,100.0,40.1,59.8,2024,2,AA
Company_325,Finance,100.0,38.0,59.0,2025,2,AA
Company_326,Finance,86.5,35.7,43.3,2015,1,A
Company_326,Finance,89.8,33.8,45.8,2016,1,A
Company_326,Finance,92.2,32.7,50.6,2017,1,A
Company_326,Finance,94.8,35.1,53.5,2018,1,AA
Company_326,Finance,95.5,36.8,53.6,2019,1,AA
Company_326,Finance,96.3,38.2,54.6,2020,1,AA
Company_326,Finance,96.1,40.4,58.7,2021,1,AA
Company_326,Finance,99.3,42.7,57.5,2022,1,AA
Company_326,Finance,100.0,42.8,55.5,2023,1,AA
Company_326,Finance,100.0,40.3,57.0,2024,1,AA
Company_326,Finance,100.0,38.1,55.5,2025,1,AA
Company_327,Retail,76.4,10.2,50.3,2015,3,BBB
Company_327,Retail,74.4,11.7,49.6,2016,3,BBB
Company_327,Retail,74.9,9.5,47.7,2017,3,BBB
Company_327,Retail,77.1,11.9,47.2,2018,3,BBB
Company_327,Retail,78.5,12.4,50.9,2019,3,BBB
Company_327,Retail,79.0,11.8,52.3,2020,3,BBB
Company_327,Retail,82.7,11.8,51.6,2021,3,BBB
Company_327,Retail,84.9,14.3,54.0,2022,3,A
Company_327,Retail,87.1,16.5,55.7,2023,3,A
Company_327,Retail,89.6,19.1,57.4,2024,3,A
Company_327,Retail,92.2,18.4,57.8,2025,3,A
Company_328,Retail,73.0,62.3,85.0,2015,1,AA
Company_328,Retail,74.7,60.2,85.7,2016,1,AA
Company_328,Retail,76.3,60.4,88.3,2017,1,AAA
Company_328,Retail,79.1,65.2,92.0,2018,1,AAA
Company_328,Retail,78.7,66.0,90.8,2019,1,AAA
Company_328,Retail,78.8,63.8,92.6,2020,1,AAA
Company_328,Retail,81.7,63.8,92.6,2021,1,AAA
Company_328,Retail,81.9,64.5,90.3,2022,1,AAA
Company_328,Retail,82.9,61.1,88.7,2023,1,AAA
Company_328,Retail,82.3,64.0,87.0,2024,1,AAA
Company_328,Retail,83.7,64.9,86.4,2025,1,AAA
Company_329,Finance,72.1,92.9,76.1,2015,6,AAA
Company_329,Finance,73.0,96.9,77.8,2016,6,AAA
Company_329,Finance,76.2,94.8,79.1,2017,6,AAA
Company_329,Finance,78.3,95.6,79.4,2018,6,AAA
Company_329,Finance,76.9,96.4,80.3,2019,6,AAA
Company_329,Finance,75.2,95.7,80.7,2020,6,AAA
Company_329,Finance,74.2,95.3,77.3,2021,6,AAA
Company_329,Finance,74.5,97.0,78.9,2022,6,AAA
Company_329,Finance,76.8,97.6,82.1,2023,6,AAA
Company_329,Finance,78.8,96.5,85.8,2024,6,AAA
Company_329,Finance,77.2,99.4,83.3,2025,6,AAA
Company_330,Transportation,47.0,49.4,22.4,2015,1,BB
Company_330,Transportation,48.2,49.0,24.7,2016,1,BBB
Company_330,Transportation,52.3,48.2,25.7,2017,1,BBB
Company_330,Transportation,50.0,47.5,23.1,2018,1,BBB
Company_330,Transportation,52.0,45.4,21.1,2019,1,BB
Company_330,Transportation,50.8,44.1,20.9,2020,1,BB
Company_330,Transportation,52.9,47.7,21.5,2021,1,BBB
Company_330,Transportation,53.4,49.3,22.0,2022,1,BBB
Company_330,Transportation,56.7,50.1,23.1,2023,1,BBB
Company_330,Transportation,55.3,49.2,18.6,2024,1,BBB
Company_330,Transportation,56.8,50.2,21.8,2025,1,BBB
Company_331,Consumer Goods,13.2,59.3,6.0,2015,0,CCC
Company_331,Consumer Goods,14.9,61.9,6.5,2016,0,CCC
Company_331,Consumer Goods,16.7,68.6,6.5,2017,0,BB
Company_331,Consumer Goods,16.8,67.1,8.6,2018,0,BB
Company_331,Consumer Goods,14.8,67.5,9.5,2019,0,BB
Company_331,Consumer Goods,18.2,71.7,12.3,2020,0,BB
Company_331,Consumer Goods,20.1,72.0,12.1,2021,0,BB
Company_331,Consumer Goods,18.6,73.2,12.2,2022,0,BB
Company_331,Consumer Goods,22.2,72.2,12.5,2023,0,BB
Company_331,Consumer Goods,27.2,73.6,9.3,2024,0,BB
Company_331,Consumer Goods,27.8,75.3,7.0,2025,0,BB
Company_332,Utilities,32.6,27.4,7.6,2015,0,CCC
Company_332,Utilities,32.4,31.0,12.0,2016,0,CCC
Company_332,Utilities,32.2,32.2,10.4,2017,0,CCC
Company_332,Utilities,34.9,31.0,11.5,2018,0,CCC
Company_332,Utilities,33.8,29.6,9.3,2019,0,CCC
Company_332,Utilities,34.9,29.6,11.3,2020,0,CCC
Company_332,Utilities,33.9,30.2,10.4,2021,0,CCC
Company_332,Utilities,32.4,30.3,7.5,2022,0,CCC
Company_332,Utilities,32.0,31.8,9.7,2023,0,CCC
Company_332,Utilities,30.7,32.2,14.2,2024,0,CCC
Company_332,Utilities,30.5,35.9,15.5,2025,0,CCC
Company_333,Technology,85.5,44.7,13.5,2015,0,BBB
Company_333,Technology,84.8,47.3,11.3,2016,0,BBB
Company_333,Technology,84.9,49.8,12.2,2017,0,BBB
Company_333,Technology,85.1,49.3,15.5,2018,0,BBB
Company_333,Technology,87.6,47.8,16.6,2019,0,A
Company_333,Technology,86.5,49.4,19.2,2020,0,A
Company_333,Technology,88.4,53.0,18.2,2021,0,A
Company_333,Technology,91.0,55.5,17.2,2022,0,A
Company_333,Technology,91.4,56.6,15.6,2023,0,A
Company_333,Technology,92.5,56.6,19.8,2024,0,A
Company_333,Technology,93.3,58.3,21.0,2025,0,A
Company_334,Technology,54.3,31.0,6.6,2015,0,BB
Company_334,Technology,56.4,34.1,5.2,2016,0,BB
Company_334,Technology,55.2,35.9,4.1,2017,0,BB
Company_334,Technology,56.9,36.1,8.0,2018,0,BB
Company_334,Technology,57.9,37.9,8.9,2019,0,BB
Company_334,Technology,59.9,39.9,10.3,2020,0,BB
Company_334,Technology,62.3,43.0,8.5,2021,0,BB
Company_334,Technology,66.4,43.8,8.7,2022,0,BB
Company_334,Technology,64.1,43.1,9.9,2023,0,BB
Company_334,Technology,66.7,43.4,13.0,2024,0,BBB
Company_334,Technology,68.9,43.8,16.0,2025,0,BBB
Company_335,Utilities,95.9,87.7,35.0,2015,3,AA
Company_335,Utilities,99.0,89.9,36.4,2016,3,AAA
Company_335,Utilities,99.2,89.9,35.3,2017,3,AA
Company_335,Utilities,100.0,91.4,33.3,2018,3,AA
Company_335,Utilities,97.3,94.4,33.8,2019,3,AAA
Company_335,Utilities,100.0,96.4,34.0,2020,3,AAA
Company_335,Utilities,100.0,93.2,36.7,2021,3,AAA
Company_335,Utilities,100.0,94.9,34.9,2022,3,AAA
Company_335,Utilities,100.0,97.0,35.2,2023,3,AAA
Company_335,Utilities,100.0,96.5,34.6,2024,3,AAA
Company_335,Utilities,99.3,98.8,37.2,2025,3,AAA
Company_336,Retail,50.5,47.7,68.0,2015,5,A
Company_336,Retail,51.6,50.2,68.5,2016,5,A
Company_336,Retail,51.7,51.4,69.4,2017,5,A
Company_336,Retail,52.9,51.7,71.1,2018,5,A
Company_336,Retail,55.8,53.5,69.9,2019,5,A
Company_336,Retail,56.8,56.5,70.3,2020,5,AA
Company_336,Retail,56.8,58.2,67.6,2021,5,AA
Company_336,Retail,59.7,59.2,72.0,2022,5,AA
Company_336,Retail,59.5,61.6,72.5,2023,5,AA
Company_336,Retail,60.4,61.7,69.2,2024,5,AA
Company_336,Retail,63.4,64.5,67.7,2025,5,AA
Company_337,Finance,97.3,68.3,38.3,2015,0,AA
Company_337,Finance,96.8,67.2,39.5,2016,0,AA
Company_337,Finance,93.6,67.7,37.2,2017,0,AA
Company_337,Finance,95.4,66.7,34.8,2018,0,AA
Company_337,Finance,95.7,71.5,32.9,2019,0,AA
Company_337,Finance,95.5,74.0,32.6,2020,0,AA
Company_337,Finance,94.6,70.7,36.1,2021,0,AA
Company_337,Finance,97.0,70.7,38.8,2022,0,AA
Company_337,Finance,98.9,72.7,43.8,2023,0,AA
Company_337,Finance,99.9,73.4,47.3,2024,0,AA
Company_337,Finance,100.0,74.9,45.2,2025,0,AA
Company_338,Energy,47.8,24.7,11.9,2015,0,CCC
Company_338,Energy,50.1,27.2,14.1,2016,0,BB
Company_338,Energy,52.5,23.9,14.9,2017,0,BB
Company_338,Energy,56.5,24.4,15.8,2018,0,BB
Company_338,Energy,62.1,26.4,17.3,2019,0,BB
Company_338,Energy,64.1,28.6,19.8,2020,0,BB
Company_338,Energy,63.9,28.9,21.5,2021,0,BB
Company_338,Energy,63.3,29.8,23.0,2022,0,BB
Company_338,Energy,60.2,31.6,25.5,2023,0,BB
Company_338,Energy,59.9,34.1,29.4,2024,0,BBB
Company_338,Energy,60.4,32.2,34.9,2025,0,BBB
Company_339,Finance,62.6,67.4,81.4,2015,2,AA
Company_339,Finance,62.4,69.1,80.3,2016,2,AA
Company_339,Finance,60.0,64.9,81.3,2017,2,AA
Company_339,Finance,62.0,64.0,80.7,2018,2,AA
Company_339,Finance,61.8,63.7,82.8,2019,2,AA
Company_339,Finance,66.4,62.5,85.6,2020,2,AA
Company_339,Finance,68.6,61.6,87.2,2021,2,AA
Company_339,Finance,70.9,63.8,88.3,2022,2,AA
Company_339,Finance,74.7,65.9,89.6,2023,2,AAA
Company_339,Finance,74.1,67.1,88.8,2024,2,AAA
Company_339,Finance,74.3,65.5,92.4,2025,2,AAA
Company_340,Consumer Goods,35.1,75.8,68.0,2015,6,A
Company_340,Consumer Goods,35.3,76.7,69.3,2016,6,AA
Company_340,Consumer Goods,38.3,79.0,68.7,2017,6,AA
Company_340,Consumer Goods,40.3,78.2,69.8,2018,6,AA
Company_340,Consumer Goods,39.4,80.7,68.2,2019,6,AA
Company_340,Consumer Goods,40.6,82.2,67.2,2020,6,AA
Company_340,Consumer Goods,42.1,82.2,67.5,2021,6,AA
Company_340,Consumer Goods,41.9,83.5,63.5,2022,6,AA
Company_340,Consumer Goods,44.4,80.5,66.1,2023,6,AA
Company_340,Consumer Goods,46.5,81.0,67.6,2024,6,AA
Company_340,Consumer Goods,50.1,79.8,68.1,2025,6,AA
Company_341,Finance,94.5,16.3,27.0,2015,4,BBB
Company_341,Finance,92.8,18.7,25.3,2016,4,BBB
Company_341,Finance,94.2,19.4,25.4,2017,4,BBB
Company_341,Finance,96.7,16.0,24.8,2018,4,BBB
Company_341,Finance,95.9,16.5,25.1,2019,4,BBB
Company_341,Finance,97.8,16.1,26.2,2020,4,BBB
Company_341,Finance,97.7,17.0,24.5,2021,4,BBB
Company_341,Finance,98.6,18.8,24.8,2022,4,BBB
Company_341,Finance,98.8,18.3,25.9,2023,4,BBB
Company_341,Finance,97.2,16.7,25.4,2024,4,BBB
Company_341,Finance,99.3,16.5,25.2,2025,4,BBB
Company_342,Energy,66.9,33.6,17.9,2015,0,BB
Company_342,Energy,70.4,31.5,17.2,2016,0,BB
Company_342,Energy,70.3,32.2,20.7,2017,0,BBB
Company_342,Energy,73.4,32.3,21.6,2018,0,BBB
Company_342,Energy,74.7,31.4,23.5,2019,0,BBB
Company_342,Energy,76.7,30.4,23.1,2020,0,BBB
Company_342,Energy,77.8,30.5,26.1,2021,0,BBB
Company_342,Energy,81.4,32.2,28.7,2022,0,BBB
Company_342,Energy,80.2,32.2,26.5,2023,0,BBB
Company_342,Energy,83.6,29.6,28.1,2024,0,BBB
Company_342,Energy,82.1,28.4,29.0,2025,0,BBB
Company_343,Finance,86.5,26.3,48.9,2015,1,A
Company_343,Finance,89.0,25.6,51.2,2016,1,A
Company_343,Finance,88.9,26.6,51.7,2017,1,A
Company_343,Finance,90.1,30.2,55.0,2018,1,A
Company_343,Finance,93.2,31.9,56.4,2019,1,AA
Company_343,Finance,94.8,31.6,57.6,2020,1,AA
Company_343,Finance,96.8,30.2,57.7,2021,1,AA
Company_343,Finance,100.0,34.4,60.5,2022,1,AA
Company_343,Finance,100.0,34.3,63.8,2023,1,AA
Company_343,Finance,100.0,33.5,65.3,2024,1,AA
Company_343,Finance,100.0,37.8,66.9,2025,1,AA
Company_344,Technology,76.4,57.6,11.2,2015,0,BBB
Company_344,Technology,74.5,54.7,9.8,2016,0,BBB
Company_344,Technology,73.7,53.7,9.0,2017,0,BBB
Company_344,Technology,75.6,55.7,10.5,2018,0,BBB
Company_344,Technology,76.7,55.9,10.8,2019,0,BBB
Company_344,Technology,79.5,59.6,12.0,2020,0,A
Company_344,Technology,85.2,63.7,11.3,2021,0,A
Company_344,Technology,85.9,62.0,11.8,2022,0,A
Company_344,Technology,86.5,62.4,12.1,2023,0,A
Company_344,Technology,88.5,63.3,12.9,2024,0,A
Company_344,Technology,84.7,64.4,16.4,2025,0,A
Company_345,Consumer Goods,66.5,94.1,77.4,2015,6,AAA
Company_345,Consumer Goods,66.8,96.8,77.7,2016,6,AAA
Company_345,Consumer Goods,70.9,95.7,80.0,2017,6,AAA
Company_345,Consumer Goods,73.2,92.1,80.9,2018,6,AAA
Company_345,Consumer Goods,73.6,89.6,80.2,2019,6,AAA
Company_345,Consumer Goods,77.6,88.7,77.3,2020,6,AAA
Company_345,Consumer Goods,75.4,88.5,79.9,2021,6,AAA
Company_345,Consumer Goods,72.4,90.4,81.4,2022,6,AAA
Company_345,Consumer Goods,71.6,94.1,82.3,2023,6,AAA
Company_345,Consumer Goods,70.6,93.4,82.4,2024,6,AAA
Company_345,Consumer Goods,66.3,93.0,81.6,2025,6,AAA
Company_346,Transportation,64.1,25.3,89.2,2015,1,A
Company_346,Transportation,68.1,24.3,92.6,2016,1,AA
Company_346,Transportation,67.2,28.7,94.6,2017,1,AA
Company_346,Transportation,66.0,30.1,95.4,2018,1,AA
Company_346,Transportation,66.1,28.0,94.8,2019,1,AA
Company_346,Transportation,67.9,29.0,96.4,2020,1,AA
Company_346,Transportation,67.9,29.2,96.8,2021,1,AA
Company_346,Transportation,70.5,31.6,96.6,2022,1,AA
Company_346,Transportation,70.5,32.2,95.4,2023,1,AA
Company_346,Transportation,73.1,33.2,95.9,2024,1,AA
Company_346,Transportation,74.0,36.3,94.5,2025,1,AA
Company_347,Technology,78.6,28.0,19.7,2015,1,BBB
Company_347,Technology,77.3,30.8,21.2,2016,1,BBB
Company_347,Technology,78.6,32.0,23.3,2017,1,BBB
Company_347,Technology,77.2,34.2,24.9,2018,1,BBB
Company_347,Technology,80.2,32.2,23.0,2019,1,BBB
Company_347,Technology,82.2,32.8,23.0,2020,1,BBB
Company_347,Technology,81.7,34.8,23.1,2021,1,BBB
Company_347,Technology,83.5,33.8,20.2,2022,1,BBB
Company_347,Technology,83.4,38.3,20.9,2023,1,BBB
Company_347,Technology,84.9,37.4,21.1,2024,1,BBB
Company_347,Technology,84.6,37.0,19.6,2025,1,BBB
Company_348,Healthcare,61.4,65.0,18.0,2015,3,BBB
Company_348,Healthcare,64.0,61.5,17.8,2016,3,BBB
Company_348,Healthcare,66.0,68.5,19.0,2017,3,A
Company_348,Healthcare,67.9,66.7,21.4,2018,3,A
Company_348,Healthcare,68.2,67.5,21.1,2019,3,A
Company_348,Healthcare,68.6,66.4,18.3,2020,3,A
Company_348,Healthcare,71.9,68.1,16.5,2021,3,A
Company_348,Healthcare,72.4,67.0,18.6,2022,3,A
Company_348,Healthcare,73.3,67.2,17.7,2023,3,A
Company_348,Healthcare,74.3,71.1,23.0,2024,3,A
Company_348,Healthcare,74.1,70.5,20.6,2025,3,A
Company_349,Utilities,41.6,86.8,44.0,2015,2,A
Company_349,Utilities,41.3,87.4,42.2,2016,2,A
Company_349,Utilities,44.2,87.8,43.5,2017,2,A
Company_349,Utilities,46.7,86.1,43.9,2018,2,A
Company_349,Utilities,53.4,84.7,45.5,2019,2,AA
Company_349,Utilities,51.9,84.5,45.1,2020,2,AA
Company_349,Utilities,51.3,85.8,50.8,2021,2,AA
Company_349,Utilities,54.2,87.8,50.7,2022,2,AA
Company_349,Utilities,51.8,90.1,53.9,2023,2,AA
Company_349,Utilities,55.1,91.4,51.6,2024,2,AA
Company_349,Utilities,55.3,93.3,53.2,2025,2,AA
Company_350,Utilities,39.3,30.3,27.6,2015,3,BB
Company_350,Utilities,41.2,31.0,26.2,2016,3,BB
Company_350,Utilities,41.7,32.1,28.1,2017,3,BB
Company_350,Utilities,42.7,31.3,27.3,2018,3,BB
Company_350,Utilities,41.8,28.6,27.3,2019,3,BB
Company_350,Utilities,45.1,29.3,26.3,2020,3,BB
Company_350,Utilities,49.3,29.3,24.7,2021,3,BB
Company_350,Utilities,50.2,28.9,22.6,2022,3,BB
Company_350,Utilities,49.7,29.1,21.5,2023,3,BB
Company_350,Utilities,55.7,29.9,20.9,2024,3,BB
Company_350,Utilities,56.3,30.5,20.7,2025,3,BB
Company_351,Utilities,21.4,73.3,77.7,2015,2,A
Company_351,Utilities,19.0,72.4,75.5,2016,2,A
Company_351,Utilities,21.9,73.3,76.7,2017,2,A
Company_351,Utilities,25.3,73.9,77.1,2018,2,A
Company_351,Utilities,26.0,69.5,78.5,2019,2,A
Company_351,Utilities,28.9,69.5,81.4,2020,2,A
Company_351,Utilities,28.2,68.7,80.4,2021,2,A
Company_351,Utilities,34.5,67.7,81.8,2022,2,AA
Company_351,Utilities,33.8,71.9,83.4,2023,2,AA
Company_351,Utilities,31.8,68.2,82.0,2024,2,AA
Company_351,Utilities,30.2,68.8,81.6,2025,2,AA
Company_352,Finance,84.1,55.0,36.6,2015,1,A
Company_352,Finance,84.7,54.3,36.8,2016,1,A
Company_352,Finance,87.2,57.9,34.9,2017,1,AA
Company_352,Finance,88.5,61.1,33.3,2018,1,AA
Company_352,Finance,89.0,62.1,34.1,2019,1,AA
Company_352,Finance,88.2,60.2,33.7,2020,1,AA
Company_352,Finance,90.7,58.9,34.5,2021,1,AA
Company_352,Finance,91.5,59.3,34.5,2022,1,AA
Company_352,Finance,93.5,59.8,34.4,2023,1,AA
Company_352,Finance,93.6,59.3,35.2,2024,1,AA
Company_352,Finance,93.2,61.0,39.1,2025,1,AA
Company_353,Finance,98.9,83.3,88.4,2015,2,AAA
Company_353,Finance,100.0,83.9,88.9,2016,2,AAA
Company_353,Finance,100.0,86.1,90.8,2017,2,AAA
Company_353,Finance,100.0,86.1,94.0,2018,2,AAA
Company_353,Finance,100.0,88.5,96.0,2019,2,AAA
Company_353,Finance,100.0,89.2,98.7,2020,2,AAA
Company_353,Finance,99.4,86.7,100.0,2021,2,AAA
Company_353,Finance,99.1,87.0,99.8,2022,2,AAA
Company_353,Finance,100.0,84.8,100.0,2023,2,AAA
Company_353,Finance,98.2,84.7,100.0,2024,2,AAA
Company_353,Finance,98.8,85.3,97.6,2025,2,AAA
Company_354,Manufacturing,29.7,92.7,25.9,2015,6,BBB
Company_354,Manufacturing,31.9,95.7,27.8,2016,6,A
Company_354,Manufacturing,33.7,94.8,30.5,2017,6,A
Company_354,Manufacturing,35.2,92.9,27.8,2018,6,A
Company_354,Manufacturing,36.6,95.8,26.4,2019,6,A
Company_354,Manufacturing,40.0,95.3,25.1,2020,6,A
Company_354,Manufacturing,40.1,95.0,25.2,2021,6,A
Company_354,Manufacturing,43.7,96.8,25.5,2022,6,A
Company_354,Manufacturing,43.4,94.1,23.9,2023,6,A
Company_354,Manufacturing,43.5,90.2,21.6,2024,6,A
Company_354,Manufacturing,44.6,89.4,19.4,2025,6,A
Company_355,Technology,94.1,92.8,59.0,2015,5,AAA
Company_355,Technology,92.6,91.2,57.6,2016,5,AAA
Company_355,Technology,93.9,91.8,56.4,2017,5,AAA
Company_355,Technology,95.5,92.9,57.5,2018,5,AAA
Company_355,Technology,93.7,92.3,57.7,2019,5,AAA
Company_355,Technology,96.4,90.9,60.2,2020,5,AAA
Company_355,Technology,97.0,92.2,58.1,2021,5,AAA
Company_355,Technology,97.2,92.2,59.8,2022,5,AAA
Company_355,Technology,97.7,94.2,66.5,2023,5,AAA
Company_355,Technology,100.0,95.4,69.5,2024,5,AAA
Company_355,Technology,100.0,94.2,68.5,2025,5,AAA
Company_356,Consumer Goods,70.4,56.2,58.5,2015,2,AA
Company_356,Consumer Goods,71.6,54.9,61.3,2016,2,AA
Company_356,Consumer Goods,72.3,53.3,63.1,2017,2,AA
Company_356,Consumer Goods,76.9,53.9,66.1,2018,2,AA
Company_356,Consumer Goods,77.4,52.7,69.6,2019,2,AA
Company_356,Consumer Goods,76.7,52.5,73.2,2020,2,AA
Company_356,Consumer Goods,78.8,52.4,72.6,2021,2,AA
Company_356,Consumer Goods,78.5,55.1,72.2,2022,2,AA
Company_356,Consumer Goods,76.4,58.2,70.7,2023,2,AA
Company_356,Consumer Goods,78.7,57.1,68.7,2024,2,AA
Company_356,Consumer Goods,79.4,57.3,68.0,2025,2,AA
Company_357,Transportation,30.7,86.0,59.4,2015,5,A
Company_357,Transportation,32.1,86.3,61.4,2016,5,A
Company_357,Transportation,31.2,85.9,62.1,2017,5,A
Company_357,Transportation,32.6,85.5,64.4,2018,5,AA
Company_357,Transportation,30.5,84.1,65.3,2019,5,A
Company_357,Transportation,31.8,85.3,65.8,2020,5,AA
Company_357,Transportation,36.6,86.8,68.3,2021,5,AA
Company_357,Transportation,36.0,85.9,68.8,2022,5,AA
Company_357,Transportation,33.4,84.8,67.6,2023,5,AA
Company_357,Transportation,35.2,84.2,68.5,2024,5,AA
Company_357,Transportation,39.2,88.1,69.1,2025,5,AA
Company_358,Utilities,35.9,18.7,70.1,2015,4,BBB
Company_358,Utilities,33.1,18.0,72.2,2016,4,BBB
Company_358,Utilities,33.1,17.1,73.2,2017,4,BBB
Company_358,Utilities,38.1,19.7,72.7,2018,4,BBB
Company_358,Utilities,36.5,22.2,73.5,2019,4,BBB
Company_358,Utilities,36.2,23.3,74.8,2020,4,BBB
Company_358,Utilities,37.4,27.2,77.8,2021,4,BBB
Company_358,Utilities,37.3,30.8,80.4,2022,4,BBB
Company_358,Utilities,34.1,31.6,85.2,2023,4,A
Company_358,Utilities,35.2,35.8,85.1,2024,4,A
Company_358,Utilities,36.3,35.8,85.0,2025,4,A
Company_359,Consumer Goods,9.7,59.8,11.0,2015,3,CCC
Company_359,Consumer Goods,6.2,61.2,14.8,2016,3,CCC
Company_359,Consumer Goods,10.8,59.8,16.6,2017,3,CCC
Company_359,Consumer Goods,12.6,58.9,17.0,2018,3,CCC
Company_359,Consumer Goods,14.5,56.1,17.8,2019,3,CCC
Company_359,Consumer Goods,15.6,58.4,15.7,2020,3,CCC
Company_359,Consumer Goods,15.2,59.6,17.1,2021,3,BB
Company_359,Consumer Goods,12.7,60.5,16.1,2022,3,CCC
Company_359,Consumer Goods,13.8,60.5,16.4,2023,3,BB
Company_359,Consumer Goods,11.7,58.4,17.3,2024,3,CCC
Company_359,Consumer Goods,8.7,59.6,16.1,2025,3,CCC
Company_360,Retail,38.7,84.8,30.9,2015,5,A
Company_360,Retail,37.4,84.6,31.0,2016,5,A
Company_360,Retail,36.9,86.8,30.7,2017,5,A
Company_360,Retail,33.8,86.3,34.1,2018,5,A
Company_360,Retail,35.7,84.1,35.7,2019,5,A
Company_360,Retail,35.4,83.7,34.9,2020,5,A
Company_360,Retail,37.6,84.4,36.9,2021,5,A
Company_360,Retail,39.3,85.4,36.7,2022,5,A
Company_360,Retail,43.3,86.7,39.5,2023,5,A
Company_360,Retail,46.2,89.8,41.3,2024,5,A
Company_360,Retail,52.0,93.9,37.8,2025,5,AA
Company_361,Energy,9.5,55.4,88.9,2015,2,A
Company_361,Energy,10.3,55.6,90.5,2016,2,A
Company_361,Energy,13.6,60.0,92.9,2017,2,A
Company_361,Energy,16.9,60.5,93.5,2018,2,A
Company_361,Energy,19.0,60.9,90.1,2019,2,A
Company_361,Energy,19.9,59.2,91.6,2020,2,A
Company_361,Energy,21.9,62.1,89.8,2021,2,A
Company_361,Energy,27.2,64.9,91.3,2022,2,AA
Company_361,Energy,29.1,62.7,89.7,2023,2,AA
Company_361,Energy,28.5,59.6,92.4,2024,2,AA
Company_361,Energy,28.0,59.9,93.0,2025,2,AA
Company_362,Technology,95.7,11.0,15.8,2015,0,BBB
Company_362,Technology,94.6,10.8,14.7,2016,0,BBB
Company_362,Technology,95.7,5.3,13.5,2017,0,BB
Company_362,Technology,95.0,7.1,11.0,2018,0,BB
Company_362,Technology,100.0,5.9,15.0,2019,0,BBB
Company_362,Technology,99.5,6.5,11.6,2020,0,BB
Company_362,Technology,100.0,9.4,14.5,2021,0,BBB
Company_362,Technology,100.0,8.9,14.5,2022,0,BBB
Company_362,Technology,100.0,8.4,14.9,2023,0,BBB
Company_362,Technology,98.8,8.2,15.9,2024,0,BBB
Company_362,Technology,100.0,8.1,16.0,2025,0,BBB
Company_363,Manufacturing,16.9,47.9,65.6,2015,1,BBB
Company_363,Manufacturing,18.2,50.0,66.7,2016,1,BBB
Company_363,Manufacturing,22.6,52.6,68.9,2017,1,BBB
Company_363,Manufacturing,21.7,50.0,70.5,2018,1,BBB
Company_363,Manufacturing,21.6,53.8,67.8,2019,1,BBB
Company_363,Manufacturing,21.9,56.4,71.4,2020,1,BBB
Company_363,Manufacturing,27.0,60.2,70.4,2021,1,A
Company_363,Manufacturing,29.3,60.7,72.3,2022,1,A
Company_363,Manufacturing,32.7,58.8,71.6,2023,1,A
Company_363,Manufacturing,32.7,58.9,71.6,2024,1,A
Company_363,Manufacturing,30.7,58.1,70.1,2025,1,A
Company_364,Utilities,5.4,85.8,97.7,2015,5,AA
Company_364,Utilities,4.7,86.7,99.6,2016,5,AA
Company_364,Utilities,4.0,87.4,94.6,2017,5,AA
Company_364,Utilities,7.0,85.5,94.5,2018,5,AA
Company_364,Utilities,7.5,84.0,95.5,2019,5,AA
Company_364,Utilities,10.2,88.2,96.5,2020,5,AA
Company_364,Utilities,8.8,85.7,95.4,2021,5,AA
Company_364,Utilities,9.2,84.0,94.0,2022,5,AA
Company_364,Utilities,7.8,86.0,95.8,2023,5,AA
Company_364,Utilities,5.5,85.9,95.0,2024,5,AA
Company_364,Utilities,8.9,86.7,96.8,2025,5,AA
Company_365,Retail,77.7,54.0,58.2,2015,5,AA
Company_365,Retail,78.1,54.9,57.8,2016,5,AA
Company_365,Retail,80.4,53.6,56.8,2017,5,AA
Company_365,Retail,79.7,54.3,59.8,2018,5,AA
Company_365,Retail,77.8,53.8,60.5,2019,5,AA
Company_365,Retail,77.1,55.5,58.5,2020,5,AA
Company_365,Retail,78.5,59.2,58.5,2021,5,AA
Company_365,Retail,80.0,55.6,60.4,2022,5,AA
Company_365,Retail,83.6,55.2,64.9,2023,5,AA
Company_365,Retail,83.3,52.6,65.3,2024,5,AA
Company_365,Retail,85.3,52.1,66.0,2025,5,AA
Company_366,Manufacturing,27.2,14.7,24.0,2015,0,CCC
Company_366,Manufacturing,30.1,14.3,23.1,2016,0,CCC
Company_366,Manufacturing,30.0,14.8,27.5,2017,0,CCC
Company_366,Manufacturing,28.1,13.2,27.8,2018,0,CCC
Company_366,Manufacturing,28.3,12.8,26.5,2019,0,CCC
Company_366,Manufacturing,27.9,12.0,25.9,2020,0,CCC
Company_366,Manufacturing,29.0,12.6,25.3,2021,0,CCC
Company_366,Manufacturing,29.1,13.1,27.5,2022,0,CCC
Company_366,Manufacturing,30.5,10.6,27.9,2023,0,CCC
Company_366,Manufacturing,31.1,9.0,28.0,2024,0,CCC
Company_366,Manufacturing,36.2,8.4,29.9,2025,0,CCC
Company_367,Utilities,58.4,62.2,56.0,2015,3,A
Company_367,Utilities,61.2,65.4,52.6,2016,3,A
Company_367,Utilities,60.9,66.1,52.5,2017,3,A
Company_367,Utilities,60.6,68.3,54.9,2018,3,AA
Company_367,Utilities,62.5,68.8,55.2,2019,3,AA
Company_367,Utilities,64.0,72.5,59.3,2020,3,AA
Company_367,Utilities,62.4,78.0,61.1,2021,3,AA
Company_367,Utilities,65.3,76.4,60.4,2022,3,AA
Company_367,Utilities,63.4,77.1,62.7,2023,3,AA
Company_367,Utilities,62.0,81.3,62.2,2024,3,AA
Company_367,Utilities,62.4,87.2,63.6,2025,3,AA
Company_368,Finance,96.9,62.9,56.7,2015,2,AA
Company_368,Finance,93.1,63.7,60.6,2016,2,AA
Company_368,Finance,91.3,62.3,62.9,2017,2,AA
Company_368,Finance,94.2,65.5,60.8,2018,2,AA
Company_368,Finance,96.8,65.9,62.4,2019,2,AAA
Company_368,Finance,100.0,64.7,65.3,2020,2,AAA
Company_368,Finance,100.0,67.6,68.2,2021,2,AAA
Company_368,Finance,97.3,70.9,71.7,2022,2,AAA
Company_368,Finance,100.0,72.4,74.4,2023,2,AAA
Company_368,Finance,99.5,72.2,75.6,2024,2,AAA
Company_368,Finance,100.0,72.2,76.9,2025,2,AAA
Company_369,Utilities,5.1,74.4,91.8,2015,2,A
Company_369,Utilities,5.6,80.6,91.6,2016,2,A
Company_369,Utilities,7.8,81.5,92.9,2017,2,AA
Company_369,Utilities,8.4,79.3,95.5,2018,2,AA
Company_369,Utilities,9.7,81.2,96.3,2019,2,AA
Company_369,Utilities,8.4,80.6,92.9,2020,2,AA
Company_369,Utilities,9.7,80.6,93.1,2021,2,AA
Company_369,Utilities,16.7,81.3,97.0,2022,2,AA
Company_369,Utilities,18.9,80.6,94.9,2023,2,AA
Company_369,Utilities,23.3,80.4,97.7,2024,2,AA
Company_369,Utilities,24.1,81.8,96.9,2025,2,AA
Company_370,Technology,92.8,52.2,13.7,2015,4,A
Company_370,Technology,94.9,54.2,15.9,2016,4,A
Company_370,Technology,96.4,54.9,18.1,2017,4,A
Company_370,Technology,99.4,52.5,19.6,2018,4,A
Company_370,Technology,100.0,51.6,19.3,2019,4,A
Company_370,Technology,99.3,51.0,18.6,2020,4,A
Company_370,Technology,100.0,55.2,18.9,2021,4,A
Company_370,Technology,100.0,56.3,18.0,2022,4,A
Company_370,Technology,100.0,57.3,22.0,2023,4,A
Company_370,Technology,98.7,57.1,24.5,2024,4,AA
Company_370,Technology,99.5,58.3,28.8,2025,4,AA
Company_371,Retail,73.3,22.4,33.9,2015,4,BBB
Company_371,Retail,73.0,24.6,35.6,2016,4,BBB
Company_371,Retail,73.3,24.1,37.5,2017,4,BBB
Company_371,Retail,73.6,24.8,35.3,2018,4,BBB
Company_371,Retail,72.5,26.6,38.9,2019,4,BBB
Company_371,Retail,73.5,30.1,34.9,2020,4,BBB
Company_371,Retail,70.6,30.6,33.7,2021,4,BBB
Company_371,Retail,71.2,30.5,33.5,2022,4,BBB
Company_371,Retail,70.5,31.9,34.8,2023,4,BBB
Company_371,Retail,73.0,33.5,35.7,2024,4,BBB
Company_371,Retail,73.6,34.9,34.8,2025,4,BBB
Company_372,Energy,48.1,40.4,64.3,2015,3,A
Company_372,Energy,46.0,37.3,68.2,2016,3,A
Company_372,Energy,46.6,38.9,73.5,2017,3,A
Company_372,Energy,52.6,39.2,75.7,2018,3,A
Company_372,Energy,53.8,42.8,78.6,2019,3,A
Company_372,Energy,56.7,44.9,76.6,2020,3,A
Company_372,Energy,54.8,47.5,76.3,2021,3,A
Company_372,Energy,55.2,50.0,74.8,2022,3,AA
Company_372,Energy,55.6,51.9,75.3,2023,3,AA
Company_372,Energy,56.7,58.7,73.7,2024,3,AA
Company_372,Energy,59.5,59.1,74.0,2025,3,AA
Company_373,Energy,47.0,51.2,53.1,2015,0,A
Company_373,Energy,39.1,50.7,52.6,2016,0,BBB
Company_373,Energy,42.8,51.7,53.9,2017,0,BBB
Company_373,Energy,43.0,53.0,54.8,2018,0,A
Company_373,Energy,45.4,52.7,54.6,2019,0,A
Company_373,Energy,48.0,51.4,55.2,2020,0,A
Company_373,Energy,48.2,52.9,54.4,2021,0,A
Company_373,Energy,48.8,51.9,52.8,2022,0,A
Company_373,Energy,43.4,52.5,57.3,2023,0,A
Company_373,Energy,44.9,53.6,55.0,2024,0,A
Company_373,Energy,51.1,55.6,54.8,2025,0,A
Company_374,Healthcare,47.5,10.9,3.6,2015,0,CCC
Company_374,Healthcare,44.9,10.8,2.3,2016,0,CCC
Company_374,Healthcare,48.8,13.5,4.1,2017,0,CCC
Company_374,Healthcare,48.2,13.2,6.1,2018,0,CCC
Company_374,Healthcare,50.0,15.2,4.2,2019,0,CCC
Company_374,Healthcare,47.1,14.3,5.2,2020,0,CCC
Company_374,Healthcare,47.9,18.2,5.0,2021,0,CCC
Company_374,Healthcare,47.5,22.7,4.6,2022,0,CCC
Company_374,Healthcare,48.4,24.4,2.9,2023,0,CCC
Company_374,Healthcare,50.7,20.6,2.1,2024,0,CCC
Company_374,Healthcare,48.5,19.6,3.1,2025,0,CCC
Company_375,Transportation,11.1,21.6,18.2,2015,4,CCC
Company_375,Transportation,9.1,21.2,14.4,2016,4,CCC
Company_375,Transportation,10.3,19.5,18.7,2017,4,CCC
Company_375,Transportation,10.2,21.3,17.9,2018,4,CCC
Company_375,Transportation,11.5,21.8,20.2,2019,4,CCC
Company_375,Transportation,10.5,25.6,23.1,2020,4,CCC
Company_375,Transportation,10.1,27.7,21.6,2021,4,CCC
Company_375,Transportation,8.7,26.1,23.1,2022,4,CCC
Company_375,Transportation,8.5,25.9,25.3,2023,4,CCC
Company_375,Transportation,9.2,23.2,25.2,2024,4,CCC
Company_375,Transportation,10.8,21.6,27.8,2025,4,CCC
Company_376,Technology,91.2,68.3,85.3,2015,6,AAA
Company_376,Technology,90.9,71.3,88.6,2016,6,AAA
Company_376,Technology,93.5,71.1,87.2,2017,6,AAA
Company_376,Technology,92.5,75.8,89.8,2018,6,AAA
Company_376,Technology,91.0,75.7,89.7,2019,6,AAA
Company_376,Technology,92.3,75.1,91.8,2020,6,AAA
Company_376,Technology,92.0,77.5,96.6,2021,6,AAA
Company_376,Technology,95.0,78.5,98.0,2022,6,AAA
Company_376,Technology,97.5,76.9,98.5,2023,6,AAA
Company_376,Technology,95.8,77.2,96.9,2024,6,AAA
Company_376,Technology,93.0,79.0,94.6,2025,6,AAA
Company_377,Consumer Goods,45.5,19.8,77.1,2015,2,BBB
Company_377,Consumer Goods,46.4,21.9,76.2,2016,2,BBB
Company_377,Consumer Goods,46.8,22.6,78.2,2017,2,BBB
Company_377,Consumer Goods,50.4,23.3,74.3,2018,2,BBB
Company_377,Consumer Goods,49.2,24.0,75.6,2019,2,BBB
Company_377,Consumer Goods,50.2,21.9,72.1,2020,2,BBB
Company_377,Consumer Goods,50.7,21.4,70.9,2021,2,BBB
Company_377,Consumer Goods,54.0,21.3,71.3,2022,2,BBB
Company_377,Consumer Goods,57.4,20.6,70.2,2023,2,BBB
Company_377,Consumer Goods,55.3,23.7,71.1,2024,2,A
Company_377,Consumer Goods,53.4,24.5,71.9,2025,2,BBB
Company_378,Technology,79.9,97.4,82.9,2015,6,AAA
Company_378,Technology,82.7,94.9,81.9,2016,6,AAA
Company_378,Technology,85.6,95.6,85.3,2017,6,AAA
Company_378,Technology,84.4,94.4,89.0,2018,6,AAA
Company_378,Technology,85.2,95.9,86.9,2019,6,AAA
Company_378,Technology,87.4,98.5,88.4,2020,6,AAA
Company_378,Technology,85.0,99.6,88.0,2021,6,AAA
Company_378,Technology,86.5,99.3,90.9,2022,6,AAA
Company_378,Technology,90.2,97.4,93.6,2023,6,AAA
Company_378,Technology,90.6,96.7,94.4,2024,6,AAA
Company_378,Technology,91.3,98.8,95.8,2025,6,AAA
Company_379,Manufacturing,32.8,28.9,50.6,2015,0,BB
Company_379,Manufacturing,32.6,30.9,50.8,2016,0,BB
Company_379,Manufacturing,33.0,26.5,51.7,2017,0,BB
Company_379,Manufacturing,32.9,31.4,50.1,2018,0,BB
Company_379,Manufacturing,38.0,33.9,51.7,2019,0,BBB
Company_379,Manufacturing,41.5,34.9,53.3,2020,0,BBB
Company_379,Manufacturing,44.2,35.0,53.2,2021,0,BBB
Company_379,Manufacturing,45.5,35.8,54.0,2022,0,BBB
Company_379,Manufacturing,46.6,37.1,55.4,2023,0,BBB
Company_379,Manufacturing,48.9,41.1,58.7,2024,0,BBB
Company_379,Manufacturing,46.4,43.5,57.2,2025,0,BBB
Company_380,Retail,75.7,91.8,90.4,2015,2,AAA
Company_380,Retail,78.0,91.5,90.5,2016,2,AAA
Company_380,Retail,80.3,97.3,86.5,2017,2,AAA
Company_380,Retail,81.9,96.1,87.9,2018,2,AAA
Company_380,Retail,82.1,96.7,92.6,2019,2,AAA
Company_380,Retail,86.1,97.1,90.3,2020,2,AAA
Company_380,Retail,88.0,95.1,95.2,2021,2,AAA
Company_380,Retail,87.6,93.2,93.2,2022,2,AAA
Company_380,Retail,87.5,92.8,96.6,2023,2,AAA
Company_380,Retail,88.1,94.2,93.9,2024,2,AAA
Company_380,Retail,91.6,94.6,97.3,2025,2,AAA
Company_381,Utilities,13.1,78.8,67.7,2015,6,A
Company_381,Utilities,12.5,78.5,67.3,2016,6,A
Company_381,Utilities,10.9,81.1,71.8,2017,6,A
Company_381,Utilities,11.5,81.8,73.7,2018,6,A
Company_381,Utilities,10.4,78.4,72.2,2019,6,A
Company_381,Utilities,12.7,78.9,71.9,2020,6,A
Company_381,Utilities,13.3,78.1,66.8,2021,6,A
Company_381,Utilities,12.2,79.7,70.6,2022,6,A
Company_381,Utilities,13.3,79.4,71.3,2023,6,A
Company_381,Utilities,13.6,79.5,72.7,2024,6,A
Company_381,Utilities,16.2,79.9,72.0,2025,6,A
Company_382,Energy,75.1,50.2,58.0,2015,1,AA
Company_382,Energy,74.8,54.6,61.4,2016,1,AA
Company_382,Energy,77.0,53.0,60.9,2017,1,AA
Company_382,Energy,80.9,54.8,60.4,2018,1,AA
Company_382,Energy,80.6,51.5,57.6,2019,1,AA
Company_382,Energy,81.7,51.7,58.7,2020,1,AA
Company_382,Energy,79.6,52.0,58.3,2021,1,AA
Company_382,Energy,79.6,51.8,59.3,2022,1,AA
Company_382,Energy,81.4,50.6,61.7,2023,1,AA
Company_382,Energy,81.6,52.8,60.2,2024,1,AA
Company_382,Energy,83.6,50.8,59.1,2025,1,AA
Company_383,Energy,12.2,47.4,14.8,2015,4,CCC
Company_383,Energy,11.0,49.5,11.6,2016,4,CCC
Company_383,Energy,9.3,46.6,8.2,2017,4,CCC
Company_383,Energy,11.0,45.7,10.7,2018,4,CCC
Company_383,Energy,13.8,44.2,12.0,2019,4,CCC
Company_383,Energy,14.9,44.0,12.1,2020,4,CCC
Company_383,Energy,15.8,42.3,9.3,2021,4,CCC
Company_383,Energy,17.8,41.1,11.8,2022,4,CCC
Company_383,Energy,20.7,42.3,9.4,2023,4,CCC
Company_383,Energy,22.8,45.1,10.2,2024,4,CCC
Company_383,Energy,23.2,47.3,10.5,2025,4,CCC
Company_384,Healthcare,51.4,33.2,82.0,2015,6,A
Company_384,Healthcare,51.1,33.3,81.8,2016,6,A
Company_384,Healthcare,52.2,31.5,79.8,2017,6,A
Company_384,Healthcare,54.5,30.6,77.7,2018,6,A
Company_384,Healthcare,56.3,29.2,74.7,2019,6,A
Company_384,Healthcare,58.8,30.0,73.9,2020,6,A
Company_384,Healthcare,59.9,30.2,78.0,2021,6,A
Company_384,Healthcare,65.2,32.2,76.6,2022,6,A
Company_384,Healthcare,64.1,32.9,80.5,2023,6,A
Company_384,Healthcare,63.6,32.2,83.2,2024,6,A
Company_384,Healthcare,60.7,33.1,81.4,2025,6,A
Company_385,Transportation,9.5,42.3,31.8,2015,6,CCC
Company_385,Transportation,8.1,41.8,31.0,2016,6,CCC
Company_385,Transportation,12.5,42.6,31.9,2017,6,CCC
Company_385,Transportation,16.0,43.1,29.7,2018,6,CCC
Company_385,Transportation,17.4,41.8,28.3,2019,6,CCC
Company_385,Transportation,19.0,43.6,32.0,2020,6,BB
Company_385,Transportation,17.9,46.3,31.3,2021,6,BB
Company_385,Transportation,15.7,49.4,32.4,2022,6,BB
Company_385,Transportation,14.2,49.9,34.5,2023,6,BB
Company_385,Transportation,19.2,47.0,37.0,2024,6,BB
Company_385,Transportation,20.7,45.3,36.0,2025,6,BB
Company_386,Utilities,58.9,64.5,40.0,2015,1,A
Company_386,Utilities,61.4,68.2,39.9,2016,1,A
Company_386,Utilities,62.0,64.7,39.9,2017,1,A
Company_386,Utilities,58.4,68.1,43.3,2018,1,A
Company_386,Utilities,61.7,71.2,40.9,2019,1,A
Company_386,Utilities,63.9,70.4,40.2,2020,1,A
Company_386,Utilities,67.9,70.4,36.9,2021,1,A
Company_386,Utilities,72.7,68.5,37.7,2022,1,A
Company_386,Utilities,72.2,72.3,40.3,2023,1,AA
Company_386,Utilities,70.2,71.5,39.6,2024,1,AA
Company_386,Utilities,71.5,70.6,42.2,2025,1,AA
Company_387,Consumer Goods,36.4,61.4,71.3,2015,2,A
Company_387,Consumer Goods,38.4,60.9,73.5,2016,2,A
Company_387,Consumer Goods,37.2,60.4,74.1,2017,2,A
Company_387,Consumer Goods,38.4,60.5,77.1,2018,2,A
Company_387,Consumer Goods,38.7,55.6,85.0,2019,2,A
Company_387,Consumer Goods,36.7,54.3,86.5,2020,2,A
Company_387,Consumer Goods,32.7,54.6,85.9,2021,2,A
Company_387,Consumer Goods,30.5,56.8,86.9,2022,2,A
Company_387,Consumer Goods,35.3,57.8,88.5,2023,2,AA
Company_387,Consumer Goods,37.2,61.8,85.2,2024,2,AA
Company_387,Consumer Goods,38.9,61.8,88.2,2025,2,AA
Company_388,Manufacturing,53.0,30.3,45.0,2015,4,BBB
Company_388,Manufacturing,54.6,32.0,46.3,2016,4,BBB
Company_388,Manufacturing,53.7,30.6,46.1,2017,4,BBB
Company_388,Manufacturing,56.3,31.7,50.3,2018,4,BBB
Company_388,Manufacturing,61.3,29.2,48.8,2019,4,BBB
Company_388,Manufacturing,63.8,32.7,47.5,2020,4,BBB
Company_388,Manufacturing,68.1,32.0,49.3,2021,4,BBB
Company_388,Manufacturing,72.3,33.2,48.9,2022,4,A
Company_388,Manufacturing,73.7,32.6,48.8,2023,4,A
Company_388,Manufacturing,75.0,32.3,52.4,2024,4,A
Company_388,Manufacturing,74.4,34.1,52.8,2025,4,A
Company_389,Energy,29.3,18.9,39.9,2015,4,CCC
Company_389,Energy,29.0,21.9,40.3,2016,4,BB
Company_389,Energy,25.0,21.7,36.0,2017,4,CCC
Company_389,Energy,23.3,21.5,36.4,2018,4,CCC
Company_389,Energy,22.4,24.3,37.5,2019,4,CCC
Company_389,Energy,21.6,26.6,39.7,2020,4,CCC
Company_389,Energy,21.8,26.3,38.3,2021,4,CCC
Company_389,Energy,24.6,26.5,40.6,2022,4,BB
Company_389,Energy,25.4,26.0,43.1,2023,4,BB
Company_389,Energy,28.9,24.3,44.6,2024,4,BB
Company_389,Energy,29.2,23.9,41.9,2025,4,BB
Company_390,Energy,25.3,33.6,22.9,2015,1,CCC
Company_390,Energy,22.6,31.9,21.6,2016,1,CCC
Company_390,Energy,23.5,30.5,21.3,2017,1,CCC
Company_390,Energy,22.3,34.6,22.1,2018,1,CCC
Company_390,Energy,26.3,32.6,22.0,2019,1,CCC
Company_390,Energy,24.0,33.0,26.9,2020,1,CCC
Company_390,Energy,26.7,33.9,24.5,2021,1,CCC
Company_390,Energy,27.2,33.6,23.2,2022,1,CCC
Company_390,Energy,26.6,31.7,21.6,2023,1,CCC
Company_390,Energy,25.7,34.8,22.9,2024,1,CCC
Company_390,Energy,22.8,38.0,24.7,2025,1,CCC
Company_391,Retail,33.5,59.5,44.3,2015,6,BBB
Company_391,Retail,32.2,57.2,42.5,2016,6,BBB
Company_391,Retail,32.6,57.2,42.8,2017,6,BBB
Company_391,Retail,30.8,59.0,38.0,2018,6,BBB
Company_391,Retail,34.8,59.5,39.5,2019,6,BBB
Company_391,Retail,36.6,61.7,40.8,2020,6,BBB
Company_391,Retail,36.0,63.9,37.4,2021,6,BBB
Company_391,Retail,38.7,62.5,39.6,2022,6,BBB
Company_391,Retail,40.0,61.2,40.5,2023,6,BBB
Company_391,Retail,40.6,57.8,40.3,2024,6,BBB
Company_391,Retail,41.5,54.9,40.7,2025,6,BBB
Company_392,Consumer Goods,16.0,21.2,24.4,2015,3,CCC
Company_392,Consumer Goods,17.6,20.6,27.1,2016,3,CCC
Company_392,Consumer Goods,18.6,18.8,29.3,2017,3,CCC
Company_392,Consumer Goods,19.1,22.2,29.2,2018,3,CCC
Company_392,Consumer Goods,19.0,23.1,28.2,2019,3,CCC
Company_392,Consumer Goods,21.4,23.0,30.9,2020,3,CCC
Company_392,Consumer Goods,23.5,22.5,31.4,2021,3,CCC
Company_392,Consumer Goods,20.6,23.7,37.7,2022,3,CCC
Company_392,Consumer Goods,23.1,22.9,35.2,2023,3,CCC
Company_392,Consumer Goods,23.4,26.1,32.9,2024,3,CCC
Company_392,Consumer Goods,22.7,25.5,32.7,2025,3,CCC
Company_393,Transportation,75.6,61.0,87.2,2015,5,AA
Company_393,Transportation,76.5,59.0,85.8,2016,5,AA
Company_393,Transportation,78.4,57.4,91.5,2017,5,AAA
Company_393,Transportation,78.9,58.3,93.8,2018,5,AAA
Company_393,Transportation,80.7,57.0,94.6,2019,5,AAA
Company_393,Transportation,82.6,57.8,94.6,2020,5,AAA
Company_393,Transportation,82.4,59.6,97.3,2021,5,AAA
Company_393,Transportation,82.7,58.4,96.7,2022,5,AAA
Company_393,Transportation,81.7,57.8,99.0,2023,5,AAA
Company_393,Transportation,84.6,56.1,100.0,2024,5,AAA
Company_393,Transportation,85.5,58.1,100.0,2025,5,AAA
Company_394,Transportation,30.9,33.8,95.9,2015,6,A
Company_394,Transportation,31.6,32.7,99.8,2016,6,A
Company_394,Transportation,30.0,31.7,100.0,2017,6,A
Company_394,Transportation,27.3,29.8,98.9,2018,6,A
Company_394,Transportation,26.6,28.8,98.2,2019,6,A
Company_394,Transportation,27.5,31.0,96.6,2020,6,A
Company_394,Transportation,29.6,32.9,93.9,2021,6,A
Company_394,Transportation,29.8,35.9,91.2,2022,6,A
Company_394,Transportation,31.8,34.4,92.2,2023,6,A
Company_394,Transportation,36.6,38.6,93.6,2024,6,A
Company_394,Transportation,33.1,34.3,90.9,2025,6,A
Company_395,Consumer Goods,29.7,45.0,67.8,2015,5,BBB
Company_395,Consumer Goods,30.0,42.7,70.1,2016,5,BBB
Company_395,Consumer Goods,32.5,43.4,68.0,2017,5,BBB
Company_395,Consumer Goods,35.7,43.8,68.5,2018,5,BBB
Company_395,Consumer Goods,38.4,42.6,65.2,2019,5,BBB
Company_395,Consumer Goods,40.4,43.7,66.6,2020,5,A
Company_395,Consumer Goods,37.4,46.5,64.0,2021,5,BBB
Company_395,Consumer Goods,38.2,45.1,61.3,2022,5,BBB
Company_395,Consumer Goods,37.5,46.2,61.9,2023,5,BBB
Company_395,Consumer Goods,39.4,47.5,65.6,2024,5,A
Company_395,Consumer Goods,41.2,48.5,67.1,2025,5,A
Company_396,Finance,91.6,57.8,59.6,2015,5,AA
Company_396,Finance,93.8,56.4,62.2,2016,5,AA
Company_396,Finance,94.6,56.6,64.2,2017,5,AA
Company_396,Finance,97.3,59.6,67.6,2018,5,AA
Company_396,Finance,95.9,58.8,66.9,2019,5,AA
Company_396,Finance,94.3,56.9,71.7,2020,5,AA
Company_396,Finance,98.3,58.7,70.9,2021,5,AAA
Company_396,Finance,99.2,60.7,73.6,2022,5,AAA
Company_396,Finance,99.7,61.8,71.8,2023,5,AAA
Company_396,Finance,99.6,62.7,72.9,2024,5,AAA
Company_396,Finance,100.0,63.2,75.5,2025,5,AAA
Company_397,Consumer Goods,37.9,9.6,37.0,2015,3,CCC
Company_397,Consumer Goods,36.2,11.3,37.8,2016,3,CCC
Company_397,Consumer Goods,33.1,14.3,40.9,2017,3,CCC
Company_397,Consumer Goods,32.9,16.6,40.4,2018,3,CCC
Company_397,Consumer Goods,32.6,18.4,41.7,2019,3,BB
Company_397,Consumer Goods,34.6,20.4,42.7,2020,3,BB
Company_397,Consumer Goods,36.4,21.1,45.4,2021,3,BB
Company_397,Consumer Goods,38.1,19.5,47.8,2022,3,BB
Company_397,Consumer Goods,39.1,16.4,50.4,2023,3,BB
Company_397,Consumer Goods,43.5,14.5,50.1,2024,3,BB
Company_397,Consumer Goods,46.8,15.3,50.6,2025,3,BB
Company_398,Finance,99.3,90.6,11.0,2015,3,AA
Company_398,Finance,100.0,90.3,12.4,2016,3,AA
Company_398,Finance,100.0,92.8,13.9,2017,3,AA
Company_398,Finance,100.0,96.7,15.0,2018,3,AA
Company_398,Finance,100.0,98.6,15.1,2019,3,AA
Company_398,Finance,99.7,100.0,14.2,2020,3,AA
Company_398,Finance,100.0,99.3,12.1,2021,3,AA
Company_398,Finance,100.0,99.3,9.3,2022,3,AA
Company_398,Finance,100.0,100.0,6.6,2023,3,AA
Company_398,Finance,100.0,100.0,5.9,2024,3,AA
Company_398,Finance,97.8,98.4,4.0,2025,3,AA
Company_399,Energy,41.6,63.9,66.9,2015,5,A
Company_399,Energy,43.7,63.6,67.3,2016,5,A
Company_399,Energy,47.5,64.4,67.8,2017,5,A
Company_399,Energy,47.9,65.0,69.6,2018,5,AA
Company_399,Energy,48.9,64.8,68.1,2019,5,AA
Company_399,Energy,52.6,66.0,67.9,2020,5,AA
Company_399,Energy,55.2,64.9,65.6,2021,5,AA
Company_399,Energy,57.8,66.9,66.3,2022,5,AA
Company_399,Energy,60.5,69.3,67.7,2023,5,AA
Company_399,Energy,58.5,70.7,68.8,2024,5,AA
Company_399,Energy,60.8,69.0,73.4,2025,5,AA
Company_400,Manufacturing,69.2,45.8,11.6,2015,0,BBB
Company_400,Manufacturing,66.6,48.5,15.7,2016,0,BBB
Company_400,Manufacturing,68.1,46.1,17.8,2017,0,BBB
Company_400,Manufacturing,69.5,47.0,16.8,2018,0,BBB
Company_400,Manufacturing,70.0,47.6,18.4,2019,0,BBB
Company_400,Manufacturing,73.2,43.5,17.3,2020,0,BBB
Company_400,Manufacturing,74.3,46.9,16.2,2021,0,BBB
Company_400,Manufacturing,77.0,48.8,14.1,2022,0,BBB
Company_400,Manufacturing,74.8,53.6,19.2,2023,0,BBB
Company_400,Manufacturing,75.9,55.0,18.1,2024,0,BBB
Company_400,Manufacturing,78.4,51.8,18.9,2025,0,BBB
Company_401,Energy,49.9,38.8,91.1,2015,2,A
Company_401,Energy,53.2,34.2,91.2,2016,2,A
Company_401,Energy,56.5,36.3,91.3,2017,2,AA
Company_401,Energy,56.7,37.1,91.9,2018,2,AA
Company_401,Energy,56.0,34.8,95.4,2019,2,AA
Company_401,Energy,57.8,32.0,96.4,2020,2,AA
Company_401,Energy,58.5,31.7,99.2,2021,2,AA
Company_401,Energy,58.3,32.5,100.0,2022,2,AA
Company_401,Energy,61.1,31.7,100.0,2023,2,AA
Company_401,Energy,60.9,29.6,98.0,2024,2,AA
Company_401,Energy,65.1,31.9,100.0,2025,2,AA
Company_402,Technology,18.6,36.7,29.2,2015,1,CCC
Company_402,Technology,16.8,37.9,30.4,2016,1,CCC
Company_402,Technology,18.0,38.6,30.9,2017,1,CCC
Company_402,Technology,18.3,38.8,31.8,2018,1,CCC
Company_402,Technology,18.7,40.5,31.2,2019,1,BB
Company_402,Technology,14.5,40.3,33.2,2020,1,CCC
Company_402,Technology,15.6,37.0,33.9,2021,1,CCC
Company_402,Technology,17.1,37.8,34.4,2022,1,CCC
Company_402,Technology,18.2,40.3,36.6,2023,1,BB
Company_402,Technology,17.4,37.9,38.4,2024,1,BB
Company_402,Technology,16.2,40.1,38.6,2025,1,BB
Company_403,Retail,64.4,55.6,21.0,2015,4,BBB
Company_403,Retail,65.5,57.6,20.4,2016,4,BBB
Company_403,Retail,67.2,59.0,19.9,2017,4,BBB
Company_403,Retail,69.2,61.9,18.6,2018,4,BBB
Company_403,Retail,69.2,61.4,19.7,2019,4,A
Company_403,Retail,74.0,65.6,19.2,2020,4,A
Company_403,Retail,76.3,66.7,20.3,2021,4,A
Company_403,Retail,78.7,66.0,23.8,2022,4,A
Company_403,Retail,81.3,69.1,26.3,2023,4,A
Company_403,Retail,82.8,65.7,26.7,2024,4,A
Company_403,Retail,82.6,64.7,28.2,2025,4,A
Company_404,Healthcare,68.4,53.3,39.3,2015,4,A
Company_404,Healthcare,69.3,51.4,40.2,2016,4,A
Company_404,Healthcare,67.2,47.3,40.1,2017,4,A
Company_404,Healthcare,68.7,48.7,40.5,2018,4,A
Company_404,Healthcare,66.3,47.5,42.4,2019,4,A
Company_404,Healthcare,63.6,47.7,46.6,2020,4,A
Company_404,Healthcare,62.0,46.7,49.6,2021,4,A
Company_404,Healthcare,66.0,47.2,46.8,2022,4,A
Company_404,Healthcare,67.0,47.8,46.0,2023,4,A
Company_404,Healthcare,69.8,51.5,45.2,2024,4,A
Company_404,Healthcare,70.3,50.0,45.6,2025,4,A
Company_405,Finance,94.1,83.9,85.1,2015,2,AAA
Company_405,Finance,95.4,80.9,86.3,2016,2,AAA
Company_405,Finance,97.6,78.1,86.7,2017,2,AAA
Company_405,Finance,98.9,78.2,88.1,2018,2,AAA
Company_405,Finance,98.8,78.9,90.0,2019,2,AAA
Company_405,Finance,100.0,78.8,92.4,2020,2,AAA
Company_405,Finance,99.6,74.0,92.3,2021,2,AAA
Company_405,Finance,97.0,75.8,91.5,2022,2,AAA
Company_405,Finance,96.9,76.7,92.3,2023,2,AAA
Company_405,Finance,98.0,77.4,94.2,2024,2,AAA
Company_405,Finance,100.0,77.6,93.9,2025,2,AAA
Company_406,Utilities,56.8,41.2,27.5,2015,1,BBB
Company_406,Utilities,54.1,43.0,29.0,2016,1,BBB
Company_406,Utilities,56.0,40.5,30.5,2017,1,BBB
Company_406,Utilities,61.9,39.2,33.9,2018,1,BBB
Company_406,Utilities,63.5,39.2,35.6,2019,1,BBB
Company_406,Utilities,65.6,39.8,34.9,2020,1,BBB
Company_406,Utilities,67.9,41.1,36.9,2021,1,BBB
Company_406,Utilities,72.4,38.9,35.3,2022,1,BBB
Company_406,Utilities,72.6,40.7,37.2,2023,1,A
Company_406,Utilities,73.2,44.8,39.5,2024,1,A
Company_406,Utilities,73.0,45.0,43.2,2025,1,A
Company_407,Healthcare,70.1,25.6,89.2,2015,5,AA
Company_407,Healthcare,72.9,25.5,88.9,2016,5,AA
Company_407,Healthcare,73.7,24.7,86.3,2017,5,AA
Company_407,Healthcare,74.7,25.2,88.2,2018,5,AA
Company_407,Healthcare,75.1,22.4,88.6,2019,5,AA
Company_407,Healthcare,74.5,24.9,86.8,2020,5,AA
Company_407,Healthcare,75.1,24.3,84.2,2021,5,AA
Company_407,Healthcare,76.4,23.7,88.0,2022,5,AA
Company_407,Healthcare,77.9,23.9,91.4,2023,5,AA
Company_407,Healthcare,80.7,29.0,93.9,2024,5,AA
Company_407,Healthcare,83.2,32.1,92.3,2025,5,AA
Company_408,Retail,79.6,23.4,74.1,2015,1,A
Company_408,Retail,78.4,23.3,75.4,2016,1,A
Company_408,Retail,81.9,24.1,77.1,2017,1,AA
Company_408,Retail,84.7,27.2,78.5,2018,1,AA
Company_408,Retail,84.5,31.7,79.8,2019,1,AA
Company_408,Retail,85.5,34.0,79.0,2020,1,AA
Company_408,Retail,85.8,37.3,80.3,2021,1,AA
Company_408,Retail,87.4,35.8,81.2,2022,1,AA
Company_408,Retail,88.8,34.8,84.6,2023,1,AA
Company_408,Retail,90.7,35.9,86.0,2024,1,AA
Company_408,Retail,90.2,37.9,88.9,2025,1,AA
Company_409,Healthcare,62.4,50.6,69.8,2015,2,AA
Company_409,Healthcare,64.5,49.8,70.0,2016,2,AA
Company_409,Healthcare,64.9,48.7,71.7,2017,2,AA
Company_409,Healthcare,62.7,48.0,70.1,2018,2,AA
Company_409,Healthcare,64.7,50.7,70.5,2019,2,AA
Company_409,Healthcare,65.3,52.1,73.2,2020,2,AA
Company_409,Healthcare,61.1,51.1,74.0,2021,2,AA
Company_409,Healthcare,60.8,50.2,70.7,2022,2,AA
Company_409,Healthcare,59.6,50.8,68.0,2023,2,A
Company_409,Healthcare,59.1,52.7,67.6,2024,2,A
Company_409,Healthcare,59.6,50.6,67.5,2025,2,A
Company_410,Manufacturing,22.5,60.3,6.5,2015,0,CCC
Company_410,Manufacturing,25.6,55.9,7.0,2016,0,CCC
Company_410,Manufacturing,25.6,55.8,11.4,2017,0,BB
Company_410,Manufacturing,27.9,55.8,9.9,2018,0,BB
Company_410,Manufacturing,25.7,56.5,11.5,2019,0,BB
Company_410,Manufacturing,24.1,60.7,10.1,2020,0,BB
Company_410,Manufacturing,23.7,63.1,6.7,2021,0,BB
Company_410,Manufacturing,27.8,62.5,6.3,2022,0,BB
Company_410,Manufacturing,29.6,62.3,6.1,2023,0,BB
Company_410,Manufacturing,30.8,61.7,5.2,2024,0,BB
Company_410,Manufacturing,35.3,61.1,7.7,2025,0,BB
Company_411,Healthcare,65.5,38.2,62.7,2015,0,A
Company_411,Healthcare,67.4,35.2,61.1,2016,0,A
Company_411,Healthcare,67.4,37.9,62.1,2017,0,A
Company_411,Healthcare,72.1,40.0,64.0,2018,0,A
Company_411,Healthcare,70.9,42.0,63.7,2019,0,A
Company_411,Healthcare,71.6,43.0,61.4,2020,0,A
Company_411,Healthcare,72.0,46.2,58.3,2021,0,A
Company_411,Healthcare,75.7,48.2,55.8,2022,0,A
Company_411,Healthcare,76.9,49.6,56.4,2023,0,AA
Company_411,Healthcare,75.7,49.3,57.8,2024,0,AA
Company_411,Healthcare,75.5,48.4,59.9,2025,0,AA
Company_412,Energy,24.9,43.5,51.2,2015,3,BB
Company_412,Energy,29.0,47.0,53.5,2016,3,BBB
Company_412,Energy,27.3,45.7,54.3,2017,3,BBB
Company_412,Energy,28.9,45.7,53.5,2018,3,BBB
Company_412,Energy,26.8,48.0,54.1,2019,3,BBB
Company_412,Energy,26.7,48.1,52.4,2020,3,BBB
Company_412,Energy,28.9,47.5,54.8,2021,3,BBB
Company_412,Energy,27.7,48.0,55.0,2022,3,BBB
Company_412,Energy,27.0,45.9,55.0,2023,3,BBB
Company_412,Energy,28.2,50.0,59.3,2024,3,BBB
Company_412,Energy,32.0,49.1,59.0,2025,3,BBB
Company_413,Consumer Goods,40.5,83.0,61.5,2015,5,AA
Company_413,Consumer Goods,42.1,80.2,63.1,2016,5,AA
Company_413,Consumer Goods,45.1,80.7,63.7,2017,5,AA
Company_413,Consumer Goods,44.8,79.7,64.2,2018,5,AA
Company_413,Consumer Goods,45.1,78.6,63.2,2019,5,AA
Company_413,Consumer Goods,43.8,79.4,66.1,2020,5,AA
Company_413,Consumer Goods,43.5,82.6,68.6,2021,5,AA
Company_413,Consumer Goods,45.9,86.9,70.9,2022,5,AA
Company_413,Consumer Goods,48.9,90.5,73.8,2023,5,AA
Company_413,Consumer Goods,49.1,88.2,76.5,2024,5,AA
Company_413,Consumer Goods,52.5,89.3,80.0,2025,5,AA
Company_414,Retail,55.6,35.7,82.9,2015,6,A
Company_414,Retail,54.7,39.7,80.6,2016,6,A
Company_414,Retail,54.0,39.1,77.9,2017,6,A
Company_414,Retail,55.3,39.4,78.6,2018,6,A
Company_414,Retail,59.4,39.5,79.6,2019,6,A
Company_414,Retail,62.0,40.3,79.9,2020,6,AA
Company_414,Retail,62.0,38.6,76.0,2021,6,A
Company_414,Retail,67.0,37.2,78.3,2022,6,AA
Company_414,Retail,66.6,37.9,78.0,2023,6,AA
Company_414,Retail,67.7,38.9,81.1,2024,6,AA
Company_414,Retail,66.0,41.1,81.6,2025,6,AA
Company_415,Energy,23.1,75.6,25.9,2015,5,BBB
Company_415,Energy,23.3,78.6,26.0,2016,5,BBB
Company_415,Energy,28.1,79.3,25.2,2017,5,BBB
Company_415,Energy,28.3,74.2,25.1,2018,5,BBB
Company_415,Energy,31.1,74.4,24.7,2019,5,BBB
Company_415,Energy,29.4,76.4,27.2,2020,5,BBB
Company_415,Energy,31.8,77.3,28.7,2021,5,BBB
Company_415,Energy,34.4,79.5,28.5,2022,5,BBB
Company_415,Energy,39.4,81.4,25.6,2023,5,BBB
Company_415,Energy,42.2,83.6,23.4,2024,5,BBB
Company_415,Energy,44.6,88.7,21.7,2025,5,A
Company_416,Healthcare,58.7,62.2,36.1,2015,4,A
Company_416,Healthcare,58.8,62.9,35.1,2016,4,A
Company_416,Healthcare,60.5,64.0,35.3,2017,4,A
Company_416,Healthcare,61.1,65.4,36.5,2018,4,A
Company_416,Healthcare,62.0,69.5,38.2,2019,4,A
Company_416,Healthcare,60.4,67.5,39.4,2020,4,A
Company_416,Healthcare,62.1,70.1,37.9,2021,4,A
Company_416,Healthcare,64.9,71.4,37.6,2022,4,A
Company_416,Healthcare,69.5,73.8,35.5,2023,4,A
Company_416,Healthcare,72.0,73.1,39.6,2024,4,AA
Company_416,Healthcare,75.1,73.3,39.5,2025,4,AA
Company_417,Transportation,8.6,21.1,9.1,2015,4,CCC
Company_417,Transportation,12.7,19.0,14.1,2016,4,CCC
Company_417,Transportation,12.7,17.7,14.2,2017,4,CCC
Company_417,Transportation,11.0,16.9,16.6,2018,4,CCC
Company_417,Transportation,17.2,18.8,14.8,2019,4,CCC
Company_417,Transportation,15.6,21.5,13.7,2020,4,CCC
Company_417,Transportation,18.3,22.0,14.9,2021,4,CCC
Company_417,Transportation,22.7,23.5,17.8,2022,4,CCC
Company_417,Transportation,25.1,24.0,17.8,2023,4,CCC
Company_417,Transportation,29.5,28.1,19.4,2024,4,CCC
Company_417,Transportation,29.2,34.5,20.2,2025,4,CCC
Company_418,Manufacturing,33.2,85.7,66.3,2015,6,AA
Company_418,Manufacturing,35.0,84.9,66.7,2016,6,AA
Company_418,Manufacturing,36.9,87.3,66.1,2017,6,AA
Company_418,Manufacturing,39.7,87.5,67.0,2018,6,AA
Company_418,Manufacturing,40.1,85.9,68.8,2019,6,AA
Company_418,Manufacturing,40.5,84.8,70.3,2020,6,AA
Company_418,Manufacturing,41.6,87.1,69.1,2021,6,AA
Company_418,Manufacturing,47.0,89.3,65.9,2022,6,AA
Company_418,Manufacturing,45.0,93.0,64.8,2023,6,AA
Company_418,Manufacturing,46.7,93.2,64.6,2024,6,AA
Company_418,Manufacturing,48.6,95.1,65.5,2025,6,AA
Company_419,Healthcare,15.7,75.9,55.0,2015,5,BBB
Company_419,Healthcare,15.0,75.2,57.1,2016,5,BBB
Company_419,Healthcare,18.1,74.1,55.4,2017,5,BBB
Company_419,Healthcare,20.5,73.2,55.9,2018,5,BBB
Company_419,Healthcare,20.7,71.3,53.7,2019,5,BBB
Company_419,Healthcare,19.9,72.6,51.9,2020,5,BBB
Company_419,Healthcare,22.9,70.9,53.1,2021,5,BBB
Company_419,Healthcare,21.6,73.7,54.8,2022,5,A
Company_419,Healthcare,25.4,70.0,55.8,2023,5,A
Company_419,Healthcare,26.2,73.6,54.8,2024,5,A
Company_419,Healthcare,26.1,73.7,56.7,2025,5,A
Company_420,Manufacturing,81.3,23.7,7.2,2015,0,BB
Company_420,Manufacturing,82.8,25.9,11.7,2016,0,BBB
Company_420,Manufacturing,80.2,28.8,12.1,2017,0,BBB
Company_420,Manufacturing,78.2,32.2,11.7,2018,0,BBB
Company_420,Manufacturing,77.9,31.8,16.2,2019,0,BBB
Company_420,Manufacturing,81.2,29.5,19.6,2020,0,BBB
Company_420,Manufacturing,83.7,28.5,23.2,2021,0,BBB
Company_420,Manufacturing,87.7,28.4,22.7,2022,0,BBB
Company_420,Manufacturing,87.8,27.7,21.8,2023,0,BBB
Company_420,Manufacturing,89.0,30.4,24.4,2024,0,BBB
Company_420,Manufacturing,88.9,26.8,25.7,2025,0,BBB
Company_421,Retail,64.3,72.4,66.9,2015,0,AA
Company_421,Retail,65.4,71.4,69.7,2016,0,AA
Company_421,Retail,65.0,74.3,70.4,2017,0,AA
Company_421,Retail,65.6,74.1,70.5,2018,0,AA
Company_421,Retail,65.2,72.7,73.5,2019,0,AA
Company_421,Retail,63.4,74.4,74.8,2020,0,AA
Company_421,Retail,65.4,75.4,78.2,2021,0,AA
Company_421,Retail,68.1,76.6,79.3,2022,0,AA
Company_421,Retail,70.9,82.8,79.6,2023,0,AAA
Company_421,Retail,73.5,85.0,79.8,2024,0,AAA
Company_421,Retail,78.8,88.6,80.9,2025,0,AAA
Company_422,Energy,70.7,86.0,68.6,2015,2,AAA
Company_422,Energy,69.7,84.2,74.5,2016,2,AAA
Company_422,Energy,71.9,84.1,78.1,2017,2,AAA
Company_422,Energy,73.2,82.3,77.5,2018,2,AAA
Company_422,Energy,75.8,81.7,76.5,2019,2,AAA
Company_422,Energy,77.0,84.7,74.5,2020,2,AAA
Company_422,Energy,79.2,89.5,71.9,2021,2,AAA
Company_422,Energy,80.4,89.3,71.1,2022,2,AAA
Company_422,Energy,82.1,91.4,74.7,2023,2,AAA
Company_422,Energy,81.5,90.6,77.8,2024,2,AAA
Company_422,Energy,87.6,93.4,79.6,2025,2,AAA
Company_423,Healthcare,65.2,36.2,73.7,2015,6,A
Company_423,Healthcare,63.8,37.4,74.7,2016,6,A
Company_423,Healthcare,66.8,38.3,74.1,2017,6,A
Company_423,Healthcare,66.5,39.5,77.4,2018,6,AA
Company_423,Healthcare,66.2,39.8,77.9,2019,6,AA
Company_423,Healthcare,65.1,39.7,80.8,2020,6,AA
Company_423,Healthcare,65.9,38.2,84.8,2021,6,AA
Company_423,Healthcare,70.1,41.6,86.3,2022,6,AA
Company_423,Healthcare,71.8,41.2,86.0,2023,6,AA
Company_423,Healthcare,72.3,39.1,85.3,2024,6,AA
Company_423,Healthcare,72.1,40.3,87.0,2025,6,AA
Company_424,Finance,97.6,56.7,96.2,2015,2,AAA
Company_424,Finance,100.0,60.1,93.9,2016,2,AAA
Company_424,Finance,97.6,61.1,97.5,2017,2,AAA
Company_424,Finance,97.9,61.8,98.3,2018,2,AAA
Company_424,Finance,98.8,62.1,97.4,2019,2,AAA
Company_424,Finance,99.4,64.3,96.3,2020,2,AAA
Company_424,Finance,100.0,65.3,98.8,2021,2,AAA
Company_424,Finance,99.5,66.0,97.4,2022,2,AAA
Company_424,Finance,100.0,66.7,95.1,2023,2,AAA
Company_424,Finance,100.0,70.5,93.4,2024,2,AAA
Company_424,Finance,100.0,73.5,93.9,2025,2,AAA
Company_425,Consumer Goods,86.6,42.5,54.0,2015,4,AA
Company_425,Consumer Goods,89.8,41.5,57.4,2016,4,AA
Company_425,Consumer Goods,90.7,41.1,54.7,2017,4,AA
Company_425,Consumer Goods,93.5,41.9,53.7,2018,4,AA
Company_425,Consumer Goods,94.0,45.7,48.9,2019,4,AA
Company_425,Consumer Goods,96.0,45.4,48.6,2020,4,AA
Company_425,Consumer Goods,94.5,45.0,44.6,2021,4,AA
Company_425,Consumer Goods,96.7,47.8,46.3,2022,4,AA
Company_425,Consumer Goods,95.8,49.2,47.2,2023,4,AA
Company_425,Consumer Goods,92.8,44.9,48.8,2024,4,AA
Company_425,Consumer Goods,92.1,46.8,51.8,2025,4,AA
Company_426,Transportation,36.2,22.9,16.0,2015,4,CCC
Company_426,Transportation,36.5,25.0,15.0,2016,4,CCC
Company_426,Transportation,39.8,23.8,14.1,2017,4,CCC
Company_426,Transportation,41.2,20.5,13.6,2018,4,CCC
Company_426,Transportation,42.6,23.5,16.7,2019,4,CCC
Company_426,Transportation,38.1,25.0,18.0,2020,4,CCC
Company_426,Transportation,40.1,24.7,21.0,2021,4,CCC
Company_426,Transportation,44.1,23.4,21.8,2022,4,CCC
Company_426,Transportation,48.3,26.1,25.5,2023,4,BB
Company_426,Transportation,49.7,25.0,24.3,2024,4,BB
Company_426,Transportation,52.2,25.5,22.9,2025,4,BB
Company_427,Manufacturing,20.6,33.2,71.8,2015,1,BBB
Company_427,Manufacturing,22.7,31.2,73.2,2016,1,BBB
Company_427,Manufacturing,24.8,30.0,73.1,2017,1,BBB
Company_427,Manufacturing,24.5,32.7,72.5,2018,1,BBB
Company_427,Manufacturing,23.7,30.2,75.4,2019,1,BBB
Company_427,Manufacturing,25.7,31.2,77.1,2020,1,BBB
Company_427,Manufacturing,26.9,30.6,75.0,2021,1,BBB
Company_427,Manufacturing,28.6,32.9,73.8,2022,1,BBB
Company_427,Manufacturing,26.0,33.4,72.3,2023,1,BBB
Company_427,Manufacturing,28.1,33.5,74.0,2024,1,BBB
Company_427,Manufacturing,31.7,31.6,73.4,2025,1,BBB
Company_428,Manufacturing,67.0,87.7,39.0,2015,6,AA
Company_428,Manufacturing,67.6,88.3,38.5,2016,6,AA
Company_428,Manufacturing,68.1,87.9,39.4,2017,6,AA
Company_428,Manufacturing,73.4,90.0,41.5,2018,6,AA
Company_428,Manufacturing,73.3,89.9,41.6,2019,6,AA
Company_428,Manufacturing,72.8,91.7,36.1,2020,6,AA
Company_428,Manufacturing,73.3,89.9,32.7,2021,6,AA
Company_428,Manufacturing,77.2,86.9,33.4,2022,6,AA
Company_428,Manufacturing,80.6,87.1,34.3,2023,6,AA
Company_428,Manufacturing,85.2,87.5,36.1,2024,6,AA
Company_428,Manufacturing,83.9,89.3,38.2,2025,6,AA
Company_429,Finance,100.0,86.8,56.5,2015,5,AAA
Company_429,Finance,100.0,86.3,59.6,2016,5,AAA
Company_429,Finance,99.6,87.5,61.6,2017,5,AAA
Company_429,Finance,100.0,87.7,57.7,2018,5,AAA
Company_429,Finance,100.0,86.9,56.3,2019,5,AAA
Company_429,Finance,100.0,88.9,56.5,2020,5,AAA
Company_429,Finance,100.0,90.7,56.9,2021,5,AAA
Company_429,Finance,100.0,92.1,57.8,2022,5,AAA
Company_429,Finance,99.6,90.7,57.9,2023,5,AAA
Company_429,Finance,98.7,90.8,57.3,2024,5,AAA
Company_429,Finance,98.0,91.2,59.3,2025,5,AAA
Company_430,Healthcare,78.3,79.2,47.8,2015,6,AA
Company_430,Healthcare,79.6,78.9,49.5,2016,6,AA
Company_430,Healthcare,82.6,79.5,51.8,2017,6,AA
Company_430,Healthcare,84.3,79.6,52.5,2018,6,AA
Company_430,Healthcare,84.6,81.1,47.8,2019,6,AA
Company_430,Healthcare,85.5,82.4,50.9,2020,6,AA
Company_430,Healthcare,87.1,85.3,48.6,2021,6,AA
Company_430,Healthcare,89.2,85.9,47.1,2022,6,AA
Company_430,Healthcare,89.2,86.6,47.7,2023,6,AA
Company_430,Healthcare,89.1,86.6,48.6,2024,6,AA
Company_430,Healthcare,89.3,88.0,49.6,2025,6,AAA
Company_431,Consumer Goods,47.1,78.3,75.5,2015,1,AA
Company_431,Consumer Goods,49.8,77.8,77.6,2016,1,AA
Company_431,Consumer Goods,52.8,81.4,77.5,2017,1,AA
Company_431,Consumer Goods,51.9,82.1,77.1,2018,1,AA
Company_431,Consumer Goods,54.1,82.8,76.9,2019,1,AA
Company_431,Consumer Goods,54.5,82.8,76.2,2020,1,AA
Company_431,Consumer Goods,56.8,81.1,79.8,2021,1,AA
Company_431,Consumer Goods,57.2,82.9,80.4,2022,1,AA
Company_431,Consumer Goods,59.4,79.7,78.5,2023,1,AA
Company_431,Consumer Goods,62.4,81.1,81.3,2024,1,AA
Company_431,Consumer Goods,65.4,77.3,81.3,2025,1,AA
Company_432,Technology,62.3,47.9,77.4,2015,5,AA
Company_432,Technology,60.2,48.9,78.0,2016,5,AA
Company_432,Technology,60.1,49.8,81.8,2017,5,AA
Company_432,Technology,59.9,53.5,84.5,2018,5,AA
Company_432,Technology,64.9,56.7,83.9,2019,5,AA
Company_432,Technology,64.5,56.9,86.4,2020,5,AA
Company_432,Technology,68.7,59.0,87.0,2021,5,AA
Company_432,Technology,65.9,58.1,88.5,2022,5,AA
Company_432,Technology,65.8,60.4,85.5,2023,5,AA
Company_432,Technology,68.0,58.8,84.1,2024,5,AA
Company_432,Technology,69.4,61.0,83.8,2025,5,AA
Company_433,Retail,37.4,52.0,26.0,2015,4,BB
Company_433,Retail,38.4,53.8,29.1,2016,4,BBB
Company_433,Retail,42.0,51.3,30.6,2017,4,BBB
Company_433,Retail,42.5,52.9,29.3,2018,4,BBB
Company_433,Retail,39.7,52.8,30.4,2019,4,BBB
Company_433,Retail,41.1,53.3,30.2,2020,4,BBB
Company_433,Retail,43.3,50.2,28.5,2021,4,BBB
Company_433,Retail,41.5,49.3,31.3,2022,4,BBB
Company_433,Retail,39.8,47.6,29.4,2023,4,BB
Company_433,Retail,39.7,50.1,28.7,2024,4,BB
Company_433,Retail,38.6,49.3,30.2,2025,4,BB
Company_434,Transportation,28.0,53.0,71.5,2015,3,A
Company_434,Transportation,28.5,54.1,73.7,2016,3,A
Company_434,Transportation,28.4,54.0,73.7,2017,3,A
Company_434,Transportation,27.1,53.8,75.6,2018,3,A
Company_434,Transportation,31.2,50.0,74.0,2019,3,A
Company_434,Transportation,33.5,49.0,73.1,2020,3,A
Company_434,Transportation,30.8,50.6,73.8,2021,3,A
Company_434,Transportation,33.0,53.9,75.1,2022,3,A
Company_434,Transportation,37.5,55.0,76.8,2023,3,A
Company_434,Transportation,37.7,54.3,77.3,2024,3,A
Company_434,Transportation,38.5,53.5,79.1,2025,3,A
Company_435,Retail,44.3,6.2,12.3,2015,4,CCC
Company_435,Retail,44.8,8.1,11.6,2016,4,CCC
Company_435,Retail,44.4,8.1,14.0,2017,4,CCC
Company_435,Retail,46.6,3.2,10.8,2018,4,CCC
Company_435,Retail,44.4,6.1,10.7,2019,4,CCC
Company_435,Retail,45.2,9.8,13.8,2020,4,CCC
Company_435,Retail,44.4,11.0,13.8,2021,4,CCC
Company_435,Retail,46.3,14.7,13.1,2022,4,CCC
Company_435,Retail,47.6,15.1,14.2,2023,4,CCC
Company_435,Retail,47.4,15.0,14.3,2024,4,CCC
Company_435,Retail,48.3,14.5,11.8,2025,4,CCC
Company_436,Finance,97.5,49.5,37.0,2015,3,AA
Company_436,Finance,100.0,50.1,39.5,2016,3,AA
Company_436,Finance,100.0,50.5,39.8,2017,3,AA
Company_436,Finance,97.8,53.1,40.4,2018,3,AA
Company_436,Finance,94.1,51.9,39.2,2019,3,AA
Company_436,Finance,95.9,52.9,41.0,2020,3,AA
Company_436,Finance,96.9,54.0,42.1,2021,3,AA
Company_436,Finance,96.6,51.9,43.3,2022,3,AA
Company_436,Finance,99.1,51.5,44.5,2023,3,AA
Company_436,Finance,99.7,52.9,47.7,2024,3,AA
Company_436,Finance,96.8,52.5,43.9,2025,3,AA
Company_437,Technology,63.4,71.9,4.3,2015,0,BBB
Company_437,Technology,65.6,73.2,3.8,2016,0,BBB
Company_437,Technology,65.3,72.8,7.5,2017,0,BBB
Company_437,Technology,65.7,73.8,4.1,2018,0,BBB
Company_437,Technology,68.7,73.3,7.2,2019,0,BBB
Company_437,Technology,70.0,74.9,7.8,2020,0,A
Company_437,Technology,72.0,73.4,9.4,2021,0,A
Company_437,Technology,70.8,78.4,10.7,2022,0,A
Company_437,Technology,69.9,79.6,10.8,2023,0,A
Company_437,Technology,68.4,80.7,12.1,2024,0,A
Company_437,Technology,68.9,80.6,16.6,2025,0,A
Company_438,Transportation,22.5,73.6,16.8,2015,1,BB
Company_438,Transportation,21.4,69.6,15.2,2016,1,BB
Company_438,Transportation,19.7,73.1,16.9,2017,1,BB
Company_438,Transportation,17.9,76.9,15.8,2018,1,BB
Company_438,Transportation,19.7,75.1,17.7,2019,1,BB
Company_438,Transportation,18.0,73.3,17.7,2020,1,BB
Company_438,Transportation,19.0,75.1,22.6,2021,1,BB
Company_438,Transportation,17.9,76.0,21.1,2022,1,BB
Company_438,Transportation,19.9,74.6,20.9,2023,1,BB
Company_438,Transportation,19.2,75.4,19.4,2024,1,BB
Company_438,Transportation,20.1,74.6,25.1,2025,1,BB
Company_439,Utilities,67.2,71.6,94.3,2015,5,AAA
Company_439,Utilities,70.8,72.2,93.8,2016,5,AAA
Company_439,Utilities,71.3,71.0,93.1,2017,5,AAA
Company_439,Utilities,72.4,72.5,92.9,2018,5,AAA
Company_439,Utilities,70.7,71.9,95.1,2019,5,AAA
Company_439,Utilities,70.6,76.0,92.5,2020,5,AAA
Company_439,Utilities,73.1,76.5,96.4,2021,5,AAA
Company_439,Utilities,74.3,77.7,96.8,2022,5,AAA
Company_439,Utilities,73.3,79.0,100.0,2023,5,AAA
Company_439,Utilities,76.5,76.1,100.0,2024,5,AAA
Company_439,Utilities,79.7,76.9,100.0,2025,5,AAA
Company_440,Retail,60.4,40.3,39.7,2015,6,BBB
Company_440,Retail,63.0,39.2,39.0,2016,6,BBB
Company_440,Retail,62.0,42.2,39.5,2017,6,BBB
Company_440,Retail,64.3,41.1,40.5,2018,6,BBB
Company_440,Retail,63.7,42.2,39.1,2019,6,BBB
Company_440,Retail,70.5,45.4,41.4,2020,6,A
Company_440,Retail,71.8,46.6,43.6,2021,6,A
Company_440,Retail,73.9,45.7,43.8,2022,6,A
Company_440,Retail,73.7,44.7,44.2,2023,6,A
Company_440,Retail,74.4,41.6,47.0,2024,6,A
Company_440,Retail,77.5,41.9,45.4,2025,6,A
Company_441,Finance,98.9,50.8,50.3,2015,5,AA
Company_441,Finance,97.8,50.2,51.1,2016,5,AA
Company_441,Finance,99.2,53.5,50.9,2017,5,AA
Company_441,Finance,99.8,55.4,49.2,2018,5,AA
Company_441,Finance,100.0,59.3,47.2,2019,5,AA
Company_441,Finance,100.0,62.9,47.2,2020,5,AA
Company_441,Finance,100.0,64.1,45.8,2021,5,AA
Company_441,Finance,100.0,67.7,44.4,2022,5,AA
Company_441,Finance,100.0,70.1,48.3,2023,5,AA
Company_441,Finance,100.0,71.9,44.8,2024,5,AA
Company_441,Finance,100.0,72.1,45.6,2025,5,AA
Company_442,Consumer Goods,53.6,34.1,50.0,2015,3,BBB
Company_442,Consumer Goods,54.4,35.8,51.6,2016,3,BBB
Company_442,Consumer Goods,54.6,38.4,52.9,2017,3,BBB
Company_442,Consumer Goods,58.2,37.7,56.2,2018,3,A
Company_442,Consumer Goods,61.5,36.9,56.4,2019,3,A
Company_442,Consumer Goods,63.7,39.9,57.1,2020,3,A
Company_442,Consumer Goods,63.3,40.3,55.8,2021,3,A
Company_442,Consumer Goods,59.8,40.0,56.6,2022,3,A
Company_442,Consumer Goods,58.2,42.5,57.3,2023,3,A
Company_442,Consumer Goods,59.0,41.4,59.7,2024,3,A
Company_442,Consumer Goods,62.2,42.0,61.4,2025,3,A
Company_443,Consumer Goods,28.1,71.0,42.7,2015,6,BBB
Company_443,Consumer Goods,27.0,69.6,46.1,2016,6,BBB
Company_443,Consumer Goods,26.2,71.2,48.8,2017,6,BBB
Company_443,Consumer Goods,27.5,71.7,49.7,2018,6,BBB
Company_443,Consumer Goods,26.3,71.0,50.7,2019,6,BBB
Company_443,Consumer Goods,24.2,72.3,52.8,2020,6,BBB
Company_443,Consumer Goods,25.1,76.0,53.6,2021,6,A
Company_443,Consumer Goods,24.0,77.2,54.6,2022,6,A
Company_443,Consumer Goods,25.4,78.2,53.6,2023,6,A
Company_443,Consumer Goods,26.4,80.2,55.0,2024,6,A
Company_443,Consumer Goods,24.6,82.4,54.9,2025,6,A
Company_444,Finance,97.9,83.7,93.5,2015,2,AAA
Company_444,Finance,99.2,84.3,91.6,2016,2,AAA
Company_444,Finance,97.1,84.5,93.9,2017,2,AAA
Company_444,Finance,96.1,86.0,91.5,2018,2,AAA
Company_444,Finance,95.5,84.6,92.8,2019,2,AAA
Company_444,Finance,96.9,82.3,93.5,2020,2,AAA
Company_444,Finance,96.2,84.9,93.4,2021,2,AAA
Company_444,Finance,96.6,86.4,91.9,2022,2,AAA
Company_444,Finance,100.0,87.1,88.5,2023,2,AAA
Company_444,Finance,100.0,88.2,88.6,2024,2,AAA
Company_444,Finance,98.4,86.2,91.8,2025,2,AAA
Company_445,Finance,79.2,76.3,74.0,2015,2,AAA
Company_445,Finance,79.7,75.0,75.4,2016,2,AAA
Company_445,Finance,82.1,75.2,73.9,2017,2,AAA
Company_445,Finance,80.8,72.7,74.2,2018,2,AAA
Company_445,Finance,84.4,72.4,75.6,2019,2,AAA
Company_445,Finance,86.1,72.1,78.5,2020,2,AAA
Company_445,Finance,87.3,70.6,78.4,2021,2,AAA
Company_445,Finance,86.5,67.5,82.0,2022,2,AAA
Company_445,Finance,86.0,66.2,82.6,2023,2,AAA
Company_445,Finance,84.5,67.7,82.1,2024,2,AAA
Company_445,Finance,86.8,70.1,78.7,2025,2,AAA
Company_446,Manufacturing,61.0,54.4,34.9,2015,6,A
Company_446,Manufacturing,59.4,57.9,38.0,2016,6,A
Company_446,Manufacturing,59.9,58.4,43.1,2017,6,A
Company_446,Manufacturing,60.6,58.6,42.6,2018,6,A
Company_446,Manufacturing,61.3,58.3,42.3,2019,6,A
Company_446,Manufacturing,62.8,56.7,42.7,2020,6,A
Company_446,Manufacturing,62.3,55.6,41.5,2021,6,A
Company_446,Manufacturing,63.1,53.3,43.4,2022,6,A
Company_446,Manufacturing,61.5,51.1,43.3,2023,6,A
Company_446,Manufacturing,64.6,51.0,44.0,2024,6,A
Company_446,Manufacturing,64.5,51.7,40.6,2025,6,A
Company_447,Utilities,30.1,11.0,64.3,2015,5,BB
Company_447,Utilities,28.3,10.7,64.4,2016,5,BB
Company_447,Utilities,29.1,11.3,65.3,2017,5,BB
Company_447,Utilities,31.1,14.4,66.9,2018,5,BB
Company_447,Utilities,33.0,11.1,66.7,2019,5,BB
Company_447,Utilities,35.4,12.9,69.2,2020,5,BB
Company_447,Utilities,38.3,13.6,73.1,2021,5,BBB
Company_447,Utilities,38.3,14.9,72.1,2022,5,BBB
Company_447,Utilities,42.4,16.5,71.6,2023,5,BBB
Company_447,Utilities,43.8,17.0,76.5,2024,5,BBB
Company_447,Utilities,44.5,18.6,74.6,2025,5,BBB
Company_448,Finance,98.1,39.8,7.0,2015,4,BBB
Company_448,Finance,99.0,43.2,8.2,2016,4,A
Company_448,Finance,97.9,40.6,9.2,2017,4,BBB
Company_448,Finance,97.7,40.0,10.1,2018,4,BBB
Company_448,Finance,97.5,40.6,9.1,2019,4,BBB
Company_448,Finance,100.0,42.2,11.9,2020,4,A
Company_448,Finance,100.0,43.3,14.6,2021,4,A
Company_448,Finance,100.0,45.0,18.1,2022,4,A
Company_448,Finance,100.0,41.5,23.4,2023,4,A
Company_448,Finance,100.0,42.7,22.7,2024,4,A
Company_448,Finance,99.5,42.0,22.5,2025,4,A
Company_449,Manufacturing,46.8,82.7,69.4,2015,6,AA
Company_449,Manufacturing,48.9,77.1,68.0,2016,6,AA
Company_449,Manufacturing,50.1,79.0,69.3,2017,6,AA
Company_449,Manufacturing,52.8,79.5,66.7,2018,6,AA
Company_449,Manufacturing,52.0,77.7,66.4,2019,6,AA
Company_449,Manufacturing,48.8,76.2,67.2,2020,6,AA
Company_449,Manufacturing,50.2,74.4,69.6,2021,6,AA
Company_449,Manufacturing,50.6,74.4,71.7,2022,6,AA
Company_449,Manufacturing,50.2,76.3,74.3,2023,6,AA
Company_449,Manufacturing,47.6,77.2,70.8,2024,6,AA
Company_449,Manufacturing,48.9,78.0,71.8,2025,6,AA
Company_450,Utilities,22.5,69.5,87.9,2015,2,A
Company_450,Utilities,24.8,71.7,89.9,2016,2,AA
Company_450,Utilities,24.2,71.5,90.1,2017,2,AA
Company_450,Utilities,23.4,69.2,88.4,2018,2,AA
Company_450,Utilities,21.1,71.6,90.2,2019,2,AA
Company_450,Utilities,21.3,71.2,90.1,2020,2,AA
Company_450,Utilities,21.4,73.1,91.6,2021,2,AA
Company_450,Utilities,18.7,74.5,91.1,2022,2,AA
Company_450,Utilities,18.2,77.7,92.8,2023,2,AA
Company_450,Utilities,18.0,75.9,90.6,2024,2,AA
Company_450,Utilities,21.9,78.2,91.8,2025,2,AA
Company_451,Consumer Goods,62.5,79.2,80.0,2015,6,AA
Company_451,Consumer Goods,67.4,81.5,82.5,2016,6,AAA
Company_451,Consumer Goods,68.2,80.0,86.7,2017,6,AAA
Company_451,Consumer Goods,68.4,78.9,85.9,2018,6,AAA
Company_451,Consumer Goods,68.2,80.6,86.3,2019,6,AAA
Company_451,Consumer Goods,68.2,82.8,87.1,2020,6,AAA
Company_451,Consumer Goods,71.5,82.8,87.1,2021,6,AAA
Company_451,Consumer Goods,74.1,80.4,85.8,2022,6,AAA
Company_451,Consumer Goods,77.2,84.3,90.2,2023,6,AAA
Company_451,Consumer Goods,76.6,88.0,91.5,2024,6,AAA
Company_451,Consumer Goods,77.4,87.6,92.3,2025,6,AAA
Company_452,Consumer Goods,44.9,55.7,37.7,2015,1,BBB
Company_452,Consumer Goods,46.4,54.4,37.6,2016,1,BBB
Company_452,Consumer Goods,51.7,52.0,39.2,2017,1,BBB
Company_452,Consumer Goods,53.3,56.3,42.1,2018,1,A
Company_452,Consumer Goods,55.3,58.0,40.5,2019,1,A
Company_452,Consumer Goods,57.6,56.4,40.4,2020,1,A
Company_452,Consumer Goods,57.2,61.7,41.4,2021,1,A
Company_452,Consumer Goods,55.9,61.6,43.0,2022,1,A
Company_452,Consumer Goods,57.0,61.5,44.0,2023,1,A
Company_452,Consumer Goods,60.4,63.9,46.1,2024,1,A
Company_452,Consumer Goods,62.0,62.9,51.5,2025,1,A
Company_453,Energy,11.7,29.4,24.8,2015,4,CCC
Company_453,Energy,16.9,27.3,21.3,2016,4,CCC
Company_453,Energy,16.6,29.6,22.9,2017,4,CCC
Company_453,Energy,19.2,33.2,23.4,2018,4,CCC
Company_453,Energy,20.3,33.9,25.3,2019,4,CCC
Company_453,Energy,21.1,36.3,22.8,2020,4,CCC
Company_453,Energy,20.0,38.7,26.2,2021,4,CCC
Company_453,Energy,21.4,38.1,27.2,2022,4,CCC
Company_453,Energy,25.3,36.9,28.6,2023,4,BB
Company_453,Energy,22.7,36.4,37.1,2024,4,BB
Company_453,Energy,24.3,38.7,37.2,2025,4,BB
Company_454,Manufacturing,30.8,36.1,29.8,2015,4,BB
Company_454,Manufacturing,33.7,34.2,29.0,2016,4,BB
Company_454,Manufacturing,36.5,36.9,26.6,2017,4,BB
Company_454,Manufacturing,38.1,37.4,25.2,2018,4,BB
Company_454,Manufacturing,37.2,33.7,25.3,2019,4,BB
Company_454,Manufacturing,41.4,33.8,25.6,2020,4,BB
Company_454,Manufacturing,44.3,34.2,26.1,2021,4,BB
Company_454,Manufacturing,42.5,33.1,26.2,2022,4,BB
Company_454,Manufacturing,47.1,32.6,23.9,2023,4,BB
Company_454,Manufacturing,48.6,32.4,25.4,2024,4,BB
Company_454,Manufacturing,47.5,29.6,30.9,2025,4,BB
Company_455,Consumer Goods,67.0,20.7,34.5,2015,3,BBB
Company_455,Consumer Goods,69.3,19.4,35.2,2016,3,BBB
Company_455,Consumer Goods,71.7,20.6,37.0,2017,3,BBB
Company_455,Consumer Goods,72.8,21.8,37.1,2018,3,BBB
Company_455,Consumer Goods,77.4,21.7,36.1,2019,3,BBB
Company_455,Consumer Goods,76.6,23.0,36.2,2020,3,BBB
Company_455,Consumer Goods,75.9,24.6,38.4,2021,3,BBB
Company_455,Consumer Goods,78.9,24.3,39.5,2022,3,BBB
Company_455,Consumer Goods,76.4,22.7,41.6,2023,3,BBB
Company_455,Consumer Goods,80.6,23.1,42.5,2024,3,BBB
Company_455,Consumer Goods,80.2,23.0,42.3,2025,3,BBB
Company_456,Utilities,37.1,53.1,13.8,2015,1,BB
Company_456,Utilities,40.2,54.1,15.2,2016,1,BB
Company_456,Utilities,38.0,52.1,13.0,2017,1,BB
Company_456,Utilities,41.9,54.7,15.0,2018,1,BB
Company_456,Utilities,45.4,53.9,16.3,2019,1,BB
Company_456,Utilities,47.6,53.7,18.0,2020,1,BB
Company_456,Utilities,46.8,53.4,17.3,2021,1,BB
Company_456,Utilities,47.3,51.1,12.6,2022,1,BB
Company_456,Utilities,45.5,50.5,11.6,2023,1,BB
Company_456,Utilities,45.0,49.0,11.3,2024,1,BB
Company_456,Utilities,47.6,49.5,10.3,2025,1,BB
Company_457,Transportation,41.6,90.7,76.1,2015,5,AA
Company_457,Transportation,44.8,89.1,77.7,2016,5,AA
Company_457,Transportation,44.2,89.4,78.1,2017,5,AA
Company_457,Transportation,45.8,88.4,82.3,2018,5,AA
Company_457,Transportation,43.6,86.9,82.5,2019,5,AA
Company_457,Transportation,45.6,87.5,83.9,2020,5,AA
Company_457,Transportation,43.3,87.6,85.7,2021,5,AA
Company_457,Transportation,43.1,89.3,84.4,2022,5,AA
Company_457,Transportation,44.3,92.3,82.3,2023,5,AA
Company_457,Transportation,46.1,90.2,84.0,2024,5,AA
Company_457,Transportation,48.1,92.7,83.5,2025,5,AA
Company_458,Transportation,0.8,42.3,26.4,2015,1,CCC
Company_458,Transportation,0.0,44.5,26.6,2016,1,CCC
Company_458,Transportation,2.4,47.5,27.7,2017,1,CCC
Company_458,Transportation,4.8,48.7,31.0,2018,1,CCC
Company_458,Transportation,7.7,51.4,27.9,2019,1,CCC
Company_458,Transportation,11.6,52.0,28.6,2020,1,BB
Company_458,Transportation,12.9,55.6,26.5,2021,1,BB
Company_458,Transportation,12.3,54.8,27.9,2022,1,BB
Company_458,Transportation,13.5,51.5,27.0,2023,1,BB
Company_458,Transportation,17.3,53.7,28.6,2024,1,BB
Company_458,Transportation,17.5,51.4,28.8,2025,1,BB
Company_459,Transportation,27.2,33.1,78.1,2015,4,BBB
Company_459,Transportation,24.8,35.4,77.2,2016,4,BBB
Company_459,Transportation,25.1,32.9,76.0,2017,4,BBB
Company_459,Transportation,23.4,34.7,76.1,2018,4,BBB
Company_459,Transportation,24.7,37.1,79.5,2019,4,BBB
Company_459,Transportation,29.6,36.0,81.0,2020,4,BBB
Company_459,Transportation,31.9,38.3,81.3,2021,4,A
Company_459,Transportation,30.8,36.3,83.0,2022,4,A
Company_459,Transportation,30.1,38.1,82.8,2023,4,A
Company_459,Transportation,31.0,38.8,83.5,2024,4,A
Company_459,Transportation,34.3,37.9,84.2,2025,4,A
Company_460,Technology,69.3,56.5,43.4,2015,5,A
Company_460,Technology,69.5,57.7,44.1,2016,5,A
Company_460,Technology,65.9,55.9,45.3,2017,5,A
Company_460,Technology,66.8,57.2,46.9,2018,5,A
Company_460,Technology,64.2,58.2,48.4,2019,5,A
Company_460,Technology,61.2,59.6,49.8,2020,5,A
Company_460,Technology,61.1,57.6,50.0,2021,5,A
Company_460,Technology,60.7,58.7,51.4,2022,5,A
Company_460,Technology,61.3,59.2,52.5,2023,5,A
Company_460,Technology,63.5,59.8,53.6,2024,5,A
Company_460,Technology,64.0,59.5,55.8,2025,5,A
Company_461,Technology,81.8,92.0,57.9,2015,6,AAA
Company_461,Technology,79.9,95.1,54.9,2016,6,AAA
Company_461,Technology,78.4,95.8,57.0,2017,6,AAA
Company_461,Technology,83.0,96.3,59.9,2018,6,AAA
Company_461,Technology,86.1,98.1,60.5,2019,6,AAA
Company_461,Technology,84.5,97.0,65.1,2020,6,AAA
Company_461,Technology,85.3,99.7,65.1,2021,6,AAA
Company_461,Technology,85.8,100.0,63.3,2022,6,AAA
Company_461,Technology,86.7,97.5,62.3,2023,6,AAA
Company_461,Technology,89.6,97.1,60.4,2024,6,AAA
Company_461,Technology,94.4,98.7,59.3,2025,6,AAA
Company_462,Technology,87.5,76.3,54.8,2015,5,AA
Company_462,Technology,89.9,77.8,54.2,2016,5,AA
Company_462,Technology,93.1,75.7,54.6,2017,5,AA
Company_462,Technology,97.2,76.0,56.1,2018,5,AAA
Company_462,Technology,91.1,75.9,58.1,2019,5,AAA
Company_462,Technology,90.7,74.5,59.4,2020,5,AA
Company_462,Technology,88.8,71.5,60.1,2021,5,AA
Company_462,Technology,95.9,72.9,62.7,2022,5,AAA
Company_462,Technology,97.1,72.0,64.7,2023,5,AAA
Company_462,Technology,99.7,70.9,61.7,2024,5,AAA
Company_462,Technology,98.9,69.8,61.2,2025,5,AAA
Company_463,Technology,86.1,94.7,30.6,2015,3,AA
Company_463,Technology,89.4,97.2,32.8,2016,3,AA
Company_463,Technology,89.4,97.4,33.8,2017,3,AA
Company_463,Technology,89.6,95.7,35.9,2018,3,AA
Company_463,Technology,92.2,97.0,34.4,2019,3,AA
Company_463,Technology,91.9,97.3,37.4,2020,3,AAA
Company_463,Technology,91.9,100.0,38.2,2021,3,AAA
Company_463,Technology,91.3,100.0,39.2,2022,3,AAA
Company_463,Technology,90.3,96.2,43.5,2023,3,AAA
Company_463,Technology,90.2,97.2,45.2,2024,3,AAA
Company_463,Technology,90.7,97.5,45.8,2025,3,AAA
Company_464,Energy,55.5,74.2,75.9,2015,2,AA
Company_464,Energy,59.0,71.8,79.3,2016,2,AA
Company_464,Energy,56.2,70.9,79.3,2017,2,AA
Company_464,Energy,56.0,72.5,81.9,2018,2,AA
Company_464,Energy,54.9,71.9,78.9,2019,2,AA
Company_464,Energy,57.2,73.7,78.9,2020,2,AA
Company_464,Energy,56.9,75.5,79.1,2021,2,AA
Company_464,Energy,56.4,76.4,78.3,2022,2,AA
Company_464,Energy,57.4,75.5,77.0,2023,2,AA
Company_464,Energy,56.3,75.9,74.7,2024,2,AA
Company_464,Energy,56.7,72.1,74.7,2025,2,AA
Company_465,Retail,30.3,91.9,57.0,2015,6,A
Company_465,Retail,33.7,92.6,60.1,2016,6,AA
Company_465,Retail,38.4,93.7,58.2,2017,6,AA
Company_465,Retail,37.0,93.7,60.9,2018,6,AA
Company_465,Retail,35.2,95.8,60.1,2019,6,AA
Company_465,Retail,37.0,94.7,58.4,2020,6,AA
Company_465,Retail,39.9,96.1,58.0,2021,6,AA
Company_465,Retail,36.9,95.5,62.9,2022,6,AA
Company_465,Retail,38.8,94.1,57.4,2023,6,AA
Company_465,Retail,40.8,93.0,52.7,2024,6,AA
Company_465,Retail,42.0,93.0,53.6,2025,6,AA
Company_466,Consumer Goods,64.0,89.1,21.6,2015,6,A
Company_466,Consumer Goods,64.3,86.6,22.1,2016,6,A
Company_466,Consumer Goods,67.2,88.4,21.8,2017,6,A
Company_466,Consumer Goods,68.0,87.3,21.8,2018,6,A
Company_466,Consumer Goods,68.2,89.0,22.9,2019,6,AA
Company_466,Consumer Goods,69.0,89.0,25.2,2020,6,AA
Company_466,Consumer Goods,68.8,88.6,24.1,2021,6,AA
Company_466,Consumer Goods,71.1,93.8,21.9,2022,6,AA
Company_466,Consumer Goods,73.1,97.4,22.7,2023,6,AA
Company_466,Consumer Goods,73.2,97.4,28.4,2024,6,AA
Company_466,Consumer Goods,72.1,95.4,28.6,2025,6,AA
Company_467,Manufacturing,64.0,36.2,2.0,2015,4,BB
Company_467,Manufacturing,64.7,36.4,2.3,2016,4,BB
Company_467,Manufacturing,67.3,39.4,0.8,2017,4,BB
Company_467,Manufacturing,69.6,39.8,2.7,2018,4,BB
Company_467,Manufacturing,70.5,44.4,4.9,2019,4,BB
Company_467,Manufacturing,73.6,44.2,3.7,2020,4,BBB
Company_467,Manufacturing,74.9,45.1,3.5,2021,4,BBB
Company_467,Manufacturing,76.3,44.3,1.3,2022,4,BBB
Company_467,Manufacturing,76.3,46.4,3.1,2023,4,BBB
Company_467,Manufacturing,76.2,46.4,2.3,2024,4,BBB
Company_467,Manufacturing,78.0,47.4,3.5,2025,4,BBB
Company_468,Utilities,23.4,33.5,87.2,2015,1,BBB
Company_468,Utilities,24.6,37.1,86.7,2016,1,BBB
Company_468,Utilities,28.2,37.1,87.9,2017,1,A
Company_468,Utilities,31.1,35.7,87.6,2018,1,A
Company_468,Utilities,29.9,36.7,87.4,2019,1,A
Company_468,Utilities,31.0,34.7,87.5,2020,1,A
Company_468,Utilities,37.1,37.1,87.8,2021,1,A
Company_468,Utilities,40.0,36.4,89.7,2022,1,A
Company_468,Utilities,40.9,36.9,87.0,2023,1,A
Company_468,Utilities,42.8,38.5,87.1,2024,1,A
Company_468,Utilities,46.8,35.5,86.7,2025,1,A
Company_469,Retail,30.5,64.7,50.5,2015,4,BBB
Company_469,Retail,27.6,61.4,51.8,2016,4,BBB
Company_469,Retail,29.1,60.6,52.0,2017,4,BBB
Company_469,Retail,27.8,62.4,49.3,2018,4,BBB
Company_469,Retail,29.1,60.8,51.3,2019,4,BBB
Company_469,Retail,31.5,62.1,49.9,2020,4,BBB
Company_469,Retail,31.6,60.8,48.6,2021,4,BBB
Company_469,Retail,31.5,61.0,51.9,2022,4,BBB
Company_469,Retail,32.6,61.8,56.1,2023,4,A
Company_469,Retail,33.8,66.9,56.4,2024,4,A
Company_469,Retail,36.2,64.8,56.7,2025,4,A
Company_470,Technology,67.8,56.7,67.9,2015,5,AA
Company_470,Technology,67.0,60.2,69.2,2016,5,AA
Company_470,Technology,64.8,64.4,69.7,2017,5,AA
Company_470,Technology,67.3,66.4,68.8,2018,5,AA
Company_470,Technology,72.2,66.0,68.7,2019,5,AA
Company_470,Technology,69.6,68.7,69.2,2020,5,AA
Company_470,Technology,70.4,72.1,73.3,2021,5,AA
Company_470,Technology,71.0,71.8,76.0,2022,5,AA
Company_470,Technology,71.5,70.9,74.6,2023,5,AA
Company_470,Technology,71.9,71.2,76.6,2024,5,AA
Company_470,Technology,72.9,73.8,75.0,2025,5,AA
Company_471,Utilities,28.3,62.7,21.3,2015,0,BB
Company_471,Utilities,27.3,61.8,19.9,2016,0,BB
Company_471,Utilities,31.5,60.5,18.2,2017,0,BB
Company_471,Utilities,28.3,63.5,20.3,2018,0,BB
Company_471,Utilities,30.9,63.1,20.0,2019,0,BB
Company_471,Utilities,30.2,63.2,22.8,2020,0,BB
Company_471,Utilities,31.2,64.4,26.8,2021,0,BBB
Company_471,Utilities,32.2,66.2,25.8,2022,0,BBB
Company_471,Utilities,33.7,66.4,27.2,2023,0,BBB
Company_471,Utilities,39.3,66.3,26.2,2024,0,BBB
Company_471,Utilities,38.1,63.4,27.1,2025,0,BBB
Company_472,Healthcare,88.6,95.9,92.5,2015,2,AAA
Company_472,Healthcare,90.7,97.1,90.1,2016,2,AAA
Company_472,Healthcare,88.5,98.8,90.3,2017,2,AAA
Company_472,Healthcare,91.8,97.6,91.8,2018,2,AAA
Company_472,Healthcare,92.2,96.7,91.7,2019,2,AAA
Company_472,Healthcare,96.5,97.3,92.2,2020,2,AAA
Company_472,Healthcare,97.4,97.2,90.7,2021,2,AAA
Company_472,Healthcare,96.5,97.5,90.5,2022,2,AAA
Company_472,Healthcare,96.4,99.6,92.9,2023,2,AAA
Company_472,Healthcare,94.3,98.0,90.7,2024,2,AAA
Company_472,Healthcare,96.5,99.2,91.3,2025,2,AAA
Company_473,Retail,69.9,65.2,31.0,2015,1,A
Company_473,Retail,70.9,64.1,29.7,2016,1,A
Company_473,Retail,75.9,63.0,30.2,2017,1,A
Company_473,Retail,80.3,63.7,34.8,2018,1,A
Company_473,Retail,81.6,66.2,34.3,2019,1,AA
Company_473,Retail,82.1,65.7,36.7,2020,1,AA
Company_473,Retail,81.3,64.3,34.8,2021,1,AA
Company_473,Retail,84.6,64.9,34.5,2022,1,AA
Company_473,Retail,86.1,65.3,31.6,2023,1,AA
Company_473,Retail,89.1,63.8,32.7,2024,1,AA
Company_473,Retail,87.8,64.1,32.8,2025,1,AA
Company_474,Consumer Goods,52.5,48.3,68.6,2015,3,A
Company_474,Consumer Goods,54.6,49.6,71.0,2016,3,A
Company_474,Consumer Goods,57.3,47.5,72.4,2017,3,A
Company_474,Consumer Goods,61.5,48.0,73.5,2018,3,AA
Company_474,Consumer Goods,57.9,46.0,73.1,2019,3,A
Company_474,Consumer Goods,60.5,43.7,74.9,2020,3,A
Company_474,Consumer Goods,61.1,44.1,76.1,2021,3,AA
Company_474,Consumer Goods,59.5,44.4,80.5,2022,3,AA
Company_474,Consumer Goods,63.2,46.4,81.9,2023,3,AA
Company_474,Consumer Goods,62.9,48.9,79.9,2024,3,AA
Company_474,Consumer Goods,62.2,48.7,83.2,2025,3,AA
Company_475,Technology,94.4,39.5,76.1,2015,1,AA
Company_475,Technology,93.6,41.5,78.2,2016,1,AA
Company_475,Technology,92.0,41.8,76.1,2017,1,AA
Company_475,Technology,88.3,43.3,76.9,2018,1,AA
Company_475,Technology,84.3,46.0,74.9,2019,1,AA
Company_475,Technology,78.8,46.1,72.0,2020,1,AA
Company_475,Technology,80.4,47.5,69.2,2021,1,AA
Company_475,Technology,84.4,48.6,67.8,2022,1,AA
Company_475,Technology,86.2,49.7,66.7,2023,1,AA
Company_475,Technology,86.5,53.0,70.1,2024,1,AA
Company_475,Technology,86.5,52.8,66.7,2025,1,AA
Company_476,Retail,38.1,40.8,66.5,2015,1,BBB
Company_476,Retail,41.7,41.1,66.0,2016,1,BBB
Company_476,Retail,41.3,36.6,65.6,2017,1,BBB
Company_476,Retail,41.4,36.8,62.6,2018,1,BBB
Company_476,Retail,38.5,35.9,60.3,2019,1,BBB
Company_476,Retail,39.7,36.7,63.5,2020,1,BBB
Company_476,Retail,37.5,36.8,67.7,2021,1,BBB
Company_476,Retail,39.3,38.9,70.8,2022,1,BBB
Company_476,Retail,38.5,39.4,68.0,2023,1,BBB
Company_476,Retail,42.4,41.1,68.9,2024,1,A
Company_476,Retail,45.5,37.7,71.6,2025,1,A
Company_477,Manufacturing,49.8,48.5,27.3,2015,3,BBB
Company_477,Manufacturing,48.7,47.9,25.2,2016,3,BBB
Company_477,Manufacturing,48.5,48.5,22.9,2017,3,BB
Company_477,Manufacturing,47.8,49.3,22.0,2018,3,BB
Company_477,Manufacturing,51.8,49.6,22.4,2019,3,BBB
Company_477,Manufacturing,54.9,49.3,23.5,2020,3,BBB
Company_477,Manufacturing,54.4,50.6,24.9,2021,3,BBB
Company_477,Manufacturing,56.5,49.2,29.6,2022,3,BBB
Company_477,Manufacturing,56.0,50.1,31.5,2023,3,BBB
Company_477,Manufacturing,53.8,47.2,34.2,2024,3,BBB
Company_477,Manufacturing,54.1,47.3,33.8,2025,3,BBB
Company_478,Finance,95.6,91.3,91.8,2015,2,AAA
Company_478,Finance,96.9,93.9,93.5,2016,2,AAA
Company_478,Finance,96.2,97.2,94.7,2017,2,AAA
Company_478,Finance,97.7,99.8,92.6,2018,2,AAA
Company_478,Finance,98.2,100.0,92.4,2019,2,AAA
Company_478,Finance,100.0,100.0,94.6,2020,2,AAA
Company_478,Finance,99.6,100.0,93.5,2021,2,AAA
Company_478,Finance,100.0,99.0,94.5,2022,2,AAA
Company_478,Finance,100.0,100.0,96.3,2023,2,AAA
Company_478,Finance,100.0,100.0,94.9,2024,2,AAA
Company_478,Finance,100.0,100.0,94.0,2025,2,AAA
Company_479,Transportation,5.9,90.4,15.7,2015,6,BB
Company_479,Transportation,8.5,89.8,16.8,2016,6,BB
Company_479,Transportation,11.5,91.3,17.8,2017,6,BBB
Company_479,Transportation,13.8,90.6,20.9,2018,6,BBB
Company_479,Transportation,18.2,92.4,23.4,2019,6,BBB
Company_479,Transportation,20.4,91.9,25.5,2020,6,BBB
Company_479,Transportation,20.5,93.8,24.6,2021,6,BBB
Company_479,Transportation,22.9,95.7,23.2,2022,6,BBB
Company_479,Transportation,24.7,94.5,25.2,2023,6,BBB
Company_479,Transportation,24.4,97.4,26.5,2024,6,BBB
Company_479,Transportation,23.2,96.1,22.8,2025,6,BBB
Company_480,Retail,12.0,26.0,42.7,2015,4,CCC
Company_480,Retail,13.0,23.2,40.7,2016,4,CCC
Company_480,Retail,16.1,21.6,43.5,2017,4,CCC
Company_480,Retail,16.5,21.4,43.0,2018,4,CCC
Company_480,Retail,17.9,21.1,48.3,2019,4,CCC
Company_480,Retail,23.0,23.7,51.3,2020,4,BB
Company_480,Retail,21.3,22.5,55.8,2021,4,BB
Company_480,Retail,22.5,26.0,54.0,2022,4,BB
Company_480,Retail,22.7,27.9,54.3,2023,4,BB
Company_480,Retail,22.4,24.4,54.3,2024,4,BB
Company_480,Retail,23.1,26.0,54.3,2025,4,BB
Company_481,Transportation,22.0,17.9,20.3,2015,4,CCC
Company_481,Transportation,21.1,17.4,21.7,2016,4,CCC
Company_481,Transportation,21.4,13.6,19.9,2017,4,CCC
Company_481,Transportation,21.5,14.2,17.3,2018,4,CCC
Company_481,Transportation,22.4,12.8,18.5,2019,4,CCC
Company_481,Transportation,22.0,15.8,19.5,2020,4,CCC
Company_481,Transportation,23.2,17.3,21.2,2021,4,CCC
Company_481,Transportation,24.2,14.8,22.1,2022,4,CCC
Company_481,Transportation,23.9,13.2,23.2,2023,4,CCC
Company_481,Transportation,22.1,14.3,24.2,2024,4,CCC
Company_481,Transportation,25.4,15.5,24.1,2025,4,CCC
Company_482,Energy,70.3,80.3,78.9,2015,2,AAA
Company_482,Energy,72.4,80.5,79.3,2016,2,AAA
Company_482,Energy,73.5,81.6,78.9,2017,2,AAA
Company_482,Energy,74.8,84.4,79.7,2018,2,AAA
Company_482,Energy,74.0,87.1,81.1,2019,2,AAA
Company_482,Energy,73.1,88.9,79.1,2020,2,AAA
Company_482,Energy,74.7,91.8,80.9,2021,2,AAA
Company_482,Energy,71.3,92.1,81.1,2022,2,AAA
Company_482,Energy,74.3,93.1,84.1,2023,2,AAA
Company_482,Energy,76.1,92.5,85.7,2024,2,AAA
Company_482,Energy,76.6,96.0,86.0,2025,2,AAA
Company_483,Transportation,33.3,4.5,35.4,2015,1,CCC
Company_483,Transportation,38.1,4.9,30.0,2016,1,CCC
Company_483,Transportation,38.2,6.1,31.4,2017,1,CCC
Company_483,Transportation,39.6,6.4,34.7,2018,1,CCC
Company_483,Transportation,38.2,8.0,35.8,2019,1,CCC
Company_483,Transportation,36.6,8.6,34.5,2020,1,CCC
Company_483,Transportation,37.3,9.8,34.8,2021,1,CCC
Company_483,Transportation,37.0,14.4,37.8,2022,1,CCC
Company_483,Transportation,38.5,14.4,36.3,2023,1,CCC
Company_483,Transportation,38.7,14.8,34.7,2024,1,CCC
Company_483,Transportation,36.0,14.5,34.9,2025,1,CCC
Company_484,Manufacturing,38.5,80.2,27.5,2015,0,BBB
Company_484,Manufacturing,36.8,81.0,31.7,2016,0,BBB
Company_484,Manufacturing,40.9,83.2,31.0,2017,0,A
Company_484,Manufacturing,41.4,85.6,27.8,2018,0,A
Company_484,Manufacturing,41.8,89.6,28.5,2019,0,A
Company_484,Manufacturing,44.9,91.2,26.8,2020,0,A
Company_484,Manufacturing,45.6,92.7,27.5,2021,0,A
Company_484,Manufacturing,47.1,94.1,25.1,2022,0,A
Company_484,Manufacturing,46.3,92.0,26.3,2023,0,A
Company_484,Manufacturing,48.3,90.9,28.9,2024,0,A
Company_484,Manufacturing,46.2,92.2,26.7,2025,0,A
Company_485,Finance,94.5,42.6,2.9,2015,0,BBB
Company_485,Finance,95.0,43.0,5.2,2016,0,BBB
Company_485,Finance,94.4,46.1,6.7,2017,0,BBB
Company_485,Finance,94.1,48.7,7.3,2018,0,A
Company_485,Finance,94.2,46.1,7.0,2019,0,BBB
Company_485,Finance,94.8,46.5,10.9,2020,0,A
Company_485,Finance,97.8,48.3,10.4,2021,0,A
Company_485,Finance,100.0,48.5,11.7,2022,0,A
Company_485,Finance,99.1,49.6,6.8,2023,0,A
Company_485,Finance,98.4,48.2,1.5,2024,0,BBB
Company_485,Finance,98.4,47.6,2.4,2025,0,BBB
Company_486,Healthcare,76.9,76.9,60.2,2015,4,AA
Company_486,Healthcare,82.7,78.0,62.5,2016,4,AA
Company_486,Healthcare,84.4,77.2,58.4,2017,4,AA
Company_486,Healthcare,86.5,78.4,60.3,2018,4,AAA
Company_486,Healthcare,87.8,80.2,62.1,2019,4,AAA
Company_486,Healthcare,87.8,79.2,61.0,2020,4,AAA
Company_486,Healthcare,88.3,80.3,63.0,2021,4,AAA
Company_486,Healthcare,91.9,82.8,64.6,2022,4,AAA
Company_486,Healthcare,92.7,82.3,63.3,2023,4,AAA
Company_486,Healthcare,93.3,82.3,63.2,2024,4,AAA
Company_486,Healthcare,94.0,83.1,64.8,2025,4,AAA
Company_487,Technology,86.2,70.5,53.7,2015,2,AA
Company_487,Technology,85.2,69.7,54.0,2016,2,AA
Company_487,Technology,86.6,68.1,52.0,2017,2,AA
Company_487,Technology,89.4,69.4,54.1,2018,2,AA
Company_487,Technology,88.5,67.9,56.1,2019,2,AA
Company_487,Technology,91.5,67.5,57.2,2020,2,AA
Company_487,Technology,91.8,66.9,58.8,2021,2,AA
Company_487,Technology,94.5,68.2,56.5,2022,2,AA
Company_487,Technology,98.2,69.5,56.6,2023,2,AA
Company_487,Technology,97.2,68.3,55.0,2024,2,AA
Company_487,Technology,96.2,68.8,57.3,2025,2,AA
Company_488,Utilities,44.4,49.3,49.5,2015,6,BBB
Company_488,Utilities,46.3,48.9,50.8,2016,6,BBB
Company_488,Utilities,45.2,50.3,53.7,2017,6,BBB
Company_488,Utilities,44.1,47.4,54.0,2018,6,BBB
Company_488,Utilities,45.4,46.6,51.7,2019,6,BBB
Company_488,Utilities,47.5,47.7,50.5,2020,6,BBB
Company_488,Utilities,51.2,45.8,54.5,2021,6,A
Company_488,Utilities,51.3,45.5,53.7,2022,6,A
Company_488,Utilities,56.6,47.1,53.7,2023,6,A
Company_488,Utilities,55.4,46.9,54.5,2024,6,A
Company_488,Utilities,58.9,47.4,56.6,2025,6,A
Company_489,Consumer Goods,45.7,57.5,74.2,2015,1,A
Company_489,Consumer Goods,50.3,58.0,79.5,2016,1,AA
Company_489,Consumer Goods,49.5,58.4,81.4,2017,1,AA
Company_489,Consumer Goods,50.3,58.8,79.1,2018,1,AA
Company_489,Consumer Goods,51.5,61.4,79.3,2019,1,AA
Company_489,Consumer Goods,54.2,60.0,80.4,2020,1,AA
Company_489,Consumer Goods,53.8,63.7,81.0,2021,1,AA
Company_489,Consumer Goods,56.2,66.3,82.9,2022,1,AA
Company_489,Consumer Goods,60.0,67.5,85.1,2023,1,AA
Company_489,Consumer Goods,64.1,67.1,86.3,2024,1,AA
Company_489,Consumer Goods,69.7,68.3,83.6,2025,1,AA
Company_490,Retail,85.7,66.1,34.8,2015,0,AA
Company_490,Retail,86.7,63.5,34.2,2016,0,AA
Company_490,Retail,87.3,61.7,32.2,2017,0,AA
Company_490,Retail,89.3,60.2,34.4,2018,0,AA
Company_490,Retail,91.6,64.4,35.1,2019,0,AA
Company_490,Retail,92.3,65.0,38.2,2020,0,AA
Company_490,Retail,91.9,68.0,38.1,2021,0,AA
Company_490,Retail,92.4,68.4,39.7,2022,0,AA
Company_490,Retail,91.2,67.8,39.0,2023,0,AA
Company_490,Retail,93.6,69.9,37.6,2024,0,AA
Company_490,Retail,95.9,70.4,35.5,2025,0,AA
Company_491,Transportation,30.9,34.7,19.3,2015,3,CCC
Company_491,Transportation,34.1,38.0,18.6,2016,3,BB
Company_491,Transportation,39.2,40.1,16.6,2017,3,BB
Company_491,Transportation,39.5,36.6,18.3,2018,3,BB
Company_491,Transportation,41.0,34.6,17.2,2019,3,BB
Company_491,Transportation,44.6,35.5,21.8,2020,3,BB
Company_491,Transportation,48.6,37.7,22.8,2021,3,BB
Company_491,Transportation,48.9,36.6,26.6,2022,3,BB
Company_491,Transportation,48.0,36.2,29.5,2023,3,BB
Company_491,Transportation,49.8,37.2,28.9,2024,3,BB
Company_491,Transportation,50.6,37.0,27.2,2025,3,BB
Company_492,Manufacturing,14.2,71.5,48.4,2015,0,BBB
Company_492,Manufacturing,12.9,70.6,47.7,2016,0,BBB
Company_492,Manufacturing,15.0,74.7,51.5,2017,0,BBB
Company_492,Manufacturing,17.0,75.1,49.1,2018,0,BBB
Company_492,Manufacturing,17.8,75.3,50.9,2019,0,BBB
Company_492,Manufacturing,13.7,76.5,49.7,2020,0,BBB
Company_492,Manufacturing,10.7,73.5,46.3,2021,0,BBB
Company_492,Manufacturing,13.7,75.4,46.7,2022,0,BBB
Company_492,Manufacturing,13.3,75.6,43.8,2023,0,BBB
Company_492,Manufacturing,15.3,75.6,43.2,2024,0,BBB
Company_492,Manufacturing,16.3,78.3,45.6,2025,0,BBB
Company_493,Energy,43.8,69.8,14.3,2015,3,BBB
Company_493,Energy,44.1,67.7,17.3,2016,3,BBB
Company_493,Energy,45.6,68.1,15.8,2017,3,BBB
Company_493,Energy,43.9,66.0,14.9,2018,3,BBB
Company_493,Energy,48.6,65.4,17.0,2019,3,BBB
Company_493,Energy,50.6,62.2,16.7,2020,3,BBB
Company_493,Energy,51.3,66.5,18.6,2021,3,BBB
Company_493,Energy,52.7,68.2,20.7,2022,3,BBB
Company_493,Energy,53.1,68.5,22.6,2023,3,BBB
Company_493,Energy,54.9,65.5,22.0,2024,3,BBB
Company_493,Energy,54.2,62.4,22.5,2025,3,BBB
Company_494,Consumer Goods,28.5,47.4,10.6,2015,0,CCC
Company_494,Consumer Goods,25.1,49.9,9.7,2016,0,CCC
Company_494,Consumer Goods,27.0,52.7,10.0,2017,0,CCC
Company_494,Consumer Goods,27.5,54.9,10.1,2018,0,BB
Company_494,Consumer Goods,28.4,55.2,13.5,2019,0,BB
Company_494,Consumer Goods,30.4,57.8,11.3,2020,0,BB
Company_494,Consumer Goods,33.8,58.3,14.6,2021,0,BB
Company_494,Consumer Goods,35.6,57.3,14.8,2022,0,BB
Company_494,Consumer Goods,40.8,60.1,15.0,2023,0,BB
Company_494,Consumer Goods,41.0,61.2,12.4,2024,0,BB
Company_494,Consumer Goods,39.8,59.9,17.1,2025,0,BB
Company_495,Consumer Goods,48.3,60.4,19.9,2015,3,BBB
Company_495,Consumer Goods,49.2,61.8,22.1,2016,3,BBB
Company_495,Consumer Goods,46.3,64.6,21.7,2017,3,BBB
Company_495,Consumer Goods,47.3,61.8,19.9,2018,3,BBB
Company_495,Consumer Goods,47.7,62.2,21.8,2019,3,BBB
Company_495,Consumer Goods,47.7,59.5,26.7,2020,3,BBB
Company_495,Consumer Goods,44.4,63.0,31.3,2021,3,BBB
Company_495,Consumer Goods,43.2,62.0,31.5,2022,3,BBB
Company_495,Consumer Goods,44.9,61.8,30.0,2023,3,BBB
Company_495,Consumer Goods,44.1,58.2,32.7,2024,3,BBB
Company_495,Consumer Goods,43.9,60.5,31.1,2025,3,BBB
Company_496,Manufacturing,7.7,56.6,77.0,2015,5,BBB
Company_496,Manufacturing,9.8,54.3,79.1,2016,5,BBB
Company_496,Manufacturing,12.0,55.7,81.9,2017,5,BBB
Company_496,Manufacturing,10.3,56.9,81.4,2018,5,BBB
Company_496,Manufacturing,13.9,59.6,80.4,2019,5,A
Company_496,Manufacturing,15.8,57.2,82.0,2020,5,A
Company_496,Manufacturing,17.0,58.9,78.5,2021,5,A
Company_496,Manufacturing,14.7,57.7,81.1,2022,5,A
Company_496,Manufacturing,13.9,59.8,83.3,2023,5,A
Company_496,Manufacturing,16.9,59.1,86.2,2024,5,A
Company_496,Manufacturing,17.3,59.5,90.1,2025,5,A
Company_497,Utilities,53.8,56.9,17.8,2015,0,BBB
Company_497,Utilities,58.3,55.2,14.9,2016,0,BBB
Company_497,Utilities,57.6,50.2,16.0,2017,0,BBB
Company_497,Utilities,60.8,51.2,18.1,2018,0,BBB
Company_497,Utilities,59.9,51.5,18.6,2019,0,BBB
Company_497,Utilities,62.6,50.1,21.2,2020,0,BBB
Company_497,Utilities,62.0,46.2,24.2,2021,0,BBB
Company_497,Utilities,63.9,46.5,25.4,2022,0,BBB
Company_497,Utilities,66.5,47.2,24.2,2023,0,BBB
Company_497,Utilities,66.2,52.0,27.9,2024,0,BBB
Company_497,Utilities,66.1,50.9,29.3,2025,0,BBB
Company_498,Technology,99.6,72.9,57.9,2015,2,AAA
Company_498,Technology,100.0,71.5,55.8,2016,2,AAA
Company_498,Technology,100.0,74.1,55.7,2017,2,AAA
Company_498,Technology,99.0,75.9,57.1,2018,2,AAA
Company_498,Technology,100.0,76.9,56.7,2019,2,AAA
Company_498,Technology,100.0,79.4,60.3,2020,2,AAA
Company_498,Technology,97.5,80.2,56.6,2021,2,AAA
Company_498,Technology,98.9,76.5,58.9,2022,2,AAA
Company_498,Technology,100.0,75.8,60.5,2023,2,AAA
Company_498,Technology,97.6,76.5,62.1,2024,2,AAA
Company_498,Technology,98.7,76.5,59.0,2025,2,AAA
Company_499,Transportation,10.6,45.1,64.9,2015,1,BBB
Company_499,Transportation,12.3,45.9,68.3,2016,1,BBB
Company_499,Transportation,11.1,43.8,68.4,2017,1,BBB
Company_499,Transportation,13.3,46.3,70.0,2018,1,BBB
Company_499,Transportation,10.2,44.4,71.7,2019,1,BBB
Company_499,Transportation,8.1,45.4,73.5,2020,1,BBB
Company_499,Transportation,11.6,44.3,70.3,2021,1,BBB
Company_499,Transportation,11.6,43.2,68.8,2022,1,BBB
Company_499,Transportation,13.7,42.3,70.5,2023,1,BBB
Company_499,Transportation,14.9,43.5,73.5,2024,1,BBB
Company_499,Transportation,14.4,44.9,72.4,2025,1,BBB
Company_500,Utilities,63.5,24.9,40.0,2015,4,BBB
Company_500,Utilities,60.3,26.8,39.4,2016,4,BBB
Company_500,Utilities,61.6,27.4,37.7,2017,4,BBB
Company_500,Utilities,61.8,30.2,40.4,2018,4,BBB
Company_500,Utilities,66.7,31.2,44.0,2019,4,BBB
Company_500,Utilities,66.5,31.5,41.1,2020,4,BBB
Company_500,Utilities,68.0,32.7,43.5,2021,4,BBB
Company_500,Utilities,70.5,34.0,45.4,2022,4,BBB
Company_500,Utilities,71.3,32.3,47.3,2023,4,A
Company_500,Utilities,72.3,32.2,48.8,2024,4,A
Company_500,Utilities,75.4,33.2,49.3,2025,4,A
Company_501,Retail,28.6,81.9,44.5,2015,2,A
Company_501,Retail,26.5,84.6,39.1,2016,2,A
Company_501,Retail,26.6,87.7,38.9,2017,2,A
Company_501,Retail,28.8,88.4,38.2,2018,2,A
Company_501,Retail,30.8,86.4,34.5,2019,2,A
Company_501,Retail,32.8,85.2,33.4,2020,2,A
Company_501,Retail,33.3,85.6,32.0,2021,2,A
Company_501,Retail,32.8,85.8,34.3,2022,2,A
Company_501,Retail,34.4,85.8,34.7,2023,2,A
Company_501,Retail,36.3,87.1,35.5,2024,2,A
Company_501,Retail,37.8,89.5,35.5,2025,2,A
Company_502,Manufacturing,24.1,26.8,51.7,2015,1,BB
Company_502,Manufacturing,22.4,27.0,48.7,2016,1,BB
Company_502,Manufacturing,23.5,27.9,47.7,2017,1,BB
Company_502,Manufacturing,25.3,28.3,48.2,2018,1,BB
Company_502,Manufacturing,27.6,30.3,49.9,2019,1,BB
Company_502,Manufacturing,31.1,30.2,51.8,2020,1,BB
Company_502,Manufacturing,36.7,32.4,54.9,2021,1,BBB
Company_502,Manufacturing,37.2,35.1,56.0,2022,1,BBB
Company_502,Manufacturing,36.4,34.0,56.7,2023,1,BBB
Company_502,Manufacturing,39.8,33.9,56.0,2024,1,BBB
Company_502,Manufacturing,41.5,33.7,55.6,2025,1,BBB
Company_503,Manufacturing,5.6,80.6,66.1,2015,5,A
Company_503,Manufacturing,7.8,82.2,63.2,2016,5,A
Company_503,Manufacturing,9.7,83.7,62.1,2017,5,A
Company_503,Manufacturing,16.3,83.2,61.9,2018,5,A
Company_503,Manufacturing,15.1,81.9,64.1,2019,5,A
Company_503,Manufacturing,16.6,80.8,60.6,2020,5,A
Company_503,Manufacturing,18.6,80.6,57.4,2021,5,A
Company_503,Manufacturing,18.9,83.5,56.4,2022,5,A
Company_503,Manufacturing,20.2,86.7,53.9,2023,5,A
Company_503,Manufacturing,19.7,88.1,53.4,2024,5,A
Company_503,Manufacturing,23.1,89.4,51.7,2025,5,A
Company_504,Retail,46.4,85.8,47.1,2015,2,A
Company_504,Retail,47.1,83.9,46.0,2016,2,A
Company_504,Retail,47.4,87.5,45.9,2017,2,AA
Company_504,Retail,52.6,90.1,44.4,2018,2,AA
Company_504,Retail,54.3,93.1,40.9,2019,2,AA
Company_504,Retail,55.2,97.1,39.2,2020,2,AA
Company_504,Retail,57.0,97.2,39.1,2021,2,AA
Company_504,Retail,56.3,99.0,37.2,2022,2,AA
Company_504,Retail,57.9,99.4,39.3,2023,2,AA
Company_504,Retail,62.2,100.0,38.0,2024,2,AA
Company_504,Retail,63.2,98.5,39.9,2025,2,AA
Company_505,Transportation,29.0,84.4,89.7,2015,5,AA
Company_505,Transportation,29.9,84.6,90.0,2016,5,AA
Company_505,Transportation,33.3,84.8,91.0,2017,5,AA
Company_505,Transportation,30.6,85.5,88.9,2018,5,AA
Company_505,Transportation,28.6,84.8,87.6,2019,5,AA
Company_505,Transportation,28.8,81.9,87.9,2020,5,AA
Company_505,Transportation,29.4,83.0,88.3,2021,5,AA
Company_505,Transportation,28.1,83.0,89.6,2022,5,AA
Company_505,Transportation,31.0,86.6,94.6,2023,5,AA
Company_505,Transportation,32.0,85.0,98.0,2024,5,AA
Company_505,Transportation,32.6,85.5,100.0,2025,5,AA
Company_506,Retail,19.4,81.4,84.6,2015,5,AA
Company_506,Retail,21.6,81.2,85.7,2016,5,AA
Company_506,Retail,22.5,78.5,84.6,2017,5,AA
Company_506,Retail,24.8,80.7,82.4,2018,5,AA
Company_506,Retail,25.8,77.1,82.6,2019,5,AA
Company_506,Retail,26.1,74.1,81.5,2020,5,AA
Company_506,Retail,28.6,74.2,84.0,2021,5,AA
Company_506,Retail,29.2,77.3,86.6,2022,5,AA
Company_506,Retail,31.4,80.5,87.2,2023,5,AA
Company_506,Retail,33.5,80.2,90.6,2024,5,AA
Company_506,Retail,36.7,79.6,91.8,2025,5,AA
Company_507,Manufacturing,89.8,91.6,25.7,2015,2,AA
Company_507,Manufacturing,92.4,89.7,27.1,2016,2,AA
Company_507,Manufacturing,93.3,90.3,26.3,2017,2,AA
Company_507,Manufacturing,93.1,90.5,26.7,2018,2,AA
Company_507,Manufacturing,94.8,90.2,25.8,2019,2,AA
Company_507,Manufacturing,100.0,91.1,22.8,2020,2,AA
Company_507,Manufacturing,100.0,90.3,24.8,2021,2,AA
Company_507,Manufacturing,100.0,91.2,26.9,2022,2,AA
Company_507,Manufacturing,98.2,91.1,27.9,2023,2,AA
Company_507,Manufacturing,98.7,95.3,31.6,2024,2,AAA
Company_507,Manufacturing,99.3,94.3,33.2,2025,2,AAA
Company_508,Utilities,16.0,50.0,78.7,2015,2,BBB
Company_508,Utilities,16.0,54.5,77.5,2016,2,BBB
Company_508,Utilities,17.8,56.0,79.4,2017,2,A
Company_508,Utilities,18.8,56.7,80.3,2018,2,A
Company_508,Utilities,18.9,59.4,80.8,2019,2,A
Company_508,Utilities,19.4,63.3,81.8,2020,2,A
Company_508,Utilities,19.3,66.0,83.4,2021,2,A
Company_508,Utilities,21.1,68.1,84.0,2022,2,A
Company_508,Utilities,24.8,72.2,82.3,2023,2,A
Company_508,Utilities,24.6,72.1,81.1,2024,2,A
Company_508,Utilities,27.5,75.0,80.8,2025,2,AA
Company_509,Technology,98.7,71.1,32.1,2015,2,AA
Company_509,Technology,100.0,72.3,32.6,2016,2,AA
Company_509,Technology,100.0,69.9,29.9,2017,2,AA
Company_509,Technology,98.2,69.9,27.7,2018,2,AA
Company_509,Technology,100.0,72.4,27.8,2019,2,AA
Company_509,Technology,100.0,73.6,27.2,2020,2,AA
Company_509,Technology,99.9,72.4,28.0,2021,2,AA
Company_509,Technology,100.0,74.0,28.8,2022,2,AA
Company_509,Technology,100.0,73.8,30.2,2023,2,AA
Company_509,Technology,100.0,76.0,31.3,2024,2,AA
Company_509,Technology,100.0,70.7,31.4,2025,2,AA
Company_510,Utilities,56.4,46.0,82.4,2015,4,AA
Company_510,Utilities,54.2,47.9,87.9,2016,4,AA
Company_510,Utilities,55.8,49.1,91.9,2017,4,AA
Company_510,Utilities,56.0,48.5,89.3,2018,4,AA
Company_510,Utilities,57.8,48.4,88.4,2019,4,AA
Company_510,Utilities,58.3,44.0,89.7,2020,4,AA
Company_510,Utilities,61.2,46.7,89.0,2021,4,AA
Company_510,Utilities,64.5,46.7,87.1,2022,4,AA
Company_510,Utilities,68.3,51.4,89.5,2023,4,AA
Company_510,Utilities,67.2,52.8,91.1,2024,4,AA
Company_510,Utilities,68.7,54.9,89.2,2025,4,AA
Company_511,Healthcare,70.8,94.8,66.5,2015,2,AAA
Company_511,Healthcare,71.3,93.4,66.6,2016,2,AAA
Company_511,Healthcare,75.0,95.1,66.8,2017,2,AAA
Company_511,Healthcare,74.3,93.1,68.1,2018,2,AAA
Company_511,Healthcare,78.0,95.2,64.3,2019,2,AAA
Company_511,Healthcare,78.5,95.8,64.7,2020,2,AAA
Company_511,Healthcare,82.3,95.4,65.1,2021,2,AAA
Company_511,Healthcare,81.6,99.7,63.7,2022,2,AAA
Company_511,Healthcare,79.2,100.0,63.3,2023,2,AAA
Company_511,Healthcare,79.7,97.7,61.2,2024,2,AAA
Company_511,Healthcare,81.6,100.0,60.1,2025,2,AAA
Company_512,Finance,97.6,27.7,5.6,2015,4,BBB
Company_512,Finance,100.0,31.8,5.8,2016,4,BBB
Company_512,Finance,100.0,31.7,6.5,2017,4,BBB
Company_512,Finance,99.8,30.8,4.9,2018,4,BBB
Company_512,Finance,100.0,29.9,1.5,2019,4,BBB
Company_512,Finance,100.0,29.3,2.0,2020,4,BBB
Company_512,Finance,100.0,30.7,2.1,2021,4,BBB
Company_512,Finance,100.0,32.6,5.9,2022,4,BBB
Company_512,Finance,99.9,32.9,3.3,2023,4,BBB
Company_512,Finance,99.7,35.2,1.7,2024,4,BBB
Company_512,Finance,98.0,33.5,1.0,2025,4,BBB
Company_513,Healthcare,36.2,61.9,61.4,2015,2,A
Company_513,Healthcare,38.8,59.4,60.1,2016,2,A
Company_513,Healthcare,37.0,61.1,58.3,2017,2,A
Company_513,Healthcare,37.8,61.7,56.2,2018,2,A
Company_513,Healthcare,37.7,62.0,57.6,2019,2,A
Company_513,Healthcare,37.7,60.5,59.7,2020,2,A
Company_513,Healthcare,37.0,61.2,60.0,2021,2,A
Company_513,Healthcare,38.6,63.2,62.4,2022,2,A
Company_513,Healthcare,42.6,67.0,63.5,2023,2,A
Company_513,Healthcare,42.0,66.4,62.2,2024,2,A
Company_513,Healthcare,42.3,64.5,65.5,2025,2,A
Company_514,Energy,55.8,74.9,16.9,2015,3,BBB
Company_514,Energy,53.0,72.1,15.0,2016,3,BBB
Company_514,Energy,54.2,74.3,19.5,2017,3,BBB
Company_514,Energy,57.4,74.4,20.3,2018,3,A
Company_514,Energy,58.5,73.5,20.3,2019,3,A
Company_514,Energy,59.8,75.8,18.7,2020,3,A
Company_514,Energy,60.4,75.1,17.4,2021,3,A
Company_514,Energy,59.2,74.3,15.3,2022,3,BBB
Company_514,Energy,59.8,78.0,20.2,2023,3,A
Company_514,Energy,57.3,79.3,20.2,2024,3,A
Company_514,Energy,57.9,81.2,19.3,2025,3,A
Company_515,Finance,85.9,21.2,19.0,2015,0,BBB
Company_515,Finance,88.4,21.6,18.4,2016,0,BBB
Company_515,Finance,89.6,19.3,17.9,2017,0,BBB
Company_515,Finance,92.4,18.3,21.1,2018,0,BBB
Company_515,Finance,92.4,17.0,24.3,2019,0,BBB
Company_515,Finance,96.6,18.0,24.3,2020,0,BBB
Company_515,Finance,97.0,17.1,24.7,2021,0,BBB
Company_515,Finance,99.9,14.5,25.4,2022,0,BBB
Company_515,Finance,100.0,13.7,27.0,2023,0,BBB
Company_515,Finance,99.5,14.0,29.1,2024,0,BBB
Company_515,Finance,97.4,12.6,29.7,2025,0,BBB
Company_516,Utilities,18.3,12.6,69.4,2015,5,BB
Company_516,Utilities,20.4,10.4,69.9,2016,5,BB
Company_516,Utilities,16.8,9.3,70.7,2017,5,BB
Company_516,Utilities,21.1,7.2,68.8,2018,5,BB
Company_516,Utilities,19.6,6.6,66.1,2019,5,BB
Company_516,Utilities,20.2,6.8,65.0,2020,5,BB
Company_516,Utilities,22.8,12.3,70.2,2021,5,BB
Company_516,Utilities,24.3,10.7,70.0,2022,5,BB
Company_516,Utilities,27.9,13.0,69.2,2023,5,BB
Company_516,Utilities,27.8,15.9,66.3,2024,5,BB
Company_516,Utilities,26.8,10.2,65.5,2025,5,BB
Company_517,Finance,99.2,39.2,8.7,2015,3,BBB
Company_517,Finance,98.3,37.8,6.0,2016,3,BBB
Company_517,Finance,95.3,39.0,6.6,2017,3,BBB
Company_517,Finance,97.4,37.8,8.5,2018,3,BBB
Company_517,Finance,97.9,39.1,11.1,2019,3,BBB
Company_517,Finance,97.0,41.2,8.5,2020,3,BBB
Company_517,Finance,97.5,40.7,8.4,2021,3,BBB
Company_517,Finance,99.5,42.5,9.4,2022,3,A
Company_517,Finance,100.0,40.9,12.7,2023,3,A
Company_517,Finance,99.4,40.4,12.4,2024,3,A
Company_517,Finance,100.0,40.7,11.3,2025,3,A
Company_518,Utilities,81.3,50.4,34.9,2015,4,A
Company_518,Utilities,80.5,52.7,33.8,2016,4,A
Company_518,Utilities,80.9,51.8,37.1,2017,4,A
Company_518,Utilities,83.5,51.8,34.7,2018,4,A
Company_518,Utilities,84.9,48.1,32.5,2019,4,A
Company_518,Utilities,88.9,49.7,30.5,2020,4,A
Company_518,Utilities,90.9,49.1,32.0,2021,4,A
Company_518,Utilities,89.8,49.2,30.7,2022,4,A
Company_518,Utilities,91.6,47.8,31.3,2023,4,A
Company_518,Utilities,89.8,47.0,34.9,2024,4,A
Company_518,Utilities,88.7,47.8,34.6,2025,4,A
Company_519,Retail,70.9,61.7,22.5,2015,4,A
Company_519,Retail,70.0,60.9,24.8,2016,4,A
Company_519,Retail,69.8,60.0,21.1,2017,4,A
Company_519,Retail,70.0,58.3,19.2,2018,4,BBB
Company_519,Retail,72.4,58.3,21.0,2019,4,A
Company_519,Retail,70.8,55.9,17.5,2020,4,BBB
Company_519,Retail,65.7,58.0,17.0,2021,4,BBB
Company_519,Retail,71.0,60.3,19.3,2022,4,A
Company_519,Retail,72.9,57.8,23.5,2023,4,A
Company_519,Retail,73.1,61.1,27.0,2024,4,A
Company_519,Retail,75.4,59.8,25.3,2025,4,A
Company_520,Manufacturing,35.3,51.3,43.9,2015,3,BBB
Company_520,Manufacturing,35.8,49.6,45.2,2016,3,BBB
Company_520,Manufacturing,36.7,52.6,46.2,2017,3,BBB
Company_520,Manufacturing,34.8,53.0,48.6,2018,3,BBB
Company_520,Manufacturing,38.1,53.6,52.3,2019,3,BBB
Company_520,Manufacturing,43.2,52.8,51.1,2020,3,BBB
Company_520,Manufacturing,44.6,50.9,54.8,2021,3,A
Company_520,Manufacturing,47.3,49.2,57.7,2022,3,A
Company_520,Manufacturing,48.9,51.9,56.2,2023,3,A
Company_520,Manufacturing,46.7,52.4,59.5,2024,3,A
Company_520,Manufacturing,46.4,50.5,60.2,2025,3,A
Company_521,Technology,91.8,72.6,42.7,2015,4,AA
Company_521,Technology,90.9,71.1,42.2,2016,4,AA
Company_521,Technology,91.9,72.2,42.1,2017,4,AA
Company_521,Technology,92.4,71.1,42.8,2018,4,AA
Company_521,Technology,93.7,73.4,42.2,2019,4,AA
Company_521,Technology,97.8,72.1,44.8,2020,4,AA
Company_521,Technology,98.0,70.3,48.9,2021,4,AA
Company_521,Technology,99.4,72.0,48.7,2022,4,AA
Company_521,Technology,98.9,74.0,45.6,2023,4,AA
Company_521,Technology,97.7,74.6,47.3,2024,4,AA
Company_521,Technology,100.0,77.0,47.2,2025,4,AA
Company_522,Transportation,61.2,17.2,5.7,2015,6,CCC
Company_522,Transportation,65.4,18.1,3.4,2016,6,CCC
Company_522,Transportation,62.6,17.4,6.6,2017,6,CCC
Company_522,Transportation,63.9,17.3,5.9,2018,6,CCC
Company_522,Transportation,66.2,13.7,7.2,2019,6,CCC
Company_522,Transportation,69.5,15.5,10.8,2020,6,BB
Company_522,Transportation,67.6,17.0,10.0,2021,6,BB
Company_522,Transportation,65.3,20.7,11.0,2022,6,BB
Company_522,Transportation,68.8,23.2,9.1,2023,6,BB
Company_522,Transportation,72.3,21.8,9.7,2024,6,BB
Company_522,Transportation,72.0,18.9,10.5,2025,6,BB
Company_523,Consumer Goods,28.4,46.7,52.0,2015,5,BBB
Company_523,Consumer Goods,29.2,44.8,52.7,2016,5,BBB
Company_523,Consumer Goods,29.2,45.2,54.9,2017,5,BBB
Company_523,Consumer Goods,27.5,47.2,52.9,2018,5,BBB
Company_523,Consumer Goods,28.5,49.1,52.2,2019,5,BBB
Company_523,Consumer Goods,26.6,46.8,52.1,2020,5,BBB
Company_523,Consumer Goods,29.9,46.0,51.9,2021,5,BBB
Company_523,Consumer Goods,30.1,44.2,54.8,2022,5,BBB
Company_523,Consumer Goods,31.7,46.5,55.6,2023,5,BBB
Company_523,Consumer Goods,32.1,48.8,58.9,2024,5,BBB
Company_523,Consumer Goods,32.4,51.0,61.8,2025,5,BBB
Company_524,Transportation,12.0,45.7,66.5,2015,4,BBB
Company_524,Transportation,11.0,46.9,64.3,2016,4,BBB
Company_524,Transportation,12.5,47.1,66.4,2017,4,BBB
Company_524,Transportation,9.5,47.8,62.5,2018,4,BB
Company_524,Transportation,8.8,46.5,65.1,2019,4,BBB
Company_524,Transportation,10.5,46.3,66.8,2020,4,BBB
Company_524,Transportation,6.6,43.8,66.2,2021,4,BB
Company_524,Transportation,6.2,45.0,66.8,2022,4,BB
Company_524,Transportation,7.9,44.9,68.7,2023,4,BBB
Company_524,Transportation,7.7,45.8,71.2,2024,4,BBB
Company_524,Transportation,9.1,48.7,70.9,2025,4,BBB
Company_525,Utilities,48.0,37.5,56.8,2015,5,BBB
Company_525,Utilities,51.7,35.9,57.9,2016,5,BBB
Company_525,Utilities,54.3,33.4,59.2,2017,5,BBB
Company_525,Utilities,52.3,33.8,57.6,2018,5,BBB
Company_525,Utilities,54.4,36.9,60.2,2019,5,A
Company_525,Utilities,56.4,41.3,57.9,2020,5,A
Company_525,Utilities,56.6,42.8,57.9,2021,5,A
Company_525,Utilities,58.6,43.9,55.3,2022,5,A
Company_525,Utilities,60.5,44.6,52.9,2023,5,A
Company_525,Utilities,58.6,47.5,57.6,2024,5,A
Company_525,Utilities,57.7,46.5,60.4,2025,5,A
Company_526,Utilities,37.7,27.1,24.1,2015,1,CCC
Company_526,Utilities,39.5,27.2,31.6,2016,1,BB
Company_526,Utilities,37.5,28.4,30.9,2017,1,BB
Company_526,Utilities,40.5,28.2,30.9,2018,1,BB
Company_526,Utilities,38.3,29.5,30.4,2019,1,BB
Company_526,Utilities,42.1,33.0,29.5,2020,1,BB
Company_526,Utilities,43.8,36.3,29.8,2021,1,BB
Company_526,Utilities,47.3,36.8,29.1,2022,1,BB
Company_526,Utilities,49.0,37.0,32.1,2023,1,BB
Company_526,Utilities,50.6,37.5,33.4,2024,1,BBB
Company_526,Utilities,50.4,37.1,33.6,2025,1,BBB
Company_527,Retail,26.7,51.9,17.2,2015,1,BB
Company_527,Retail,25.4,54.9,16.5,2016,1,BB
Company_527,Retail,26.7,52.4,14.5,2017,1,BB
Company_527,Retail,25.4,51.4,14.9,2018,1,BB
Company_527,Retail,24.0,55.2,14.3,2019,1,BB
Company_527,Retail,26.3,56.8,15.3,2020,1,BB
Company_527,Retail,27.8,54.6,17.9,2021,1,BB
Company_527,Retail,30.3,51.6,20.1,2022,1,BB
Company_527,Retail,30.8,53.5,19.9,2023,1,BB
Company_527,Retail,29.3,53.4,19.3,2024,1,BB
Company_527,Retail,27.7,57.3,20.1,2025,1,BB
Company_528,Utilities,41.2,57.2,69.7,2015,6,A
Company_528,Utilities,39.8,57.5,70.7,2016,6,A
Company_528,Utilities,43.3,57.0,68.8,2017,6,A
Company_528,Utilities,41.8,60.5,66.2,2018,6,A
Company_528,Utilities,46.5,61.0,69.8,2019,6,A
Company_528,Utilities,48.4,61.6,69.4,2020,6,A
Company_528,Utilities,48.7,61.7,73.2,2021,6,AA
Company_528,Utilities,50.6,61.4,75.9,2022,6,AA
Company_528,Utilities,53.2,60.5,75.3,2023,6,AA
Company_528,Utilities,58.1,61.3,75.5,2024,6,AA
Company_528,Utilities,59.7,58.2,77.9,2025,6,AA
Company_529,Finance,87.3,34.5,19.9,2015,1,BBB
Company_529,Finance,86.4,36.4,22.3,2016,1,BBB
Company_529,Finance,87.7,39.2,21.6,2017,1,BBB
Company_529,Finance,88.8,41.4,19.7,2018,1,BBB
Company_529,Finance,92.1,42.5,19.0,2019,1,A
Company_529,Finance,92.9,40.8,20.1,2020,1,A
Company_529,Finance,96.4,39.5,20.3,2021,1,A
Company_529,Finance,98.2,40.4,20.5,2022,1,A
Company_529,Finance,100.0,41.8,19.8,2023,1,A
Company_529,Finance,99.7,40.4,20.5,2024,1,A
Company_529,Finance,100.0,42.7,19.4,2025,1,A
Company_530,Manufacturing,15.5,18.9,65.9,2015,1,BB
Company_530,Manufacturing,17.9,18.2,61.7,2016,1,BB
Company_530,Manufacturing,18.7,22.5,59.0,2017,1,BB
Company_530,Manufacturing,21.5,21.9,55.9,2018,1,BB
Company_530,Manufacturing,20.8,17.6,56.0,2019,1,BB
Company_530,Manufacturing,21.0,19.1,60.9,2020,1,BB
Company_530,Manufacturing,23.1,21.4,60.3,2021,1,BB
Company_530,Manufacturing,25.7,24.8,62.2,2022,1,BB
Company_530,Manufacturing,26.4,26.6,66.2,2023,1,BB
Company_530,Manufacturing,26.9,24.7,68.4,2024,1,BBB
Company_530,Manufacturing,31.7,25.6,70.4,2025,1,BBB
Company_531,Consumer Goods,27.2,32.1,47.5,2015,6,BB
Company_531,Consumer Goods,26.5,31.1,47.8,2016,6,BB
Company_531,Consumer Goods,27.1,30.8,49.7,2017,6,BB
Company_531,Consumer Goods,25.0,31.2,52.4,2018,6,BB
Company_531,Consumer Goods,26.2,33.3,53.7,2019,6,BB
Company_531,Consumer Goods,26.2,35.4,52.4,2020,6,BB
Company_531,Consumer Goods,26.4,37.5,51.7,2021,6,BB
Company_531,Consumer Goods,27.1,36.7,49.7,2022,6,BB
Company_531,Consumer Goods,27.7,36.9,46.0,2023,6,BB
Company_531,Consumer Goods,28.6,39.0,43.2,2024,6,BB
Company_531,Consumer Goods,29.3,38.5,44.7,2025,6,BB
Company_532,Retail,82.3,79.4,92.3,2015,5,AAA
Company_532,Retail,84.3,82.9,90.5,2016,5,AAA
Company_532,Retail,84.2,85.9,91.0,2017,5,AAA
Company_532,Retail,91.2,84.8,94.9,2018,5,AAA
Company_532,Retail,92.6,85.5,96.5,2019,5,AAA
Company_532,Retail,93.8,87.4,92.1,2020,5,AAA
Company_532,Retail,93.3,88.3,94.0,2021,5,AAA
Company_532,Retail,94.6,87.5,94.8,2022,5,AAA
Company_532,Retail,95.4,85.3,94.2,2023,5,AAA
Company_532,Retail,98.6,84.7,95.0,2024,5,AAA
Company_532,Retail,99.9,80.1,97.1,2025,5,AAA
Company_533,Technology,89.5,67.4,44.9,2015,4,AA
Company_533,Technology,89.7,69.0,46.5,2016,4,AA
Company_533,Technology,88.2,70.9,49.9,2017,4,AA
Company_533,Technology,90.3,69.7,48.8,2018,4,AA
Company_533,Technology,90.3,68.1,53.3,2019,4,AA
Company_533,Technology,92.0,65.6,49.2,2020,4,AA
Company_533,Technology,90.1,65.6,48.8,2021,4,AA
Company_533,Technology,94.0,63.0,47.3,2022,4,AA
Company_533,Technology,95.2,67.3,42.9,2023,4,AA
Company_533,Technology,95.5,70.4,43.2,2024,4,AA
Company_533,Technology,95.9,70.6,41.9,2025,4,AA
Company_534,Manufacturing,3.0,81.9,18.0,2015,0,BB
Company_534,Manufacturing,2.0,84.0,16.4,2016,0,BB
Company_534,Manufacturing,3.7,83.0,20.5,2017,0,BB
Company_534,Manufacturing,6.7,83.2,19.9,2018,0,BB
Company_534,Manufacturing,8.8,82.4,20.3,2019,0,BB
Company_534,Manufacturing,9.9,83.3,18.5,2020,0,BB
Company_534,Manufacturing,9.1,81.1,23.2,2021,0,BB
Company_534,Manufacturing,10.6,84.9,26.2,2022,0,BBB
Company_534,Manufacturing,8.6,86.9,25.1,2023,0,BBB
Company_534,Manufacturing,6.7,87.4,24.5,2024,0,BB
Company_534,Manufacturing,8.2,84.9,22.7,2025,0,BB
Company_535,Energy,37.9,12.7,67.5,2015,1,BB
Company_535,Energy,37.5,14.5,67.3,2016,1,BB
Company_535,Energy,38.6,14.0,66.5,2017,1,BB
Company_535,Energy,41.7,14.4,70.1,2018,1,BBB
Company_535,Energy,44.7,16.4,73.7,2019,1,BBB
Company_535,Energy,44.6,16.6,77.3,2020,1,BBB
Company_535,Energy,43.4,15.9,77.3,2021,1,BBB
Company_535,Energy,44.4,14.8,78.1,2022,1,BBB
Company_535,Energy,45.0,16.3,79.4,2023,1,BBB
Company_535,Energy,47.7,15.5,80.9,2024,1,BBB
Company_535,Energy,46.4,15.3,84.5,2025,1,BBB
Company_536,Transportation,31.5,12.8,2.3,2015,4,CCC
Company_536,Transportation,29.1,11.1,7.3,2016,4,CCC
Company_536,Transportation,29.3,10.6,6.9,2017,4,CCC
Company_536,Transportation,25.4,9.9,10.3,2018,4,CCC
Company_536,Transportation,25.1,10.2,10.7,2019,4,CCC
Company_536,Transportation,25.6,10.3,11.0,2020,4,CCC
Company_536,Transportation,23.6,13.4,13.4,2021,4,CCC
Company_536,Transportation,23.7,13.3,14.6,2022,4,CCC
Company_536,Transportation,22.3,14.1,17.1,2023,4,CCC
Company_536,Transportation,25.3,16.1,13.7,2024,4,CCC
Company_536,Transportation,24.7,18.6,11.5,2025,4,CCC
Company_537,Retail,31.0,75.5,61.8,2015,2,A
Company_537,Retail,29.0,73.3,60.4,2016,2,A
Company_537,Retail,29.3,75.0,60.9,2017,2,A
Company_537,Retail,30.2,75.9,63.0,2018,2,A
Company_537,Retail,30.8,76.0,60.2,2019,2,A
Company_537,Retail,33.7,79.9,58.9,2020,2,A
Company_537,Retail,34.4,79.1,61.7,2021,2,A
Company_537,Retail,36.6,79.9,60.1,2022,2,A
Company_537,Retail,39.1,82.1,62.4,2023,2,AA
Company_537,Retail,42.1,82.2,63.8,2024,2,AA
Company_537,Retail,43.2,81.1,61.2,2025,2,AA
Company_538,Transportation,9.4,19.0,66.2,2015,4,BB
Company_538,Transportation,11.6,18.5,66.0,2016,4,BB
Company_538,Transportation,11.4,18.2,63.6,2017,4,BB
Company_538,Transportation,11.9,19.7,59.4,2018,4,BB
Company_538,Transportation,13.4,20.3,60.6,2019,4,BB
Company_538,Transportation,13.5,19.0,60.4,2020,4,BB
Company_538,Transportation,17.3,21.5,57.6,2021,4,BB
Company_538,Transportation,17.2,23.7,56.0,2022,4,BB
Company_538,Transportation,19.0,23.3,56.5,2023,4,BB
Company_538,Transportation,21.0,22.5,60.3,2024,4,BB
Company_538,Transportation,23.7,26.2,62.2,2025,4,BB
Company_539,Healthcare,70.5,76.4,60.2,2015,2,AA
Company_539,Healthcare,74.1,76.7,65.5,2016,2,AA
Company_539,Healthcare,71.4,74.3,69.8,2017,2,AA
Company_539,Healthcare,70.6,77.7,74.2,2018,2,AA
Company_539,Healthcare,67.6,81.2,75.5,2019,2,AA
Company_539,Healthcare,67.9,81.3,75.8,2020,2,AAA
Company_539,Healthcare,69.5,79.7,75.6,2021,2,AA
Company_539,Healthcare,67.3,80.6,74.4,2022,2,AA
Company_539,Healthcare,66.9,82.0,77.7,2023,2,AAA
Company_539,Healthcare,70.4,82.0,80.9,2024,2,AAA
Company_539,Healthcare,73.5,85.0,86.5,2025,2,AAA
Company_540,Utilities,65.5,94.2,38.9,2015,6,AA
Company_540,Utilities,66.3,92.0,41.9,2016,6,AA
Company_540,Utilities,70.6,95.1,40.2,2017,6,AA
Company_540,Utilities,74.9,97.0,40.0,2018,6,AA
Company_540,Utilities,77.9,96.3,37.1,2019,6,AA
Company_540,Utilities,77.0,97.6,38.5,2020,6,AA
Company_540,Utilities,77.8,97.8,41.9,2021,6,AA
Company_540,Utilities,78.4,99.1,42.8,2022,6,AA
Company_540,Utilities,79.2,100.0,44.0,2023,6,AA
Company_540,Utilities,78.1,100.0,44.8,2024,6,AA
Company_540,Utilities,79.5,98.7,43.4,2025,6,AA
Company_541,Technology,27.0,59.5,25.7,2015,1,BB
Company_541,Technology,26.8,61.3,24.6,2016,1,BB
Company_541,Technology,26.3,61.6,25.1,2017,1,BB
Company_541,Technology,28.8,64.0,26.6,2018,1,BB
Company_541,Technology,31.9,64.3,28.3,2019,1,BBB
Company_541,Technology,30.8,65.4,31.7,2020,1,BBB
Company_541,Technology,31.6,64.1,33.9,2021,1,BBB
Company_541,Technology,34.3,61.1,36.3,2022,1,BBB
Company_541,Technology,34.6,60.8,36.9,2023,1,BBB
Company_541,Technology,37.2,60.9,39.9,2024,1,BBB
Company_541,Technology,35.5,62.7,42.4,2025,1,BBB
Company_542,Transportation,48.4,31.5,74.9,2015,1,A
Company_542,Transportation,50.7,30.6,73.1,2016,1,A
Company_542,Transportation,50.1,33.4,73.6,2017,1,A
Company_542,Transportation,53.1,32.9,72.0,2018,1,A
Company_542,Transportation,53.5,31.1,73.3,2019,1,A
Company_542,Transportation,55.5,30.0,71.0,2020,1,A
Company_542,Transportation,51.3,29.0,74.6,2021,1,A
Company_542,Transportation,52.5,31.5,74.4,2022,1,A
Company_542,Transportation,51.4,34.0,74.5,2023,1,A
Company_542,Transportation,52.9,31.3,75.9,2024,1,A
Company_542,Transportation,52.8,31.9,73.9,2025,1,A
Company_543,Energy,2.4,48.7,67.7,2015,5,BB
Company_543,Energy,2.3,47.8,67.4,2016,5,BB
Company_543,Energy,3.7,49.4,69.9,2017,5,BBB
Company_543,Energy,3.8,49.3,70.0,2018,5,BBB
Company_543,Energy,6.5,54.1,68.6,2019,5,BBB
Company_543,Energy,8.0,51.8,71.0,2020,5,BBB
Company_543,Energy,10.9,51.5,71.5,2021,5,BBB
Company_543,Energy,12.3,53.3,69.4,2022,5,BBB
Company_543,Energy,16.9,57.1,70.5,2023,5,BBB
Company_543,Energy,17.7,57.6,73.9,2024,5,BBB
Company_543,Energy,17.2,59.4,75.0,2025,5,A
Company_544,Energy,78.8,45.2,26.2,2015,3,A
Company_544,Energy,82.1,48.1,28.3,2016,3,A
Company_544,Energy,82.5,51.1,30.7,2017,3,A
Company_544,Energy,86.1,50.2,29.3,2018,3,A
Company_544,Energy,87.4,49.9,31.5,2019,3,A
Company_544,Energy,90.5,49.2,34.6,2020,3,A
Company_544,Energy,93.3,46.8,33.4,2021,3,A
Company_544,Energy,91.9,46.9,34.8,2022,3,A
Company_544,Energy,94.7,50.5,38.3,2023,3,AA
Company_544,Energy,94.9,51.3,40.1,2024,3,AA
Company_544,Energy,94.5,48.9,39.6,2025,3,AA
Company_545,Manufacturing,33.9,72.8,56.7,2015,5,A
Company_545,Manufacturing,34.0,73.7,57.4,2016,5,A
Company_545,Manufacturing,32.2,69.9,53.7,2017,5,A
Company_545,Manufacturing,32.2,70.6,55.2,2018,5,A
Company_545,Manufacturing,32.6,72.7,55.6,2019,5,A
Company_545,Manufacturing,35.0,75.4,57.9,2020,5,A
Company_545,Manufacturing,41.0,76.3,55.9,2021,5,A
Company_545,Manufacturing,42.0,74.1,59.0,2022,5,A
Company_545,Manufacturing,48.3,76.1,57.0,2023,5,AA
Company_545,Manufacturing,49.9,78.7,56.8,2024,5,AA
Company_545,Manufacturing,49.7,75.0,60.3,2025,5,AA
Company_546,Energy,34.8,59.5,20.3,2015,1,BB
Company_546,Energy,36.0,61.5,21.6,2016,1,BB
Company_546,Energy,36.3,58.8,21.5,2017,1,BB
Company_546,Energy,34.8,59.3,21.6,2018,1,BB
Company_546,Energy,34.9,58.0,23.5,2019,1,BB
Company_546,Energy,36.2,58.5,25.9,2020,1,BBB
Company_546,Energy,38.3,61.3,24.9,2021,1,BBB
Company_546,Energy,43.3,61.6,27.4,2022,1,BBB
Company_546,Energy,48.2,60.5,27.6,2023,1,BBB
Company_546,Energy,49.0,57.2,27.0,2024,1,BBB
Company_546,Energy,52.5,57.6,28.1,2025,1,BBB
Company_547,Energy,69.5,28.9,46.6,2015,3,BBB
Company_547,Energy,70.8,34.1,49.7,2016,3,A
Company_547,Energy,75.2,32.9,50.8,2017,3,A
Company_547,Energy,77.4,32.9,55.3,2018,3,A
Company_547,Energy,79.3,37.3,51.8,2019,3,A
Company_547,Energy,79.6,39.8,47.2,2020,3,A
Company_547,Energy,81.9,39.7,44.2,2021,3,A
Company_547,Energy,84.6,40.4,48.5,2022,3,A
Company_547,Energy,85.4,40.7,47.5,2023,3,A
Company_547,Energy,90.2,36.5,48.3,2024,3,A
Company_547,Energy,89.4,37.4,49.9,2025,3,A
Company_548,Retail,44.1,23.4,8.1,2015,4,CCC
Company_548,Retail,46.2,22.5,9.7,2016,4,CCC
Company_548,Retail,45.3,22.8,8.1,2017,4,CCC
Company_548,Retail,48.6,21.9,9.8,2018,4,CCC
Company_548,Retail,45.4,20.6,9.7,2019,4,CCC
Company_548,Retail,45.9,21.8,8.5,2020,4,CCC
Company_548,Retail,46.2,21.3,7.9,2021,4,CCC
Company_548,Retail,47.2,18.6,8.9,2022,4,CCC
Company_548,Retail,50.5,20.5,9.9,2023,4,CCC
Company_548,Retail,56.7,19.7,13.0,2024,4,CCC
Company_548,Retail,56.0,18.5,12.8,2025,4,CCC
Company_549,Utilities,65.3,77.1,85.4,2015,5,AAA
Company_549,Utilities,65.4,80.5,88.1,2016,5,AAA
Company_549,Utilities,65.6,81.0,88.2,2017,5,AAA
Company_549,Utilities,64.5,80.1,87.0,2018,5,AAA
Company_549,Utilities,65.0,80.9,89.3,2019,5,AAA
Company_549,Utilities,68.6,84.5,87.1,2020,5,AAA
Company_549,Utilities,68.8,86.3,87.8,2021,5,AAA
Company_549,Utilities,67.8,90.0,87.6,2022,5,AAA
Company_549,Utilities,68.1,90.9,89.2,2023,5,AAA
Company_549,Utilities,69.4,89.3,87.6,2024,5,AAA
Company_549,Utilities,71.0,91.1,83.7,2025,5,AAA
Company_550,Consumer Goods,41.7,79.1,72.8,2015,1,AA
Company_550,Consumer Goods,47.4,78.0,74.5,2016,1,AA
Company_550,Consumer Goods,51.2,76.8,77.4,2017,1,AA
Company_550,Consumer Goods,48.8,78.7,79.6,2018,1,AA
Company_550,Consumer Goods,49.1,77.8,76.3,2019,1,AA
Company_550,Consumer Goods,48.0,79.3,73.6,2020,1,AA
Company_550,Consumer Goods,48.2,76.4,76.0,2021,1,AA
Company_550,Consumer Goods,50.4,77.1,75.0,2022,1,AA
Company_550,Consumer Goods,51.2,73.9,76.5,2023,1,AA
Company_550,Consumer Goods,50.6,73.0,77.2,2024,1,AA
Company_550,Consumer Goods,50.5,74.6,78.0,2025,1,AA
Company_551,Retail,69.6,42.3,17.7,2015,4,BBB
Company_551,Retail,73.6,42.9,20.1,2016,4,BBB
Company_551,Retail,77.0,43.8,24.3,2017,4,BBB
Company_551,Retail,78.7,44.0,24.4,2018,4,BBB
Company_551,Retail,78.9,44.5,22.9,2019,4,BBB
Company_551,Retail,81.7,47.5,22.6,2020,4,A
Company_551,Retail,81.5,48.7,24.3,2021,4,A
Company_551,Retail,82.8,50.5,26.0,2022,4,A
Company_551,Retail,80.1,56.7,24.7,2023,4,A
Company_551,Retail,82.6,55.6,27.9,2024,4,A
Company_551,Retail,86.1,52.5,31.7,2025,4,A
Company_552,Consumer Goods,39.2,60.2,77.6,2015,1,A
Company_552,Consumer Goods,41.8,62.1,79.5,2016,1,AA
Company_552,Consumer Goods,44.3,59.0,79.9,2017,1,AA
Company_552,Consumer Goods,48.3,58.5,78.2,2018,1,AA
Company_552,Consumer Goods,47.7,57.8,79.3,2019,1,AA
Company_552,Consumer Goods,46.7,59.4,76.1,2020,1,AA
Company_552,Consumer Goods,45.7,59.5,77.9,2021,1,AA
Company_552,Consumer Goods,49.3,57.5,79.0,2022,1,AA
Company_552,Consumer Goods,50.8,59.0,78.3,2023,1,AA
Company_552,Consumer Goods,50.5,64.0,75.8,2024,1,AA
Company_552,Consumer Goods,52.2,65.4,80.3,2025,1,AA
Company_553,Retail,47.3,50.5,45.5,2015,0,BBB
Company_553,Retail,44.5,50.0,45.3,2016,0,BBB
Company_553,Retail,45.8,50.6,44.9,2017,0,BBB
Company_553,Retail,46.8,53.0,45.5,2018,0,BBB
Company_553,Retail,48.6,52.5,48.0,2019,0,BBB
Company_553,Retail,49.1,55.2,50.5,2020,0,A
Company_553,Retail,49.3,61.0,51.9,2021,0,A
Company_553,Retail,51.5,60.9,52.2,2022,0,A
Company_553,Retail,53.2,61.1,56.9,2023,0,A
Company_553,Retail,55.2,60.3,58.5,2024,0,A
Company_553,Retail,54.3,58.9,57.3,2025,0,A
Company_554,Manufacturing,29.8,76.8,33.0,2015,2,BBB
Company_554,Manufacturing,29.4,79.1,32.5,2016,2,BBB
Company_554,Manufacturing,28.6,74.5,36.4,2017,2,BBB
Company_554,Manufacturing,32.0,75.7,35.8,2018,2,BBB
Company_554,Manufacturing,30.4,79.8,36.5,2019,2,BBB
Company_554,Manufacturing,32.1,80.8,35.2,2020,2,BBB
Company_554,Manufacturing,36.9,80.4,37.5,2021,2,A
Company_554,Manufacturing,36.8,81.1,35.4,2022,2,A
Company_554,Manufacturing,34.3,80.9,36.4,2023,2,A
Company_554,Manufacturing,34.7,82.8,34.1,2024,2,A
Company_554,Manufacturing,38.9,80.9,34.5,2025,2,A
Company_555,Energy,8.0,34.3,42.7,2015,0,CCC
Company_555,Energy,9.8,34.2,43.0,2016,0,CCC
Company_555,Energy,11.4,32.4,43.4,2017,0,CCC
Company_555,Energy,12.1,34.8,42.3,2018,0,CCC
Company_555,Energy,15.1,35.5,43.0,2019,0,BB
Company_555,Energy,16.0,37.7,44.2,2020,0,BB
Company_555,Energy,18.7,41.9,45.2,2021,0,BB
Company_555,Energy,20.4,44.6,48.7,2022,0,BB
Company_555,Energy,21.0,48.9,50.2,2023,0,BBB
Company_555,Energy,25.1,46.5,52.7,2024,0,BBB
Company_555,Energy,26.5,46.9,51.2,2025,0,BBB
Company_556,Transportation,35.3,44.6,26.6,2015,1,BB
Company_556,Transportation,36.9,44.4,29.6,2016,1,BB
Company_556,Transportation,35.4,46.1,29.6,2017,1,BB
Company_556,Transportation,35.9,46.8,31.4,2018,1,BB
Company_556,Transportation,37.1,49.3,33.3,2019,1,BB
Company_556,Transportation,40.5,53.7,34.8,2020,1,BBB
Company_556,Transportation,38.7,53.4,35.6,2021,1,BBB
Company_556,Transportation,42.6,56.8,38.2,2022,1,BBB
Company_556,Transportation,41.6,57.8,37.1,2023,1,BBB
Company_556,Transportation,43.0,56.7,38.8,2024,1,BBB
Company_556,Transportation,43.2,58.8,36.7,2025,1,BBB
Company_557,Healthcare,66.0,61.8,68.3,2015,5,AA
Company_557,Healthcare,63.9,63.8,66.6,2016,5,AA
Company_557,Healthcare,63.9,63.1,69.3,2017,5,AA
Company_557,Healthcare,65.5,59.6,69.8,2018,5,AA
Company_557,Healthcare,64.6,62.7,71.5,2019,5,AA
Company_557,Healthcare,61.6,64.5,71.8,2020,5,AA
Company_557,Healthcare,64.6,63.5,72.7,2021,5,AA
Company_557,Healthcare,64.8,61.8,74.4,2022,5,AA
Company_557,Healthcare,65.4,61.6,75.8,2023,5,AA
Company_557,Healthcare,64.6,59.7,78.2,2024,5,AA
Company_557,Healthcare,64.3,58.0,77.4,2025,5,AA
Company_558,Finance,45.0,50.5,56.5,2015,4,A
Company_558,Finance,45.3,51.8,54.5,2016,4,A
Company_558,Finance,44.5,53.7,57.5,2017,4,A
Company_558,Finance,47.7,54.4,58.3,2018,4,A
Company_558,Finance,48.9,51.7,58.9,2019,4,A
Company_558,Finance,48.2,48.9,57.7,2020,4,A
Company_558,Finance,52.0,50.1,59.2,2021,4,A
Company_558,Finance,51.0,54.0,62.2,2022,4,A
Company_558,Finance,53.7,52.5,67.3,2023,4,A
Company_558,Finance,56.9,50.9,66.9,2024,4,A
Company_558,Finance,56.7,51.4,66.2,2025,4,A
Company_559,Manufacturing,48.0,24.8,42.7,2015,4,BB
Company_559,Manufacturing,51.8,25.3,43.4,2016,4,BBB
Company_559,Manufacturing,58.8,29.0,43.7,2017,4,BBB
Company_559,Manufacturing,60.9,31.1,45.7,2018,4,BBB
Company_559,Manufacturing,61.2,29.8,47.5,2019,4,BBB
Company_559,Manufacturing,60.0,33.0,48.3,2020,4,BBB
Company_559,Manufacturing,61.4,36.7,49.3,2021,4,BBB
Company_559,Manufacturing,60.8,34.5,47.5,2022,4,BBB
Company_559,Manufacturing,61.8,37.3,48.4,2023,4,BBB
Company_559,Manufacturing,64.5,36.8,49.9,2024,4,A
Company_559,Manufacturing,66.5,37.8,51.0,2025,4,A
Company_560,Technology,84.6,69.4,16.1,2015,3,A
Company_560,Technology,82.9,71.9,16.9,2016,3,A
Company_560,Technology,83.3,69.5,16.5,2017,3,A
Company_560,Technology,84.3,71.7,14.0,2018,3,A
Company_560,Technology,85.8,70.5,12.5,2019,3,A
Company_560,Technology,88.4,69.1,14.9,2020,3,A
Company_560,Technology,86.3,65.2,17.2,2021,3,A
Company_560,Technology,88.1,63.6,20.1,2022,3,A
Company_560,Technology,87.6,65.1,22.6,2023,3,A
Company_560,Technology,86.8,66.1,21.2,2024,3,A
Company_560,Technology,85.6,64.1,21.2,2025,3,A
Company_561,Healthcare,63.8,7.0,31.7,2015,0,BB
Company_561,Healthcare,66.9,8.2,30.5,2016,0,BB
Company_561,Healthcare,67.3,8.0,31.4,2017,0,BB
Company_561,Healthcare,66.8,8.1,31.6,2018,0,BB
Company_561,Healthcare,71.5,6.6,31.4,2019,0,BB
Company_561,Healthcare,72.2,5.3,34.4,2020,0,BB
Company_561,Healthcare,76.2,6.7,35.0,2021,0,BB
Company_561,Healthcare,76.9,5.3,36.4,2022,0,BB
Company_561,Healthcare,77.1,3.2,34.7,2023,0,BB
Company_561,Healthcare,79.4,5.5,33.7,2024,0,BB
Company_561,Healthcare,82.1,8.0,37.5,2025,0,BBB
Company_562,Transportation,20.6,20.0,15.0,2015,0,CCC
Company_562,Transportation,22.2,20.7,14.8,2016,0,CCC
Company_562,Transportation,21.6,19.1,17.7,2017,0,CCC
Company_562,Transportation,20.6,20.8,18.1,2018,0,CCC
Company_562,Transportation,20.9,18.8,19.0,2019,0,CCC
Company_562,Transportation,20.5,19.4,20.9,2020,0,CCC
Company_562,Transportation,23.3,20.4,20.4,2021,0,CCC
Company_562,Transportation,22.5,21.5,18.7,2022,0,CCC
Company_562,Transportation,24.1,23.1,20.6,2023,0,CCC
Company_562,Transportation,22.1,22.3,23.8,2024,0,CCC
Company_562,Transportation,26.6,23.4,27.0,2025,0,CCC
Company_563,Energy,54.7,54.0,16.2,2015,0,BBB
Company_563,Energy,56.1,54.2,19.3,2016,0,BBB
Company_563,Energy,54.7,54.3,22.0,2017,0,BBB
Company_563,Energy,51.9,51.5,25.7,2018,0,BBB
Company_563,Energy,53.5,51.1,24.3,2019,0,BBB
Company_563,Energy,54.5,51.8,26.7,2020,0,BBB
Company_563,Energy,57.6,51.3,31.5,2021,0,BBB
Company_563,Energy,57.3,53.6,32.8,2022,0,BBB
Company_563,Energy,59.3,54.3,32.5,2023,0,BBB
Company_563,Energy,63.2,55.4,35.6,2024,0,A
Company_563,Energy,62.1,60.3,34.4,2025,0,A
Company_564,Energy,36.8,25.2,41.6,2015,0,BB
Company_564,Energy,40.3,26.0,43.1,2016,0,BB
Company_564,Energy,42.0,25.7,43.3,2017,0,BB
Company_564,Energy,39.9,24.8,42.1,2018,0,BB
Company_564,Energy,40.0,23.8,41.9,2019,0,BB
Company_564,Energy,40.8,21.8,42.0,2020,0,BB
Company_564,Energy,39.1,21.3,42.6,2021,0,BB
Company_564,Energy,40.2,21.0,40.5,2022,0,BB
Company_564,Energy,38.0,19.1,40.6,2023,0,BB
Company_564,Energy,34.0,22.7,38.2,2024,0,BB
Company_564,Energy,34.6,20.1,40.4,2025,0,BB
Company_565,Utilities,29.1,56.5,49.2,2015,2,BBB
Company_565,Utilities,27.8,54.3,48.8,2016,2,BBB
Company_565,Utilities,31.6,49.7,51.7,2017,2,BBB
Company_565,Utilities,31.2,49.7,52.1,2018,2,BBB
Company_565,Utilities,30.4,51.9,50.6,2019,2,BBB
Company_565,Utilities,30.0,50.1,51.7,2020,2,BBB
Company_565,Utilities,31.0,50.5,49.8,2021,2,BBB
Company_565,Utilities,33.8,50.9,49.5,2022,2,BBB
Company_565,Utilities,35.3,52.5,49.6,2023,2,BBB
Company_565,Utilities,36.2,53.1,50.2,2024,2,BBB
Company_565,Utilities,42.2,55.0,48.5,2025,2,BBB
Company_566,Healthcare,36.2,43.6,77.9,2015,5,A
Company_566,Healthcare,37.8,45.5,78.7,2016,5,A
Company_566,Healthcare,37.5,45.4,75.0,2017,5,A
Company_566,Healthcare,34.3,49.1,74.7,2018,5,A
Company_566,Healthcare,35.9,46.1,73.5,2019,5,A
Company_566,Healthcare,34.4,44.9,74.1,2020,5,A
Company_566,Healthcare,38.7,49.3,74.1,2021,5,A
Company_566,Healthcare,41.0,50.7,75.1,2022,5,A
Company_566,Healthcare,45.0,57.4,76.2,2023,5,A
Company_566,Healthcare,44.1,59.0,75.0,2024,5,A
Company_566,Healthcare,42.6,57.9,76.1,2025,5,A
Company_567,Healthcare,83.0,64.5,77.5,2015,6,AAA
Company_567,Healthcare,83.7,64.4,76.2,2016,6,AA
Company_567,Healthcare,85.9,65.1,79.2,2017,6,AAA
Company_567,Healthcare,86.3,66.9,81.8,2018,6,AAA
Company_567,Healthcare,85.3,67.6,82.2,2019,6,AAA
Company_567,Healthcare,85.2,71.0,81.3,2020,6,AAA
Company_567,Healthcare,87.1,70.6,81.5,2021,6,AAA
Company_567,Healthcare,87.3,70.6,77.0,2022,6,AAA
Company_567,Healthcare,88.2,68.9,80.9,2023,6,AAA
Company_567,Healthcare,90.0,68.9,83.8,2024,6,AAA
Company_567,Healthcare,94.1,69.6,87.0,2025,6,AAA
Company_568,Healthcare,49.6,55.7,23.6,2015,0,BBB
Company_568,Healthcare,52.0,55.9,23.3,2016,0,BBB
Company_568,Healthcare,53.1,56.5,24.8,2017,0,BBB
Company_568,Healthcare,58.0,58.2,25.5,2018,0,BBB
Company_568,Healthcare,59.6,57.0,27.7,2019,0,BBB
Company_568,Healthcare,60.4,53.1,27.1,2020,0,BBB
Company_568,Healthcare,57.7,52.4,27.4,2021,0,BBB
Company_568,Healthcare,59.8,57.3,25.9,2022,0,BBB
Company_568,Healthcare,57.9,58.5,27.3,2023,0,BBB
Company_568,Healthcare,58.2,58.0,25.8,2024,0,BBB
Company_568,Healthcare,56.2,58.5,26.4,2025,0,BBB
Company_569,Energy,33.0,32.7,28.9,2015,1,BB
Company_569,Energy,34.9,33.6,27.4,2016,1,BB
Company_569,Energy,37.1,35.6,28.6,2017,1,BB
Company_569,Energy,37.5,33.9,28.4,2018,1,BB
Company_569,Energy,37.8,34.9,27.1,2019,1,BB
Company_569,Energy,35.6,35.3,23.2,2020,1,BB
Company_569,Energy,38.0,35.8,22.8,2021,1,BB
Company_569,Energy,40.8,36.5,25.2,2022,1,BB
Company_569,Energy,40.0,37.3,22.6,2023,1,BB
Company_569,Energy,36.2,38.5,23.5,2024,1,BB
Company_569,Energy,33.4,38.5,26.9,2025,1,BB
Company_570,Energy,31.0,68.5,25.8,2015,3,BBB
Company_570,Energy,30.1,70.5,26.2,2016,3,BBB
Company_570,Energy,29.5,72.3,29.0,2017,3,BBB
Company_570,Energy,33.5,71.8,31.6,2018,3,BBB
Company_570,Energy,31.0,69.0,27.3,2019,3,BBB
Company_570,Energy,32.5,69.0,29.3,2020,3,BBB
Company_570,Energy,29.9,71.1,35.0,2021,3,BBB
Company_570,Energy,30.5,73.3,34.3,2022,3,BBB
Company_570,Energy,31.5,74.5,31.5,2023,3,BBB
Company_570,Energy,32.9,73.0,29.0,2024,3,BBB
Company_570,Energy,34.7,72.0,32.7,2025,3,BBB
Company_571,Retail,90.5,11.6,8.9,2015,4,BB
Company_571,Retail,90.5,11.9,10.1,2016,4,BB
Company_571,Retail,89.9,14.9,10.9,2017,4,BB
Company_571,Retail,88.8,14.7,11.4,2018,4,BB
Company_571,Retail,91.2,13.5,14.3,2019,4,BB
Company_571,Retail,93.5,13.9,13.8,2020,4,BBB
Company_571,Retail,95.3,17.8,13.7,2021,4,BBB
Company_571,Retail,93.6,22.4,14.1,2022,4,BBB
Company_571,Retail,95.4,21.3,13.4,2023,4,BBB
Company_571,Retail,92.5,22.5,16.4,2024,4,BBB
Company_571,Retail,96.0,27.0,19.1,2025,4,BBB
Company_572,Retail,48.8,41.7,15.4,2015,3,BB
Company_572,Retail,51.1,45.9,20.6,2016,3,BB
Company_572,Retail,52.5,46.4,22.7,2017,3,BBB
Company_572,Retail,53.6,45.4,22.7,2018,3,BBB
Company_572,Retail,52.3,47.4,21.8,2019,3,BBB
Company_572,Retail,54.6,50.9,20.5,2020,3,BBB
Company_572,Retail,55.7,52.6,21.6,2021,3,BBB
Company_572,Retail,60.2,52.1,23.2,2022,3,BBB
Company_572,Retail,62.2,51.5,21.3,2023,3,BBB
Company_572,Retail,60.4,51.5,19.6,2024,3,BBB
Company_572,Retail,59.6,49.7,19.1,2025,3,BBB
Company_573,Energy,18.0,40.5,74.1,2015,5,BBB
Company_573,Energy,18.8,37.5,72.2,2016,5,BBB
Company_573,Energy,20.5,37.6,69.1,2017,5,BBB
Company_573,Energy,20.3,37.5,68.8,2018,5,BBB
Company_573,Energy,24.7,38.2,67.1,2019,5,BBB
Company_573,Energy,28.2,40.9,68.9,2020,5,BBB
Company_573,Energy,26.8,40.3,69.8,2021,5,BBB
Company_573,Energy,27.8,39.8,72.8,2022,5,BBB
Company_573,Energy,28.3,42.4,72.6,2023,5,BBB
Company_573,Energy,30.3,41.1,71.3,2024,5,BBB
Company_573,Energy,26.2,41.6,70.5,2025,5,BBB
Company_574,Transportation,18.3,46.5,14.4,2015,3,CCC
Company_574,Transportation,19.1,46.1,17.5,2016,3,CCC
Company_574,Transportation,17.0,46.3,20.0,2017,3,CCC
Company_574,Transportation,17.4,50.4,23.0,2018,3,BB
Company_574,Transportation,20.5,52.5,22.3,2019,3,BB
Company_574,Transportation,25.4,48.9,23.0,2020,3,BB
Company_574,Transportation,23.1,49.7,25.4,2021,3,BB
Company_574,Transportation,24.0,53.1,25.0,2022,3,BB
Company_574,Transportation,22.5,54.4,26.6,2023,3,BB
Company_574,Transportation,22.4,58.4,28.7,2024,3,BB
Company_574,Transportation,20.1,58.3,28.0,2025,3,BB
Company_575,Energy,55.3,33.3,30.7,2015,0,BB
Company_575,Energy,52.4,36.3,33.3,2016,0,BBB
Company_575,Energy,50.8,39.2,37.0,2017,0,BBB
Company_575,Energy,52.0,39.0,38.7,2018,0,BBB
Company_575,Energy,51.3,35.0,41.3,2019,0,BBB
Company_575,Energy,53.9,34.4,40.5,2020,0,BBB
Company_575,Energy,54.3,34.5,42.0,2021,0,BBB
Company_575,Energy,57.8,34.9,42.4,2022,0,BBB
Company_575,Energy,61.1,34.9,43.5,2023,0,BBB
Company_575,Energy,61.7,38.9,43.8,2024,0,BBB
Company_575,Energy,62.6,36.9,45.0,2025,0,BBB
Company_576,Finance,89.6,35.8,50.1,2015,1,A
Company_576,Finance,91.9,36.6,50.2,2016,1,A
Company_576,Finance,94.4,38.3,48.3,2017,1,AA
Company_576,Finance,95.3,41.7,47.9,2018,1,AA
Company_576,Finance,97.4,39.0,49.9,2019,1,AA
Company_576,Finance,100.0,39.9,50.3,2020,1,AA
Company_576,Finance,100.0,41.2,49.6,2021,1,AA
Company_576,Finance,99.6,40.0,53.1,2022,1,AA
Company_576,Finance,100.0,45.6,52.4,2023,1,AA
Company_576,Finance,97.5,47.0,47.1,2024,1,AA
Company_576,Finance,97.3,47.4,46.4,2025,1,AA
Company_577,Manufacturing,50.7,93.8,77.8,2015,6,AA
Company_577,Manufacturing,47.9,98.7,76.5,2016,6,AA
Company_577,Manufacturing,48.8,99.9,78.0,2017,6,AAA
Company_577,Manufacturing,52.5,100.0,76.3,2018,6,AAA
Company_577,Manufacturing,53.0,100.0,73.7,2019,6,AAA
Company_577,Manufacturing,55.5,97.4,75.3,2020,6,AAA
Company_577,Manufacturing,54.8,94.9,76.0,2021,6,AAA
Company_577,Manufacturing,54.5,96.1,79.0,2022,6,AAA
Company_577,Manufacturing,56.8,92.3,79.4,2023,6,AAA
Company_577,Manufacturing,57.8,93.2,82.1,2024,6,AAA
Company_577,Manufacturing,59.5,93.9,81.3,2025,6,AAA
Company_578,Transportation,64.4,47.7,70.1,2015,4,AA
Company_578,Transportation,63.9,48.4,74.5,2016,4,AA
Company_578,Transportation,64.6,49.4,70.2,2017,4,AA
Company_578,Transportation,65.3,52.0,71.9,2018,4,AA
Company_578,Transportation,63.7,55.0,71.4,2019,4,AA
Company_578,Transportation,64.1,58.5,74.2,2020,4,AA
Company_578,Transportation,65.6,59.1,75.7,2021,4,AA
Company_578,Transportation,69.0,58.1,75.7,2022,4,AA
Company_578,Transportation,70.6,55.2,77.0,2023,4,AA
Company_578,Transportation,71.9,56.7,78.3,2024,4,AA
Company_578,Transportation,73.6,57.6,79.6,2025,4,AA
Company_579,Retail,56.7,29.4,43.6,2015,0,BBB
Company_579,Retail,58.0,30.2,42.4,2016,0,BBB
Company_579,Retail,59.9,32.3,44.8,2017,0,BBB
Company_579,Retail,61.0,36.0,46.9,2018,0,BBB
Company_579,Retail,63.0,37.1,51.9,2019,0,A
Company_579,Retail,62.2,39.4,55.8,2020,0,A
Company_579,Retail,64.4,42.3,57.7,2021,0,A
Company_579,Retail,65.4,47.3,60.3,2022,0,A
Company_579,Retail,67.0,47.7,62.2,2023,0,A
Company_579,Retail,69.3,46.1,63.5,2024,0,A
Company_579,Retail,69.7,46.1,67.5,2025,0,AA
Company_580,Technology,97.3,63.2,38.4,2015,3,AA
Company_580,Technology,96.6,63.9,38.5,2016,3,AA
Company_580,Technology,100.0,63.9,40.2,2017,3,AA
Company_580,Technology,98.7,66.4,41.9,2018,3,AA
Company_580,Technology,100.0,67.0,43.6,2019,3,AA
Company_580,Technology,100.0,66.7,41.7,2020,3,AA
Company_580,Technology,100.0,68.1,44.4,2021,3,AA
Company_580,Technology,100.0,69.0,47.6,2022,3,AA
Company_580,Technology,100.0,70.2,48.8,2023,3,AA
Company_580,Technology,99.4,69.3,51.7,2024,3,AA
Company_580,Technology,97.4,69.0,54.6,2025,3,AA
Company_581,Energy,23.3,88.8,72.0,2015,6,AA
Company_581,Energy,20.5,85.5,70.6,2016,6,A
Company_581,Energy,21.0,85.2,70.4,2017,6,A
Company_581,Energy,21.7,85.2,67.1,2018,6,A
Company_581,Energy,22.4,85.6,67.9,2019,6,A
Company_581,Energy,24.0,84.1,71.0,2020,6,A
Company_581,Energy,25.7,84.0,72.0,2021,6,AA
Company_581,Energy,29.3,85.4,69.2,2022,6,AA
Company_581,Energy,30.3,83.2,70.6,2023,6,AA
Company_581,Energy,31.5,83.3,73.4,2024,6,AA
Company_581,Energy,32.9,84.2,73.8,2025,6,AA
Company_582,Healthcare,86.9,54.0,81.1,2015,6,AA
Company_582,Healthcare,86.9,56.8,80.2,2016,6,AA
Company_582,Healthcare,83.7,58.8,85.9,2017,6,AAA
Company_582,Healthcare,83.7,60.4,83.9,2018,6,AAA
Company_582,Healthcare,86.1,63.7,86.2,2019,6,AAA
Company_582,Healthcare,88.9,65.1,83.0,2020,6,AAA
Company_582,Healthcare,89.8,66.7,84.5,2021,6,AAA
Company_582,Healthcare,91.0,67.0,83.6,2022,6,AAA
Company_582,Healthcare,88.1,68.5,86.7,2023,6,AAA
Company_582,Healthcare,90.5,68.4,83.7,2024,6,AAA
Company_582,Healthcare,93.9,65.0,84.9,2025,6,AAA
Company_583,Healthcare,27.8,17.9,16.4,2015,0,CCC
Company_583,Healthcare,26.4,19.9,21.0,2016,0,CCC
Company_583,Healthcare,22.3,21.5,17.8,2017,0,CCC
Company_583,Healthcare,24.9,24.4,18.0,2018,0,CCC
Company_583,Healthcare,23.5,24.2,20.5,2019,0,CCC
Company_583,Healthcare,28.0,24.8,22.0,2020,0,CCC
Company_583,Healthcare,26.7,26.4,22.0,2021,0,CCC
Company_583,Healthcare,28.3,26.0,21.2,2022,0,CCC
Company_583,Healthcare,30.0,29.4,19.3,2023,0,CCC
Company_583,Healthcare,35.2,31.6,18.7,2024,0,CCC
Company_583,Healthcare,33.5,31.1,20.5,2025,0,CCC
Company_584,Healthcare,77.4,33.4,61.5,2015,3,A
Company_584,Healthcare,77.1,35.3,60.6,2016,3,A
Company_584,Healthcare,79.4,36.4,61.8,2017,3,A
Company_584,Healthcare,75.3,36.0,61.5,2018,3,A
Company_584,Healthcare,76.9,35.6,62.9,2019,3,A
Company_584,Healthcare,76.7,36.2,65.1,2020,3,A
Company_584,Healthcare,77.6,39.2,66.0,2021,3,AA
Company_584,Healthcare,79.5,40.2,69.3,2022,3,AA
Company_584,Healthcare,83.9,40.2,70.4,2023,3,AA
Company_584,Healthcare,80.6,42.9,72.4,2024,3,AA
Company_584,Healthcare,80.6,42.6,76.2,2025,3,AA
Company_585,Energy,21.0,25.2,17.7,2015,1,CCC
Company_585,Energy,22.7,24.2,13.5,2016,1,CCC
Company_585,Energy,23.3,26.8,15.7,2017,1,CCC
Company_585,Energy,25.5,28.8,14.2,2018,1,CCC
Company_585,Energy,29.6,30.5,11.7,2019,1,CCC
Company_585,Energy,30.4,30.8,12.4,2020,1,CCC
Company_585,Energy,35.2,33.7,14.6,2021,1,CCC
Company_585,Energy,38.9,36.6,16.7,2022,1,BB
Company_585,Energy,37.5,37.9,18.6,2023,1,BB
Company_585,Energy,39.1,39.4,19.2,2024,1,BB
Company_585,Energy,41.2,37.4,17.7,2025,1,BB
Company_586,Transportation,55.2,29.3,24.5,2015,0,BB
Company_586,Transportation,54.0,29.3,26.9,2016,0,BB
Company_586,Transportation,56.0,30.3,28.4,2017,0,BB
Company_586,Transportation,54.7,30.0,33.2,2018,0,BB
Company_586,Transportation,57.0,29.2,32.7,2019,0,BB
Company_586,Transportation,58.1,30.3,33.5,2020,0,BBB
Company_586,Transportation,58.5,30.9,31.8,2021,0,BBB
Company_586,Transportation,60.1,29.8,31.6,2022,0,BBB
Company_586,Transportation,61.5,28.3,32.8,2023,0,BBB
Company_586,Transportation,65.1,30.7,38.2,2024,0,BBB
Company_586,Transportation,67.6,31.9,39.3,2025,0,BBB
Company_587,Healthcare,71.7,23.4,82.2,2015,5,A
Company_587,Healthcare,72.5,26.2,83.9,2016,5,AA
Company_587,Healthcare,73.4,27.5,82.0,2017,5,AA
Company_587,Healthcare,74.1,28.7,83.9,2018,5,AA
Company_587,Healthcare,75.0,29.4,84.1,2019,5,AA
Company_587,Healthcare,76.8,27.6,86.3,2020,5,AA
Company_587,Healthcare,80.4,24.9,84.0,2021,5,AA
Company_587,Healthcare,80.6,23.5,87.5,2022,5,AA
Company_587,Healthcare,79.5,24.0,86.5,2023,5,AA
Company_587,Healthcare,79.4,25.0,86.0,2024,5,AA
Company_587,Healthcare,80.8,27.9,84.8,2025,5,AA
Company_588,Energy,39.1,37.1,42.9,2015,0,BB
Company_588,Energy,37.0,38.8,43.8,2016,0,BB
Company_588,Energy,38.7,39.2,43.8,2017,0,BBB
Company_588,Energy,38.2,40.9,42.5,2018,0,BBB
Company_588,Energy,42.2,43.4,45.3,2019,0,BBB
Company_588,Energy,44.0,45.0,39.9,2020,0,BBB
Company_588,Energy,46.1,46.4,40.5,2021,0,BBB
Company_588,Energy,49.1,48.8,41.3,2022,0,BBB
Company_588,Energy,49.1,49.9,43.5,2023,0,BBB
Company_588,Energy,52.5,51.7,46.2,2024,0,A
Company_588,Energy,50.4,52.6,47.5,2025,0,A
Company_589,Finance,63.9,64.1,83.3,2015,5,AA
Company_589,Finance,66.0,62.8,86.2,2016,5,AA
Company_589,Finance,68.6,62.6,87.2,2017,5,AA
Company_589,Finance,70.8,61.9,90.6,2018,5,AA
Company_589,Finance,76.3,62.2,93.3,2019,5,AAA
Company_589,Finance,78.4,58.8,91.2,2020,5,AAA
Company_589,Finance,77.7,61.6,93.1,2021,5,AAA
Company_589,Finance,78.3,58.0,98.0,2022,5,AAA
Company_589,Finance,81.2,57.3,100.0,2023,5,AAA
Company_589,Finance,81.5,58.2,100.0,2024,5,AAA
Company_589,Finance,79.4,58.5,100.0,2025,5,AAA
Company_590,Manufacturing,36.7,42.2,68.8,2015,5,BBB
Company_590,Manufacturing,39.3,46.6,69.7,2016,5,A
Company_590,Manufacturing,40.5,46.8,70.8,2017,5,A
Company_590,Manufacturing,41.5,47.8,68.1,2018,5,A
Company_590,Manufacturing,42.7,49.6,70.3,2019,5,A
Company_590,Manufacturing,40.4,46.9,72.4,2020,5,A
Company_590,Manufacturing,41.5,46.8,74.6,2021,5,A
Company_590,Manufacturing,42.8,43.3,73.8,2022,5,A
Company_590,Manufacturing,44.2,42.7,78.8,2023,5,A
Company_590,Manufacturing,45.9,46.8,80.3,2024,5,A
Company_590,Manufacturing,47.1,48.6,81.8,2025,5,A
Company_591,Manufacturing,86.3,59.2,47.2,2015,6,AA
Company_591,Manufacturing,90.0,62.1,49.7,2016,6,AA
Company_591,Manufacturing,86.4,58.5,46.8,2017,6,AA
Company_591,Manufacturing,85.0,59.3,50.5,2018,6,AA
Company_591,Manufacturing,82.3,56.7,48.6,2019,6,AA
Company_591,Manufacturing,80.0,58.4,47.6,2020,6,AA
Company_591,Manufacturing,79.8,59.0,48.2,2021,6,AA
Company_591,Manufacturing,81.0,59.8,48.5,2022,6,AA
Company_591,Manufacturing,82.4,60.5,48.0,2023,6,AA
Company_591,Manufacturing,88.3,61.3,46.4,2024,6,AA
Company_591,Manufacturing,91.5,62.2,45.9,2025,6,AA
Company_592,Utilities,60.8,47.6,27.9,2015,3,BBB
Company_592,Utilities,64.5,47.4,28.1,2016,3,BBB
Company_592,Utilities,65.2,50.5,28.3,2017,3,BBB
Company_592,Utilities,63.2,51.3,28.6,2018,3,BBB
Company_592,Utilities,67.8,55.1,29.2,2019,3,A
Company_592,Utilities,66.0,54.8,31.0,2020,3,A
Company_592,Utilities,68.1,54.7,32.6,2021,3,A
Company_592,Utilities,66.8,55.9,33.7,2022,3,A
Company_592,Utilities,69.1,59.3,37.1,2023,3,A
Company_592,Utilities,70.2,59.0,37.7,2024,3,A
Company_592,Utilities,70.9,62.1,39.8,2025,3,A
Company_593,Manufacturing,55.2,11.5,27.4,2015,0,BB
Company_593,Manufacturing,51.9,9.7,26.6,2016,0,CCC
Company_593,Manufacturing,51.8,5.7,30.2,2017,0,CCC
Company_593,Manufacturing,51.4,7.1,29.7,2018,0,CCC
Company_593,Manufacturing,48.9,8.5,28.1,2019,0,CCC
Company_593,Manufacturing,51.1,8.4,28.9,2020,0,CCC
Company_593,Manufacturing,52.3,11.1,28.7,2021,0,BB
Company_593,Manufacturing,54.2,9.1,29.0,2022,0,BB
Company_593,Manufacturing,53.6,8.0,30.4,2023,0,BB
Company_593,Manufacturing,53.5,8.3,32.4,2024,0,BB
Company_593,Manufacturing,56.8,9.0,34.9,2025,0,BB
Company_594,Utilities,40.9,38.1,78.2,2015,2,A
Company_594,Utilities,39.4,37.9,80.1,2016,2,A
Company_594,Utilities,39.3,40.1,83.1,2017,2,A
Company_594,Utilities,36.3,41.6,79.8,2018,2,A
Company_594,Utilities,37.2,42.1,79.3,2019,2,A
Company_594,Utilities,41.6,41.6,76.8,2020,2,A
Company_594,Utilities,44.0,45.4,77.2,2021,2,A
Company_594,Utilities,42.8,47.0,78.0,2022,2,A
Company_594,Utilities,44.0,50.8,75.5,2023,2,A
Company_594,Utilities,42.9,48.9,74.4,2024,2,A
Company_594,Utilities,45.8,51.0,74.9,2025,2,A
Company_595,Consumer Goods,55.0,88.8,85.0,2015,6,AAA
Company_595,Consumer Goods,57.3,88.7,85.9,2016,6,AAA
Company_595,Consumer Goods,59.4,88.8,83.8,2017,6,AAA
Company_595,Consumer Goods,60.5,89.4,83.9,2018,6,AAA
Company_595,Consumer Goods,62.1,90.0,86.5,2019,6,AAA
Company_595,Consumer Goods,63.4,91.2,86.8,2020,6,AAA
Company_595,Consumer Goods,64.1,93.8,84.1,2021,6,AAA
Company_595,Consumer Goods,65.7,96.0,87.5,2022,6,AAA
Company_595,Consumer Goods,65.1,97.2,86.9,2023,6,AAA
Company_595,Consumer Goods,70.4,97.3,85.4,2024,6,AAA
Company_595,Consumer Goods,71.6,94.3,86.6,2025,6,AAA
Company_596,Technology,88.1,92.3,81.0,2015,2,AAA
Company_596,Technology,87.7,92.2,79.0,2016,2,AAA
Company_596,Technology,89.3,91.6,78.2,2017,2,AAA
Company_596,Technology,90.9,91.5,84.0,2018,2,AAA
Company_596,Technology,88.7,90.7,83.8,2019,2,AAA
Company_596,Technology,88.4,90.2,83.9,2020,2,AAA
Company_596,Technology,92.2,89.8,79.0,2021,2,AAA
Company_596,Technology,94.4,89.3,81.2,2022,2,AAA
Company_596,Technology,96.8,92.7,81.9,2023,2,AAA
Company_596,Technology,99.9,92.1,83.5,2024,2,AAA
Company_596,Technology,99.8,95.7,81.6,2025,2,AAA
Company_597,Consumer Goods,23.3,83.5,34.9,2015,1,BBB
Company_597,Consumer Goods,23.2,83.8,37.9,2016,1,BBB
Company_597,Consumer Goods,23.3,82.7,37.5,2017,1,BBB
Company_597,Consumer Goods,25.5,81.6,37.3,2018,1,BBB
Company_597,Consumer Goods,27.0,83.8,39.0,2019,1,BBB
Company_597,Consumer Goods,29.7,85.5,40.8,2020,1,A
Company_597,Consumer Goods,28.3,85.4,40.9,2021,1,A
Company_597,Consumer Goods,27.7,87.7,42.8,2022,1,A
Company_597,Consumer Goods,26.4,88.1,45.7,2023,1,A
Company_597,Consumer Goods,26.4,88.0,47.2,2024,1,A
Company_597,Consumer Goods,26.2,87.5,47.0,2025,1,A
Company_598,Utilities,13.4,48.2,73.1,2015,5,BBB
Company_598,Utilities,13.7,48.9,73.4,2016,5,BBB
Company_598,Utilities,13.9,47.7,74.7,2017,5,BBB
Company_598,Utilities,16.8,49.1,76.5,2018,5,BBB
Company_598,Utilities,20.9,47.0,74.8,2019,5,BBB
Company_598,Utilities,22.1,49.9,76.6,2020,5,BBB
Company_598,Utilities,23.7,47.7,77.4,2021,5,BBB
Company_598,Utilities,23.6,49.7,74.3,2022,5,BBB
Company_598,Utilities,26.4,48.9,73.5,2023,5,BBB
Company_598,Utilities,24.9,49.0,76.3,2024,5,A
Company_598,Utilities,21.7,48.1,77.9,2025,5,BBB
Company_599,Transportation,34.0,74.5,43.0,2015,3,A
Company_599,Transportation,36.4,72.8,42.4,2016,3,A
Company_599,Transportation,37.7,71.0,45.5,2017,3,A
Company_599,Transportation,41.0,71.2,47.4,2018,3,A
Company_599,Transportation,40.2,74.4,46.2,2019,3,A
Company_599,Transportation,43.6,76.8,43.0,2020,3,A
Company_599,Transportation,47.1,79.8,45.5,2021,3,A
Company_599,Transportation,49.0,79.7,45.3,2022,3,A
Company_599,Transportation,50.5,78.1,44.6,2023,3,A
Company_599,Transportation,48.7,75.4,46.7,2024,3,A
Company_599,Transportation,46.9,76.2,47.6,2025,3,A
Company_600,Technology,84.5,74.5,3.7,2015,0,A
Company_600,Technology,85.0,72.7,5.0,2016,0,A
Company_600,Technology,86.5,72.4,3.3,2017,0,A
Company_600,Technology,88.2,74.9,5.0,2018,0,A
Company_600,Technology,91.3,76.8,6.5,2019,0,A
Company_600,Technology,89.2,75.6,7.4,2020,0,A
Company_600,Technology,91.8,73.9,8.4,2021,0,A
Company_600,Technology,91.2,74.2,12.2,2022,0,A
Company_600,Technology,91.4,74.8,11.9,2023,0,A
Company_600,Technology,94.5,73.4,11.5,2024,0,A
Company_600,Technology,97.5,72.7,10.2,2025,0,AA
Company_601,Retail,69.0,60.6,77.9,2015,1,AA
Company_601,Retail,70.0,60.7,76.3,2016,1,AA
Company_601,Retail,73.1,59.9,76.7,2017,1,AA
Company_601,Retail,72.8,57.4,76.0,2018,1,AA
Company_601,Retail,74.0,56.7,77.0,2019,1,AA
Company_601,Retail,74.8,57.3,80.6,2020,1,AA
Company_601,Retail,76.1,56.7,84.3,2021,1,AA
Company_601,Retail,80.4,55.0,84.7,2022,1,AA
Company_601,Retail,81.2,54.9,82.6,2023,1,AA
Company_601,Retail,83.6,55.4,82.2,2024,1,AA
Company_601,Retail,84.6,54.2,84.5,2025,1,AA
Company_602,Technology,51.9,75.1,72.0,2015,5,AA
Company_602,Technology,51.9,74.5,71.2,2016,5,AA
Company_602,Technology,53.9,76.4,74.0,2017,5,AA
Company_602,Technology,54.6,73.3,70.9,2018,5,AA
Company_602,Technology,54.7,74.4,68.9,2019,5,AA
Company_602,Technology,54.4,73.9,70.2,2020,5,AA
Company_602,Technology,55.9,72.9,68.9,2021,5,AA
Company_602,Technology,53.7,74.7,70.1,2022,5,AA
Company_602,Technology,54.2,75.1,72.9,2023,5,AA
Company_602,Technology,58.8,75.1,73.1,2024,5,AA
Company_602,Technology,58.8,78.1,67.9,2025,5,AA
Company_603,Utilities,37.0,69.0,38.1,2015,5,BBB
Company_603,Utilities,37.2,69.1,38.2,2016,5,BBB
Company_603,Utilities,38.3,72.0,38.3,2017,5,BBB
Company_603,Utilities,37.5,71.7,38.7,2018,5,BBB
Company_603,Utilities,38.6,74.9,40.5,2019,5,A
Company_603,Utilities,44.5,77.8,39.3,2020,5,A
Company_603,Utilities,44.6,77.3,38.9,2021,5,A
Company_603,Utilities,45.6,78.9,41.1,2022,5,A
Company_603,Utilities,47.3,79.5,43.1,2023,5,A
Company_603,Utilities,48.7,79.0,41.7,2024,5,A
Company_603,Utilities,48.5,78.6,44.0,2025,5,A
Company_604,Retail,49.1,32.6,76.1,2015,3,A
Company_604,Retail,49.6,29.8,82.7,2016,3,A
Company_604,Retail,50.6,28.1,81.8,2017,3,A
Company_604,Retail,51.4,28.1,81.9,2018,3,A
Company_604,Retail,52.6,33.2,80.5,2019,3,A
Company_604,Retail,55.3,36.6,77.3,2020,3,A
Company_604,Retail,54.5,34.6,80.0,2021,3,A
Company_604,Retail,58.6,35.2,84.4,2022,3,A
Company_604,Retail,59.9,37.3,84.3,2023,3,AA
Company_604,Retail,59.7,40.5,84.4,2024,3,AA
Company_604,Retail,61.4,44.6,85.5,2025,3,AA
Company_605,Energy,31.7,58.6,17.6,2015,6,BB
Company_605,Energy,32.1,58.8,19.3,2016,6,BB
Company_605,Energy,36.1,59.8,19.2,2017,6,BB
Company_605,Energy,39.3,62.1,17.1,2018,6,BB
Company_605,Energy,40.7,62.3,17.7,2019,6,BBB
Company_605,Energy,41.7,61.2,18.1,2020,6,BBB
Company_605,Energy,41.7,61.2,22.7,2021,6,BBB
Company_605,Energy,43.7,64.9,21.4,2022,6,BBB
Company_605,Energy,44.1,63.4,22.1,2023,6,BBB
Company_605,Energy,46.2,62.4,25.0,2024,6,BBB
Company_605,Energy,45.9,63.1,26.4,2025,6,BBB
Company_606,Transportation,14.8,45.8,74.1,2015,2,BBB
Company_606,Transportation,19.7,45.7,75.5,2016,2,BBB
Company_606,Transportation,19.4,47.6,74.3,2017,2,BBB
Company_606,Transportation,19.7,45.8,70.7,2018,2,BBB
Company_606,Transportation,22.9,47.5,71.8,2019,2,BBB
Company_606,Transportation,22.3,51.0,72.6,2020,2,BBB
Company_606,Transportation,22.0,50.4,72.4,2021,2,BBB
Company_606,Transportation,22.4,47.7,72.4,2022,2,BBB
Company_606,Transportation,22.8,51.4,74.6,2023,2,BBB
Company_606,Transportation,22.8,54.4,72.9,2024,2,A
Company_606,Transportation,24.1,56.0,75.5,2025,2,A
Company_607,Healthcare,85.7,92.5,79.0,2015,2,AAA
Company_607,Healthcare,87.5,91.9,77.5,2016,2,AAA
Company_607,Healthcare,89.7,93.7,81.0,2017,2,AAA
Company_607,Healthcare,90.7,91.3,81.5,2018,2,AAA
Company_607,Healthcare,95.4,89.2,81.5,2019,2,AAA
Company_607,Healthcare,96.6,88.7,79.9,2020,2,AAA
Company_607,Healthcare,98.4,85.8,80.1,2021,2,AAA
Company_607,Healthcare,100.0,83.8,81.1,2022,2,AAA
Company_607,Healthcare,99.2,85.1,82.3,2023,2,AAA
Company_607,Healthcare,95.1,86.3,79.7,2024,2,AAA
Company_607,Healthcare,95.5,88.3,80.4,2025,2,AAA
Company_608,Finance,99.4,20.3,47.2,2015,3,A
Company_608,Finance,97.8,24.3,48.0,2016,3,A
Company_608,Finance,97.6,24.1,47.4,2017,3,A
Company_608,Finance,100.0,27.2,49.1,2018,3,A
Company_608,Finance,100.0,26.9,48.8,2019,3,A
Company_608,Finance,100.0,25.7,48.8,2020,3,A
Company_608,Finance,98.7,27.7,51.3,2021,3,A
Company_608,Finance,99.2,27.7,52.5,2022,3,A
Company_608,Finance,100.0,28.2,54.1,2023,3,AA
Company_608,Finance,100.0,28.5,53.2,2024,3,AA
Company_608,Finance,100.0,29.1,59.5,2025,3,AA
Company_609,Manufacturing,23.8,68.9,10.3,2015,3,BB
Company_609,Manufacturing,27.2,69.1,12.6,2016,3,BB
Company_609,Manufacturing,30.7,72.6,12.2,2017,3,BB
Company_609,Manufacturing,31.3,76.6,14.7,2018,3,BBB
Company_609,Manufacturing,34.3,78.6,12.5,2019,3,BBB
Company_609,Manufacturing,30.5,76.6,12.7,2020,3,BB
Company_609,Manufacturing,31.0,73.9,11.8,2021,3,BB
Company_609,Manufacturing,31.5,76.9,12.3,2022,3,BBB
Company_609,Manufacturing,30.9,77.9,8.1,2023,3,BB
Company_609,Manufacturing,34.2,76.5,7.8,2024,3,BB
Company_609,Manufacturing,33.4,76.8,4.7,2025,3,BB
Company_610,Technology,93.8,91.2,82.4,2015,2,AAA
Company_610,Technology,91.6,90.9,84.5,2016,2,AAA
Company_610,Technology,89.0,94.8,83.6,2017,2,AAA
Company_610,Technology,88.9,94.8,82.9,2018,2,AAA
Company_610,Technology,89.8,94.8,82.4,2019,2,AAA
Company_610,Technology,90.3,97.0,86.2,2020,2,AAA
Company_610,Technology,89.4,97.4,87.2,2021,2,AAA
Company_610,Technology,89.5,97.4,91.0,2022,2,AAA
Company_610,Technology,91.8,98.0,89.0,2023,2,AAA
Company_610,Technology,93.9,100.0,87.7,2024,2,AAA
Company_610,Technology,95.1,95.2,87.5,2025,2,AAA
Company_611,Energy,13.9,46.0,15.8,2015,3,CCC
Company_611,Energy,16.3,46.0,10.7,2016,3,CCC
Company_611,Energy,20.0,46.1,12.6,2017,3,CCC
Company_611,Energy,20.1,47.7,11.2,2018,3,CCC
Company_611,Energy,20.4,47.9,12.3,2019,3,CCC
Company_611,Energy,23.9,47.4,16.5,2020,3,CCC
Company_611,Energy,26.2,46.4,14.6,2021,3,CCC
Company_611,Energy,26.5,47.0,13.6,2022,3,CCC
Company_611,Energy,25.7,45.3,13.5,2023,3,CCC
Company_611,Energy,25.5,47.5,12.6,2024,3,CCC
Company_611,Energy,21.2,49.9,13.9,2025,3,CCC
Company_612,Utilities,33.0,59.8,82.9,2015,6,A
Company_612,Utilities,33.4,61.8,84.4,2016,6,A
Company_612,Utilities,34.1,65.1,83.8,2017,6,AA
Company_612,Utilities,35.8,64.7,84.6,2018,6,AA
Company_612,Utilities,37.6,68.1,82.9,2019,6,AA
Company_612,Utilities,40.0,73.1,81.9,2020,6,AA
Company_612,Utilities,39.1,76.5,83.4,2021,6,AA
Company_612,Utilities,37.8,70.5,85.3,2022,6,AA
Company_612,Utilities,39.4,68.5,84.5,2023,6,AA
Company_612,Utilities,38.9,68.1,86.0,2024,6,AA
Company_612,Utilities,40.8,65.8,87.3,2025,6,AA
Company_613,Consumer Goods,74.7,42.1,94.3,2015,5,AA
Company_613,Consumer Goods,78.3,41.8,93.8,2016,5,AA
Company_613,Consumer Goods,81.2,42.4,97.0,2017,5,AA
Company_613,Consumer Goods,83.9,43.0,99.1,2018,5,AAA
Company_613,Consumer Goods,84.5,44.2,98.1,2019,5,AAA
Company_613,Consumer Goods,85.3,42.4,98.4,2020,5,AAA
Company_613,Consumer Goods,87.8,41.0,98.8,2021,5,AAA
Company_613,Consumer Goods,87.6,42.5,98.0,2022,5,AAA
Company_613,Consumer Goods,83.6,43.3,98.9,2023,5,AAA
Company_613,Consumer Goods,81.3,43.5,100.0,2024,5,AA
Company_613,Consumer Goods,84.7,44.6,100.0,2025,5,AAA
Company_614,Finance,96.2,87.3,42.4,2015,1,AAA
Company_614,Finance,100.0,85.5,42.9,2016,1,AAA
Company_614,Finance,100.0,85.3,45.6,2017,1,AAA
Company_614,Finance,98.3,86.0,45.8,2018,1,AAA
Company_614,Finance,99.3,86.5,49.3,2019,1,AAA
Company_614,Finance,99.5,90.5,50.0,2020,1,AAA
Company_614,Finance,100.0,93.5,49.4,2021,1,AAA
Company_614,Finance,100.0,95.0,51.6,2022,1,AAA
Company_614,Finance,100.0,97.5,48.7,2023,1,AAA
Company_614,Finance,100.0,99.6,46.7,2024,1,AAA
Company_614,Finance,100.0,100.0,46.3,2025,1,AAA
Company_615,Transportation,47.8,81.5,91.8,2015,2,AA
Company_615,Transportation,49.2,82.2,93.8,2016,2,AAA
Company_615,Transportation,51.7,83.9,93.9,2017,2,AAA
Company_615,Transportation,52.9,84.8,97.7,2018,2,AAA
Company_615,Transportation,54.4,85.1,100.0,2019,2,AAA
Company_615,Transportation,53.7,86.3,100.0,2020,2,AAA
Company_615,Transportation,53.0,85.1,96.5,2021,2,AAA
Company_615,Transportation,55.1,85.9,97.2,2022,2,AAA
Company_615,Transportation,53.3,84.6,94.4,2023,2,AAA
Company_615,Transportation,52.3,88.5,95.0,2024,2,AAA
Company_615,Transportation,55.2,88.2,100.0,2025,2,AAA
Company_616,Retail,62.1,12.9,10.7,2015,4,CCC
Company_616,Retail,64.4,15.4,14.3,2016,4,BB
Company_616,Retail,67.8,15.9,17.7,2017,4,BB
Company_616,Retail,69.1,17.0,21.3,2018,4,BB
Company_616,Retail,72.0,18.3,22.7,2019,4,BB
Company_616,Retail,71.5,19.7,20.1,2020,4,BB
Company_616,Retail,72.4,19.4,19.2,2021,4,BB
Company_616,Retail,74.6,19.9,23.2,2022,4,BB
Company_616,Retail,77.1,20.9,26.2,2023,4,BBB
Company_616,Retail,79.2,19.8,30.0,2024,4,BBB
Company_616,Retail,80.3,22.6,31.0,2025,4,BBB
Company_617,Healthcare,86.2,14.3,79.6,2015,1,AA
Company_617,Healthcare,82.6,12.9,84.0,2016,1,A
Company_617,Healthcare,80.0,11.0,85.0,2017,1,A
Company_617,Healthcare,83.5,11.2,85.7,2018,1,AA
Company_617,Healthcare,83.1,9.6,86.0,2019,1,A
Company_617,Healthcare,83.2,9.0,85.7,2020,1,A
Company_617,Healthcare,87.7,9.8,85.8,2021,1,AA
Company_617,Healthcare,88.9,13.5,87.0,2022,1,AA
Company_617,Healthcare,88.5,11.1,87.5,2023,1,AA
Company_617,Healthcare,90.2,10.9,89.4,2024,1,AA
Company_617,Healthcare,90.5,15.3,87.2,2025,1,AA
Company_618,Utilities,43.3,41.6,53.1,2015,3,BBB
Company_618,Utilities,45.8,43.6,52.6,2016,3,BBB
Company_618,Utilities,46.1,41.9,54.5,2017,3,BBB
Company_618,Utilities,47.5,39.9,49.2,2018,3,BBB
Company_618,Utilities,47.6,41.5,44.0,2019,3,BBB
Company_618,Utilities,45.3,43.1,44.2,2020,3,BBB
Company_618,Utilities,43.6,45.7,43.8,2021,3,BBB
Company_618,Utilities,41.0,45.7,43.5,2022,3,BBB
Company_618,Utilities,40.7,42.8,47.3,2023,3,BBB
Company_618,Utilities,39.6,43.8,45.8,2024,3,BBB
Company_618,Utilities,41.1,46.2,46.8,2025,3,BBB
Company_619,Healthcare,51.0,58.5,55.4,2015,6,A
Company_619,Healthcare,50.4,56.2,57.4,2016,6,A
Company_619,Healthcare,52.3,61.0,55.5,2017,6,A
Company_619,Healthcare,58.7,62.4,55.0,2018,6,A
Company_619,Healthcare,56.8,63.2,55.6,2019,6,A
Company_619,Healthcare,58.8,61.2,56.3,2020,6,A
Company_619,Healthcare,60.0,62.0,55.7,2021,6,A
Company_619,Healthcare,64.2,61.9,53.5,2022,6,A
Company_619,Healthcare,66.5,63.1,53.3,2023,6,AA
Company_619,Healthcare,72.9,59.1,51.3,2024,6,AA
Company_619,Healthcare,72.2,59.7,52.2,2025,6,AA
Company_620,Retail,53.2,70.2,40.7,2015,6,A
Company_620,Retail,52.9,74.0,37.6,2016,6,A
Company_620,Retail,55.8,74.8,37.5,2017,6,A
Company_620,Retail,56.8,75.8,37.7,2018,6,A
Company_620,Retail,59.4,78.1,38.2,2019,6,A
Company_620,Retail,58.4,81.5,37.0,2020,6,A
Company_620,Retail,55.6,78.0,37.7,2021,6,A
Company_620,Retail,57.5,77.6,37.5,2022,6,A
Company_620,Retail,57.6,75.1,40.3,2023,6,A
Company_620,Retail,57.1,73.7,43.1,2024,6,A
Company_620,Retail,56.1,71.8,43.1,2025,6,A
Company_621,Transportation,33.6,76.8,79.1,2015,5,AA
Company_621,Transportation,33.2,76.3,77.5,2016,5,AA
Company_621,Transportation,32.0,75.4,80.0,2017,5,AA
Company_621,Transportation,31.6,77.8,80.5,2018,5,AA
Company_621,Transportation,31.1,79.3,79.0,2019,5,AA
Company_621,Transportation,31.5,81.1,82.0,2020,5,AA
Company_621,Transportation,31.3,80.6,83.0,2021,5,AA
Company_621,Transportation,30.4,80.2,79.4,2022,5,AA
Company_621,Transportation,29.9,79.2,79.7,2023,5,AA
Company_621,Transportation,29.6,80.1,81.9,2024,5,AA
Company_621,Transportation,31.3,83.4,80.5,2025,5,AA
Company_622,Transportation,14.3,17.9,29.4,2015,3,CCC
Company_622,Transportation,12.7,17.1,31.5,2016,3,CCC
Company_622,Transportation,15.9,20.4,32.9,2017,3,CCC
Company_622,Transportation,18.5,23.7,31.5,2018,3,CCC
Company_622,Transportation,19.8,19.8,33.3,2019,3,CCC
Company_622,Transportation,17.3,20.9,34.4,2020,3,CCC
Company_622,Transportation,18.8,19.3,36.7,2021,3,CCC
Company_622,Transportation,19.2,19.9,40.2,2022,3,CCC
Company_622,Transportation,21.9,21.0,41.4,2023,3,CCC
Company_622,Transportation,22.7,22.6,45.2,2024,3,BB
Company_622,Transportation,23.6,23.2,45.0,2025,3,BB
Company_623,Consumer Goods,27.7,46.9,78.3,2015,5,A
Company_623,Consumer Goods,27.7,45.1,81.9,2016,5,A
Company_623,Consumer Goods,27.6,44.6,84.1,2017,5,A
Company_623,Consumer Goods,29.0,44.0,84.9,2018,5,A
Company_623,Consumer Goods,31.6,44.9,85.7,2019,5,A
Company_623,Consumer Goods,29.6,48.9,87.3,2020,5,A
Company_623,Consumer Goods,34.9,52.2,87.8,2021,5,A
Company_623,Consumer Goods,37.5,52.4,86.2,2022,5,A
Company_623,Consumer Goods,38.7,54.1,88.7,2023,5,AA
Company_623,Consumer Goods,38.5,54.8,88.5,2024,5,AA
Company_623,Consumer Goods,39.0,56.5,87.1,2025,5,AA
Company_624,Healthcare,50.7,28.0,59.7,2015,0,BBB
Company_624,Healthcare,50.6,28.2,60.5,2016,0,BBB
Company_624,Healthcare,52.4,27.5,61.7,2017,0,BBB
Company_624,Healthcare,54.1,30.6,62.9,2018,0,BBB
Company_624,Healthcare,57.9,29.2,60.4,2019,0,BBB
Company_624,Healthcare,59.8,29.2,61.5,2020,0,A
Company_624,Healthcare,63.7,31.0,57.9,2021,0,A
Company_624,Healthcare,65.1,32.5,58.7,2022,0,A
Company_624,Healthcare,68.1,36.2,60.7,2023,0,A
Company_624,Healthcare,67.2,35.9,59.6,2024,0,A
Company_624,Healthcare,67.2,34.8,58.2,2025,0,A
Company_625,Energy,34.6,29.1,32.5,2015,4,BB
Company_625,Energy,33.9,29.2,37.6,2016,4,BB
Company_625,Energy,34.3,28.6,38.8,2017,4,BB
Company_625,Energy,35.4,31.5,40.3,2018,4,BB
Company_625,Energy,35.2,31.3,37.0,2019,4,BB
Company_625,Energy,36.4,33.7,37.2,2020,4,BB
Company_625,Energy,39.6,37.3,35.7,2021,4,BB
Company_625,Energy,45.2,36.7,38.9,2022,4,BBB
Company_625,Energy,44.8,33.2,41.2,2023,4,BB
Company_625,Energy,43.8,32.1,40.4,2024,4,BB
Company_625,Energy,43.0,32.6,41.4,2025,4,BB
Company_626,Healthcare,49.5,73.9,81.2,2015,2,AA
Company_626,Healthcare,51.2,73.7,85.4,2016,2,AA
Company_626,Healthcare,48.2,76.7,84.4,2017,2,AA
Company_626,Healthcare,50.1,78.2,82.4,2018,2,AA
Company_626,Healthcare,49.1,80.4,82.6,2019,2,AA
Company_626,Healthcare,51.5,80.8,80.3,2020,2,AA
Company_626,Healthcare,50.2,81.3,81.1,2021,2,AA
Company_626,Healthcare,49.4,82.4,81.9,2022,2,AA
Company_626,Healthcare,49.2,81.5,84.8,2023,2,AA
Company_626,Healthcare,50.6,84.6,87.8,2024,2,AA
Company_626,Healthcare,52.6,86.9,90.8,2025,2,AAA
Company_627,Transportation,57.5,12.0,54.6,2015,0,BBB
Company_627,Transportation,57.0,10.9,56.2,2016,0,BBB
Company_627,Transportation,55.9,12.6,58.5,2017,0,BBB
Company_627,Transportation,55.5,13.3,60.1,2018,0,BBB
Company_627,Transportation,55.7,13.0,61.0,2019,0,BBB
Company_627,Transportation,57.7,15.9,61.6,2020,0,BBB
Company_627,Transportation,55.6,18.6,61.2,2021,0,BBB
Company_627,Transportation,57.1,17.3,62.3,2022,0,BBB
Company_627,Transportation,63.5,16.8,61.5,2023,0,BBB
Company_627,Transportation,66.2,15.7,61.9,2024,0,BBB
Company_627,Transportation,70.7,13.7,66.4,2025,0,A
Company_628,Energy,22.0,84.4,68.0,2015,2,A
Company_628,Energy,25.8,83.1,66.6,2016,2,A
Company_628,Energy,24.5,81.7,63.8,2017,2,A
Company_628,Energy,26.6,82.0,64.4,2018,2,A
Company_628,Energy,24.8,84.6,66.4,2019,2,A
Company_628,Energy,27.4,85.1,67.2,2020,2,A
Company_628,Energy,29.7,88.8,67.6,2021,2,AA
Company_628,Energy,32.5,91.6,62.8,2022,2,AA
Company_628,Energy,33.7,89.3,64.0,2023,2,AA
Company_628,Energy,32.9,88.1,64.7,2024,2,AA
Company_628,Energy,33.1,89.2,69.1,2025,2,AA
Company_629,Retail,68.2,55.6,51.6,2015,3,A
Company_629,Retail,66.9,55.9,53.3,2016,3,A
Company_629,Retail,70.8,53.8,54.4,2017,3,A
Company_629,Retail,71.3,53.5,57.1,2018,3,AA
Company_629,Retail,71.0,53.7,56.3,2019,3,AA
Company_629,Retail,69.5,54.1,58.5,2020,3,AA
Company_629,Retail,68.6,59.7,61.4,2021,3,AA
Company_629,Retail,66.8,59.5,62.1,2022,3,AA
Company_629,Retail,66.6,61.0,65.6,2023,3,AA
Company_629,Retail,68.3,61.2,66.1,2024,3,AA
Company_629,Retail,66.4,63.7,68.2,2025,3,AA
Company_630,Consumer Goods,82.7,41.0,62.5,2015,0,AA
Company_630,Consumer Goods,80.3,42.2,62.1,2016,0,AA
Company_630,Consumer Goods,80.8,42.6,62.0,2017,0,AA
Company_630,Consumer Goods,82.6,42.8,61.8,2018,0,AA
Company_630,Consumer Goods,83.3,43.7,61.8,2019,0,AA
Company_630,Consumer Goods,88.1,44.4,62.1,2020,0,AA
Company_630,Consumer Goods,89.0,47.5,64.4,2021,0,AA
Company_630,Consumer Goods,91.5,48.8,63.5,2022,0,AA
Company_630,Consumer Goods,87.1,52.4,62.1,2023,0,AA
Company_630,Consumer Goods,86.7,58.4,65.4,2024,0,AA
Company_630,Consumer Goods,86.4,57.1,64.2,2025,0,AA
Company_631,Manufacturing,28.8,31.5,29.2,2015,5,CCC
Company_631,Manufacturing,31.5,32.4,28.1,2016,5,BB
Company_631,Manufacturing,30.7,31.0,27.7,2017,5,CCC
Company_631,Manufacturing,29.9,29.8,30.0,2018,5,CCC
Company_631,Manufacturing,31.3,34.9,29.1,2019,5,BB
Company_631,Manufacturing,34.5,35.7,29.8,2020,5,BB
Company_631,Manufacturing,35.6,34.4,28.3,2021,5,BB
Company_631,Manufacturing,37.9,35.5,29.1,2022,5,BB
Company_631,Manufacturing,39.7,37.2,36.0,2023,5,BB
Company_631,Manufacturing,43.9,37.6,37.7,2024,5,BB
Company_631,Manufacturing,45.9,42.7,36.4,2025,5,BBB
Company_632,Transportation,46.5,26.5,57.5,2015,2,BBB
Company_632,Transportation,48.0,29.1,58.7,2016,2,BBB
Company_632,Transportation,51.3,28.8,59.4,2017,2,BBB
Company_632,Transportation,53.6,29.7,64.7,2018,2,BBB
Company_632,Transportation,53.1,28.8,69.1,2019,2,A
Company_632,Transportation,53.9,29.7,71.9,2020,2,A
Company_632,Transportation,55.5,28.8,73.7,2021,2,A
Company_632,Transportation,56.1,29.8,72.8,2022,2,A
Company_632,Transportation,61.1,30.9,75.0,2023,2,A
Company_632,Transportation,63.0,30.0,73.3,2024,2,A
Company_632,Transportation,64.4,34.6,73.8,2025,2,A
Company_633,Utilities,43.8,67.1,66.6,2015,2,A
Company_633,Utilities,44.9,67.9,68.3,2016,2,AA
Company_633,Utilities,47.3,66.7,71.6,2017,2,AA
Company_633,Utilities,50.6,63.8,72.2,2018,2,AA
Company_633,Utilities,51.8,62.8,68.8,2019,2,AA
Company_633,Utilities,54.0,63.0,72.5,2020,2,AA
Company_633,Utilities,54.9,68.2,74.7,2021,2,AA
Company_633,Utilities,56.8,72.7,74.5,2022,2,AA
Company_633,Utilities,58.0,72.0,76.1,2023,2,AA
Company_633,Utilities,58.4,69.9,74.0,2024,2,AA
Company_633,Utilities,60.8,68.5,72.6,2025,2,AA
Company_634,Healthcare,31.5,58.6,49.5,2015,2,BBB
Company_634,Healthcare,33.0,62.2,49.9,2016,2,BBB
Company_634,Healthcare,35.7,60.9,49.7,2017,2,BBB
Company_634,Healthcare,33.5,63.4,48.0,2018,2,BBB
Company_634,Healthcare,35.7,65.4,47.7,2019,2,BBB
Company_634,Healthcare,35.4,66.8,43.4,2020,2,BBB
Company_634,Healthcare,35.2,63.2,44.8,2021,2,BBB
Company_634,Healthcare,35.3,64.3,45.0,2022,2,BBB
Company_634,Healthcare,37.5,69.0,47.1,2023,2,A
Company_634,Healthcare,39.7,68.3,48.9,2024,2,A
Company_634,Healthcare,40.3,65.1,50.0,2025,2,A
Company_635,Transportation,59.1,28.1,30.1,2015,3,BB
Company_635,Transportation,59.4,25.3,29.8,2016,3,BB
Company_635,Transportation,62.1,28.3,32.9,2017,3,BBB
Company_635,Transportation,61.9,28.3,30.4,2018,3,BBB
Company_635,Transportation,61.7,29.1,32.2,2019,3,BBB
Company_635,Transportation,59.2,30.6,36.7,2020,3,BBB
Company_635,Transportation,63.0,27.6,34.5,2021,3,BBB
Company_635,Transportation,62.6,29.9,37.1,2022,3,BBB
Company_635,Transportation,67.2,29.9,35.8,2023,3,BBB
Company_635,Transportation,73.2,30.4,37.8,2024,3,BBB
Company_635,Transportation,72.4,28.7,40.3,2025,3,BBB
Company_636,Consumer Goods,50.4,63.1,52.1,2015,3,A
Company_636,Consumer Goods,52.5,65.9,51.1,2016,3,A
Company_636,Consumer Goods,55.8,60.6,52.7,2017,3,A
Company_636,Consumer Goods,59.3,59.7,50.1,2018,3,A
Company_636,Consumer Goods,60.0,60.9,52.1,2019,3,A
Company_636,Consumer Goods,61.0,62.1,49.3,2020,3,A
Company_636,Consumer Goods,60.4,64.4,51.3,2021,3,A
Company_636,Consumer Goods,61.5,65.1,48.7,2022,3,A
Company_636,Consumer Goods,64.3,64.3,50.0,2023,3,A
Company_636,Consumer Goods,64.9,62.5,52.4,2024,3,A
Company_636,Consumer Goods,65.2,63.9,52.3,2025,3,AA
Company_637,Utilities,18.3,93.4,38.2,2015,6,BBB
Company_637,Utilities,21.9,92.4,39.1,2016,6,A
Company_637,Utilities,22.0,95.3,35.9,2017,6,A
Company_637,Utilities,22.0,96.1,36.6,2018,6,A
Company_637,Utilities,22.9,97.9,40.2,2019,6,A
Company_637,Utilities,25.6,99.7,40.1,2020,6,A
Company_637,Utilities,27.3,99.6,41.5,2021,6,A
Company_637,Utilities,29.1,98.2,40.6,2022,6,A
Company_637,Utilities,31.6,99.4,41.3,2023,6,A
Company_637,Utilities,31.5,99.8,41.6,2024,6,A
Company_637,Utilities,35.5,100.0,42.2,2025,6,A
Company_638,Healthcare,65.6,42.9,88.4,2015,6,AA
Company_638,Healthcare,66.2,40.9,90.5,2016,6,AA
Company_638,Healthcare,70.8,41.3,87.9,2017,6,AA
Company_638,Healthcare,73.7,42.9,87.2,2018,6,AA
Company_638,Healthcare,75.6,47.3,87.5,2019,6,AA
Company_638,Healthcare,76.8,45.7,89.1,2020,6,AA
Company_638,Healthcare,77.4,50.1,88.6,2021,6,AA
Company_638,Healthcare,76.4,54.7,85.5,2022,6,AA
Company_638,Healthcare,76.8,56.9,88.9,2023,6,AA
Company_638,Healthcare,76.9,58.5,92.0,2024,6,AAA
Company_638,Healthcare,76.4,57.8,94.8,2025,6,AAA
Company_639,Healthcare,15.3,31.8,21.7,2015,3,CCC
Company_639,Healthcare,18.6,33.6,24.9,2016,3,CCC
Company_639,Healthcare,21.5,33.1,27.8,2017,3,CCC
Company_639,Healthcare,20.9,32.1,27.5,2018,3,CCC
Company_639,Healthcare,21.7,32.0,25.5,2019,3,CCC
Company_639,Healthcare,22.9,32.3,25.3,2020,3,CCC
Company_639,Healthcare,23.1,32.9,24.9,2021,3,CCC
Company_639,Healthcare,23.1,32.4,26.0,2022,3,CCC
Company_639,Healthcare,21.5,30.0,27.1,2023,3,CCC
Company_639,Healthcare,22.1,31.2,27.4,2024,3,CCC
Company_639,Healthcare,21.9,31.3,27.9,2025,3,CCC
Company_640,Finance,84.5,71.7,18.4,2015,0,A
Company_640,Finance,83.3,75.0,18.2,2016,0,A
Company_640,Finance,85.6,76.9,17.7,2017,0,AA
Company_640,Finance,88.3,75.8,18.2,2018,0,AA
Company_640,Finance,86.3,74.9,14.2,2019,0,A
Company_640,Finance,84.6,75.8,13.2,2020,0,A
Company_640,Finance,86.6,77.2,13.8,2021,0,A
Company_640,Finance,90.2,75.9,12.0,2022,0,A
Company_640,Finance,89.1,74.8,15.0,2023,0,A
Company_640,Finance,87.7,73.7,16.1,2024,0,A
Company_640,Finance,90.2,73.0,17.1,2025,0,AA
Company_641,Manufacturing,26.4,47.9,53.5,2015,3,BBB
Company_641,Manufacturing,28.4,45.9,55.8,2016,3,BBB
Company_641,Manufacturing,30.8,44.4,58.8,2017,3,BBB
Company_641,Manufacturing,31.3,47.1,58.9,2018,3,BBB
Company_641,Manufacturing,33.9,48.0,58.1,2019,3,BBB
Company_641,Manufacturing,37.2,47.3,59.8,2020,3,BBB
Company_641,Manufacturing,40.1,50.0,62.6,2021,3,A
Company_641,Manufacturing,40.4,53.1,62.5,2022,3,A
Company_641,Manufacturing,40.5,51.6,58.7,2023,3,A
Company_641,Manufacturing,42.7,49.6,61.4,2024,3,A
Company_641,Manufacturing,43.2,48.0,62.1,2025,3,A
Company_642,Retail,74.9,44.7,63.0,2015,2,AA
Company_642,Retail,74.2,47.3,63.7,2016,2,AA
Company_642,Retail,75.1,49.8,63.5,2017,2,AA
Company_642,Retail,76.1,52.3,64.0,2018,2,AA
Company_642,Retail,77.5,51.6,62.1,2019,2,AA
Company_642,Retail,78.0,52.4,62.7,2020,2,AA
Company_642,Retail,76.2,57.0,64.1,2021,2,AA
Company_642,Retail,74.2,56.6,62.6,2022,2,AA
Company_642,Retail,74.9,56.6,59.9,2023,2,AA
Company_642,Retail,78.8,52.8,63.4,2024,2,AA
Company_642,Retail,80.4,52.7,61.9,2025,2,AA
Company_643,Manufacturing,43.0,68.8,85.6,2015,1,AA
Company_643,Manufacturing,47.1,68.3,84.5,2016,1,AA
Company_643,Manufacturing,48.2,64.9,87.4,2017,1,AA
Company_643,Manufacturing,46.8,69.9,90.0,2018,1,AA
Company_643,Manufacturing,47.1,69.5,88.8,2019,1,AA
Company_643,Manufacturing,49.5,70.0,85.6,2020,1,AA
Company_643,Manufacturing,49.9,69.8,90.2,2021,1,AA
Company_643,Manufacturing,49.7,70.0,90.0,2022,1,AA
Company_643,Manufacturing,50.3,72.9,88.7,2023,1,AA
Company_643,Manufacturing,48.8,72.6,88.9,2024,1,AA
Company_643,Manufacturing,49.6,75.4,91.1,2025,1,AA
Company_644,Transportation,17.7,50.0,18.2,2015,0,CCC
Company_644,Transportation,20.6,48.3,18.2,2016,0,CCC
Company_644,Transportation,20.5,46.8,19.4,2017,0,CCC
Company_644,Transportation,20.3,52.3,18.6,2018,0,BB
Company_644,Transportation,19.8,55.6,17.1,2019,0,BB
Company_644,Transportation,21.0,55.8,13.7,2020,0,BB
Company_644,Transportation,22.2,56.6,10.5,2021,0,CCC
Company_644,Transportation,21.9,62.4,11.2,2022,0,BB
Company_644,Transportation,24.3,61.3,14.0,2023,0,BB
Company_644,Transportation,25.9,66.9,13.1,2024,0,BB
Company_644,Transportation,27.3,71.7,10.4,2025,0,BB
Company_645,Finance,79.1,24.8,3.7,2015,4,BB
Company_645,Finance,77.6,25.5,5.9,2016,4,BB
Company_645,Finance,79.0,28.7,5.2,2017,4,BB
Company_645,Finance,82.1,27.8,7.8,2018,4,BB
Company_645,Finance,84.9,28.8,6.4,2019,4,BBB
Company_645,Finance,85.2,31.9,1.1,2020,4,BB
Company_645,Finance,84.9,33.2,3.9,2021,4,BBB
Company_645,Finance,85.9,35.4,6.5,2022,4,BBB
Company_645,Finance,85.5,32.4,5.4,2023,4,BBB
Company_645,Finance,84.7,30.6,6.8,2024,4,BBB
Company_645,Finance,84.9,29.1,6.7,2025,4,BBB
Company_646,Energy,44.4,88.6,93.1,2015,2,AAA
Company_646,Energy,45.4,88.2,91.9,2016,2,AAA
Company_646,Energy,48.1,84.2,94.6,2017,2,AAA
Company_646,Energy,47.0,86.9,96.2,2018,2,AAA
Company_646,Energy,45.8,89.3,98.1,2019,2,AAA
Company_646,Energy,49.8,90.4,98.6,2020,2,AAA
Company_646,Energy,52.5,92.3,99.0,2021,2,AAA
Company_646,Energy,55.6,97.5,100.0,2022,2,AAA
Company_646,Energy,54.6,100.0,100.0,2023,2,AAA
Company_646,Energy,56.2,100.0,99.2,2024,2,AAA
Company_646,Energy,56.3,100.0,97.6,2025,2,AAA
Company_647,Energy,32.0,58.8,76.6,2015,5,A
Company_647,Energy,32.2,57.0,77.6,2016,5,A
Company_647,Energy,32.0,56.2,75.1,2017,5,A
Company_647,Energy,32.2,56.4,74.8,2018,5,A
Company_647,Energy,30.3,53.6,73.6,2019,5,A
Company_647,Energy,32.2,55.5,77.5,2020,5,A
Company_647,Energy,33.0,54.5,78.7,2021,5,A
Company_647,Energy,34.6,53.4,78.2,2022,5,A
Company_647,Energy,36.1,54.3,76.4,2023,5,A
Company_647,Energy,35.4,57.3,80.5,2024,5,A
Company_647,Energy,40.2,57.9,82.6,2025,5,AA
Company_648,Utilities,7.3,9.4,35.4,2015,4,CCC
Company_648,Utilities,8.5,12.4,36.3,2016,4,CCC
Company_648,Utilities,10.9,10.0,39.0,2017,4,CCC
Company_648,Utilities,7.0,9.6,36.7,2018,4,CCC
Company_648,Utilities,5.8,11.9,33.5,2019,4,CCC
Company_648,Utilities,9.7,12.4,34.8,2020,4,CCC
Company_648,Utilities,9.7,19.3,38.3,2021,4,CCC
Company_648,Utilities,10.3,23.9,36.6,2022,4,CCC
Company_648,Utilities,13.5,22.5,36.5,2023,4,CCC
Company_648,Utilities,13.9,25.9,38.6,2024,4,CCC
Company_648,Utilities,13.2,24.7,39.3,2025,4,CCC
Company_649,Finance,88.9,75.1,77.9,2015,6,AAA
Company_649,Finance,89.3,81.1,79.0,2016,6,AAA
Company_649,Finance,86.5,80.4,77.8,2017,6,AAA
Company_649,Finance,83.9,81.2,76.2,2018,6,AAA
Company_649,Finance,82.6,80.6,75.0,2019,6,AAA
Company_649,Finance,87.1,79.2,73.4,2020,6,AAA
Company_649,Finance,89.3,77.1,74.3,2021,6,AAA
Company_649,Finance,87.4,80.5,70.0,2022,6,AAA
Company_649,Finance,87.4,79.6,72.5,2023,6,AAA
Company_649,Finance,92.8,79.7,71.6,2024,6,AAA
Company_649,Finance,94.1,80.0,70.2,2025,6,AAA
Company_650,Healthcare,42.7,36.7,85.2,2015,1,A
Company_650,Healthcare,39.6,35.1,83.2,2016,1,A
Company_650,Healthcare,41.2,37.1,85.1,2017,1,A
Company_650,Healthcare,43.7,37.3,83.9,2018,1,A
Company_650,Healthcare,44.4,38.6,87.1,2019,1,A
Company_650,Healthcare,43.6,41.8,83.5,2020,1,A
Company_650,Healthcare,44.2,42.0,86.5,2021,1,A
Company_650,Healthcare,44.8,40.8,86.6,2022,1,A
Company_650,Healthcare,44.5,40.4,85.9,2023,1,A
Company_650,Healthcare,42.5,42.0,87.1,2024,1,A
Company_650,Healthcare,43.9,46.0,92.8,2025,1,AA
Company_651,Energy,27.2,87.1,63.3,2015,6,A
Company_651,Energy,28.8,85.4,62.2,2016,6,A
Company_651,Energy,30.1,85.9,61.6,2017,6,A
Company_651,Energy,29.4,87.2,62.2,2018,6,A
Company_651,Energy,26.9,89.3,60.3,2019,6,A
Company_651,Energy,26.1,88.1,61.1,2020,6,A
Company_651,Energy,26.8,88.4,59.0,2021,6,A
Company_651,Energy,26.1,87.1,61.7,2022,6,A
Company_651,Energy,27.4,85.9,62.6,2023,6,A
Company_651,Energy,27.5,84.4,59.3,2024,6,A
Company_651,Energy,27.4,87.0,60.7,2025,6,A
Company_652,Finance,87.5,25.5,16.7,2015,3,BBB
Company_652,Finance,86.0,28.0,15.5,2016,3,BBB
Company_652,Finance,86.4,29.2,15.5,2017,3,BBB
Company_652,Finance,90.6,27.8,16.3,2018,3,BBB
Company_652,Finance,90.2,27.5,16.4,2019,3,BBB
Company_652,Finance,90.9,28.7,15.3,2020,3,BBB
Company_652,Finance,88.7,28.0,14.8,2021,3,BBB
Company_652,Finance,90.9,27.2,15.1,2022,3,BBB
Company_652,Finance,89.6,24.7,12.3,2023,3,BBB
Company_652,Finance,92.3,24.4,13.3,2024,3,BBB
Company_652,Finance,97.1,24.4,11.8,2025,3,BBB
Company_653,Energy,20.9,85.1,65.8,2015,5,A
Company_653,Energy,22.2,86.3,64.6,2016,5,A
Company_653,Energy,23.0,87.3,62.9,2017,5,A
Company_653,Energy,25.0,90.6,58.2,2018,5,A
Company_653,Energy,27.9,92.2,60.5,2019,5,AA
Company_653,Energy,30.6,90.6,62.9,2020,5,AA
Company_653,Energy,33.4,94.5,65.0,2021,5,AA
Company_653,Energy,35.5,93.1,64.5,2022,5,AA
Company_653,Energy,36.0,94.6,65.3,2023,5,AA
Company_653,Energy,36.7,93.0,65.6,2024,5,AA
Company_653,Energy,41.1,94.4,66.6,2025,5,AA
Company_654,Energy,59.7,38.2,68.6,2015,6,A
Company_654,Energy,59.2,39.4,69.3,2016,6,A
Company_654,Energy,60.3,39.3,72.0,2017,6,A
Company_654,Energy,63.7,37.6,72.0,2018,6,A
Company_654,Energy,69.1,38.3,75.7,2019,6,AA
Company_654,Energy,69.4,37.7,75.5,2020,6,AA
Company_654,Energy,72.4,39.9,74.6,2021,6,AA
Company_654,Energy,72.3,39.1,78.3,2022,6,AA
Company_654,Energy,70.1,40.9,78.0,2023,6,AA
Company_654,Energy,69.8,41.5,80.5,2024,6,AA
Company_654,Energy,67.1,44.4,79.4,2025,6,AA
Company_655,Finance,88.7,22.7,21.8,2015,4,BBB
Company_655,Finance,90.1,21.3,22.5,2016,4,BBB
Company_655,Finance,88.4,20.2,22.7,2017,4,BBB
Company_655,Finance,90.5,19.5,22.1,2018,4,BBB
Company_655,Finance,90.3,19.9,19.6,2019,4,BBB
Company_655,Finance,92.4,22.4,19.8,2020,4,BBB
Company_655,Finance,96.6,26.7,22.1,2021,4,BBB
Company_655,Finance,97.7,26.1,19.7,2022,4,BBB
Company_655,Finance,98.5,28.1,21.7,2023,4,BBB
Company_655,Finance,98.7,29.2,23.7,2024,4,A
Company_655,Finance,98.8,29.5,24.6,2025,4,A
Company_656,Finance,99.9,64.8,51.3,2015,3,AA
Company_656,Finance,100.0,65.2,54.5,2016,3,AA
Company_656,Finance,100.0,60.7,57.2,2017,3,AA
Company_656,Finance,100.0,58.2,57.8,2018,3,AA
Company_656,Finance,98.5,59.4,57.6,2019,3,AA
Company_656,Finance,100.0,60.5,58.7,2020,3,AA
Company_656,Finance,96.7,59.6,56.6,2021,3,AA
Company_656,Finance,96.2,59.8,56.7,2022,3,AA
Company_656,Finance,93.0,60.9,55.3,2023,3,AA
Company_656,Finance,90.2,59.4,57.0,2024,3,AA
Company_656,Finance,90.6,61.8,56.4,2025,3,AA
Company_657,Manufacturing,40.1,93.2,58.5,2015,2,AA
Company_657,Manufacturing,40.6,92.6,58.5,2016,2,AA
Company_657,Manufacturing,40.6,91.3,60.4,2017,2,AA
Company_657,Manufacturing,41.7,92.0,62.2,2018,2,AA
Company_657,Manufacturing,43.4,94.5,61.0,2019,2,AA
Company_657,Manufacturing,42.4,93.7,59.7,2020,2,AA
Company_657,Manufacturing,44.7,97.3,62.0,2021,2,AA
Company_657,Manufacturing,48.1,97.6,62.6,2022,2,AA
Company_657,Manufacturing,46.8,100.0,65.8,2023,2,AA
Company_657,Manufacturing,46.8,100.0,68.0,2024,2,AA
Company_657,Manufacturing,47.9,100.0,70.1,2025,2,AA
Company_658,Utilities,60.0,47.4,55.5,2015,5,A
Company_658,Utilities,57.9,48.8,61.9,2016,5,A
Company_658,Utilities,58.8,48.1,63.4,2017,5,A
Company_658,Utilities,60.8,46.8,66.1,2018,5,A
Company_658,Utilities,60.7,49.6,64.2,2019,5,A
Company_658,Utilities,61.5,48.3,67.8,2020,5,A
Company_658,Utilities,64.4,45.9,64.7,2021,5,A
Company_658,Utilities,65.2,44.7,65.6,2022,5,A
Company_658,Utilities,66.9,46.0,69.1,2023,5,AA
Company_658,Utilities,67.7,43.1,75.0,2024,5,AA
Company_658,Utilities,70.5,43.1,77.3,2025,5,AA
Company_659,Technology,75.7,19.8,32.3,2015,4,BBB
Company_659,Technology,77.0,21.1,34.7,2016,4,BBB
Company_659,Technology,77.8,23.9,35.7,2017,4,BBB
Company_659,Technology,79.2,22.7,34.2,2018,4,BBB
Company_659,Technology,83.4,21.3,30.8,2019,4,BBB
Company_659,Technology,84.7,20.8,31.7,2020,4,BBB
Company_659,Technology,82.8,17.8,33.6,2021,4,BBB
Company_659,Technology,80.7,17.9,35.5,2022,4,BBB
Company_659,Technology,84.3,17.9,37.4,2023,4,BBB
Company_659,Technology,84.3,18.2,35.4,2024,4,BBB
Company_659,Technology,86.0,16.3,36.7,2025,4,BBB
Company_660,Consumer Goods,18.5,41.2,22.0,2015,0,CCC
Company_660,Consumer Goods,20.3,45.9,21.1,2016,0,CCC
Company_660,Consumer Goods,21.3,46.7,18.1,2017,0,CCC
Company_660,Consumer Goods,16.9,48.3,15.8,2018,0,CCC
Company_660,Consumer Goods,19.2,47.2,17.3,2019,0,CCC
Company_660,Consumer Goods,19.0,46.5,17.2,2020,0,CCC
Company_660,Consumer Goods,21.3,51.1,18.5,2021,0,BB
Company_660,Consumer Goods,21.2,50.6,15.5,2022,0,CCC
Company_660,Consumer Goods,19.0,51.2,14.6,2023,0,CCC
Company_660,Consumer Goods,17.2,52.7,19.5,2024,0,CCC
Company_660,Consumer Goods,20.5,52.5,19.7,2025,0,BB
Company_661,Retail,52.1,94.3,87.6,2015,2,AAA
Company_661,Retail,50.1,90.8,88.3,2016,2,AAA
Company_661,Retail,48.5,90.0,86.5,2017,2,AAA
Company_661,Retail,47.4,91.0,85.5,2018,2,AA
Company_661,Retail,46.4,93.3,85.1,2019,2,AA
Company_661,Retail,47.5,95.6,86.9,2020,2,AAA
Company_661,Retail,50.1,96.7,87.5,2021,2,AAA
Company_661,Retail,47.4,95.3,90.1,2022,2,AAA
Company_661,Retail,47.0,94.6,89.1,2023,2,AAA
Company_661,Retail,50.6,92.7,87.5,2024,2,AAA
Company_661,Retail,48.8,90.5,89.5,2025,2,AAA
Company_662,Finance,95.7,20.6,49.4,2015,4,A
Company_662,Finance,96.7,21.4,48.0,2016,4,A
Company_662,Finance,100.0,21.5,52.4,2017,4,A
Company_662,Finance,100.0,22.8,51.2,2018,4,A
Company_662,Finance,100.0,24.4,54.2,2019,4,A
Company_662,Finance,97.3,25.7,55.3,2020,4,A
Company_662,Finance,97.3,26.8,57.8,2021,4,AA
Company_662,Finance,98.3,27.2,56.2,2022,4,AA
Company_662,Finance,99.4,28.8,55.0,2023,4,AA
Company_662,Finance,100.0,29.6,54.4,2024,4,AA
Company_662,Finance,97.9,31.9,55.1,2025,4,AA
Company_663,Finance,98.6,71.1,20.8,2015,1,AA
Company_663,Finance,97.9,73.8,22.8,2016,1,AA
Company_663,Finance,94.4,75.3,22.8,2017,1,AA
Company_663,Finance,96.1,77.6,24.5,2018,1,AA
Company_663,Finance,98.8,78.3,24.5,2019,1,AA
Company_663,Finance,100.0,75.2,24.5,2020,1,AA
Company_663,Finance,100.0,75.8,24.9,2021,1,AA
Company_663,Finance,99.5,78.0,25.9,2022,1,AA
Company_663,Finance,100.0,80.6,24.7,2023,1,AA
Company_663,Finance,100.0,83.3,25.3,2024,1,AA
Company_663,Finance,99.2,82.9,22.1,2025,1,AA
Company_664,Finance,92.4,70.7,32.6,2015,3,AA
Company_664,Finance,91.6,73.6,35.1,2016,3,AA
Company_664,Finance,92.5,75.0,36.3,2017,3,AA
Company_664,Finance,92.5,77.3,38.3,2018,3,AA
Company_664,Finance,95.4,77.7,42.0,2019,3,AA
Company_664,Finance,95.1,77.6,44.2,2020,3,AA
Company_664,Finance,93.9,78.5,45.1,2021,3,AA
Company_664,Finance,93.0,79.0,45.4,2022,3,AA
Company_664,Finance,95.4,77.7,47.3,2023,3,AA
Company_664,Finance,92.7,79.5,46.1,2024,3,AA
Company_664,Finance,91.7,79.5,47.0,2025,3,AA
Company_665,Technology,62.7,46.0,65.8,2015,1,A
Company_665,Technology,61.2,44.8,66.4,2016,1,A
Company_665,Technology,63.5,43.0,66.6,2017,1,A
Company_665,Technology,64.3,41.6,68.1,2018,1,A
Company_665,Technology,64.4,40.7,65.5,2019,1,A
Company_665,Technology,66.6,41.9,65.3,2020,1,A
Company_665,Technology,69.1,42.9,63.0,2021,1,A
Company_665,Technology,70.3,41.6,67.0,2022,1,A
Company_665,Technology,70.5,42.6,68.8,2023,1,AA
Company_665,Technology,71.5,48.2,68.4,2024,1,AA
Company_665,Technology,71.5,47.2,71.6,2025,1,AA
Company_666,Finance,63.8,35.6,1.2,2015,4,BB
Company_666,Finance,68.8,33.9,2.0,2016,4,BB
Company_666,Finance,71.9,37.1,3.8,2017,4,BB
Company_666,Finance,71.9,37.1,4.2,2018,4,BB
Company_666,Finance,73.3,37.8,6.9,2019,4,BB
Company_666,Finance,74.6,40.5,9.9,2020,4,BBB
Company_666,Finance,76.4,42.1,11.6,2021,4,BBB
Company_666,Finance,79.4,43.8,12.7,2022,4,BBB
Company_666,Finance,81.1,44.6,14.0,2023,4,BBB
Company_666,Finance,75.5,44.3,14.5,2024,4,BBB
Company_666,Finance,75.7,44.2,17.6,2025,4,BBB
Company_667,Consumer Goods,38.2,28.7,20.1,2015,5,CCC
Company_667,Consumer Goods,36.2,32.7,23.8,2016,5,BB
Company_667,Consumer Goods,41.7,29.1,23.9,2017,5,BB
Company_667,Consumer Goods,45.0,30.4,23.8,2018,5,BB
Company_667,Consumer Goods,44.2,35.6,25.0,2019,5,BB
Company_667,Consumer Goods,44.2,31.1,27.2,2020,5,BB
Company_667,Consumer Goods,46.2,36.7,26.2,2021,5,BB
Company_667,Consumer Goods,49.0,40.3,25.2,2022,5,BB
Company_667,Consumer Goods,50.9,41.2,25.3,2023,5,BB
Company_667,Consumer Goods,54.7,40.3,26.3,2024,5,BBB
Company_667,Consumer Goods,53.9,42.3,27.2,2025,5,BBB
Company_668,Retail,92.7,47.0,28.2,2015,4,A
Company_668,Retail,92.3,48.7,27.1,2016,4,A
Company_668,Retail,93.7,50.2,28.0,2017,4,A
Company_668,Retail,94.5,56.7,31.1,2018,4,AA
Company_668,Retail,94.2,54.6,33.4,2019,4,AA
Company_668,Retail,98.3,56.9,36.3,2020,4,AA
Company_668,Retail,98.0,55.2,39.2,2021,4,AA
Company_668,Retail,100.0,56.0,41.0,2022,4,AA
Company_668,Retail,100.0,56.4,45.1,2023,4,AA
Company_668,Retail,99.0,60.2,45.2,2024,4,AA
Company_668,Retail,100.0,59.2,47.9,2025,4,AA
Company_669,Retail,41.4,27.3,40.7,2015,4,BB
Company_669,Retail,40.8,28.6,42.5,2016,4,BB
Company_669,Retail,40.4,29.4,43.7,2017,4,BB
Company_669,Retail,39.6,33.3,43.3,2018,4,BB
Company_669,Retail,42.2,31.5,42.3,2019,4,BB
Company_669,Retail,42.3,34.0,41.8,2020,4,BB
Company_669,Retail,45.2,32.5,43.2,2021,4,BBB
Company_669,Retail,46.6,29.2,42.6,2022,4,BB
Company_669,Retail,47.0,33.3,44.3,2023,4,BBB
Company_669,Retail,45.1,31.9,43.9,2024,4,BBB
Company_669,Retail,44.2,31.0,44.1,2025,4,BB
Company_670,Technology,78.2,9.2,29.2,2015,4,BB
Company_670,Technology,77.1,11.0,28.8,2016,4,BB
Company_670,Technology,78.8,11.2,27.9,2017,4,BB
Company_670,Technology,78.8,10.5,29.8,2018,4,BB
Company_670,Technology,76.3,9.3,29.5,2019,4,BB
Company_670,Technology,77.7,9.0,29.0,2020,4,BB
Company_670,Technology,79.0,10.3,30.7,2021,4,BBB
Company_670,Technology,81.2,7.6,30.3,2022,4,BB
Company_670,Technology,86.7,7.3,33.4,2023,4,BBB
Company_670,Technology,86.3,11.0,33.5,2024,4,BBB
Company_670,Technology,86.3,11.9,36.8,2025,4,BBB
Company_671,Technology,69.8,39.5,32.1,2015,4,BBB
Company_671,Technology,73.2,39.8,30.5,2016,4,BBB
Company_671,Technology,72.3,41.7,30.4,2017,4,BBB
Company_671,Technology,73.7,41.5,28.1,2018,4,BBB
Company_671,Technology,76.9,41.4,25.4,2019,4,BBB
Company_671,Technology,77.8,40.5,27.8,2020,4,BBB
Company_671,Technology,77.9,39.8,27.0,2021,4,BBB
Company_671,Technology,83.4,39.8,29.1,2022,4,A
Company_671,Technology,85.1,38.2,30.8,2023,4,A
Company_671,Technology,87.1,41.8,32.4,2024,4,A
Company_671,Technology,87.5,42.6,34.2,2025,4,A
Company_672,Finance,99.6,35.1,16.3,2015,4,A
Company_672,Finance,100.0,39.1,17.6,2016,4,A
Company_672,Finance,99.8,40.0,16.7,2017,4,A
Company_672,Finance,96.8,39.6,17.0,2018,4,A
Company_672,Finance,96.4,37.5,20.3,2019,4,A
Company_672,Finance,98.5,37.8,20.3,2020,4,A
Company_672,Finance,97.1,36.8,18.9,2021,4,A
Company_672,Finance,98.5,36.2,17.2,2022,4,A
Company_672,Finance,100.0,33.2,15.4,2023,4,BBB
Company_672,Finance,100.0,31.7,17.7,2024,4,BBB
Company_672,Finance,99.2,27.4,16.6,2025,4,BBB
Company_673,Healthcare,41.3,46.4,84.4,2015,3,A
Company_673,Healthcare,42.9,45.6,83.0,2016,3,A
Company_673,Healthcare,42.5,46.8,82.6,2017,3,A
Company_673,Healthcare,46.3,46.6,83.5,2018,3,A
Company_673,Healthcare,45.2,45.8,86.4,2019,3,A
Company_673,Healthcare,42.5,46.3,86.0,2020,3,A
Company_673,Healthcare,43.3,46.1,86.7,2021,3,A
Company_673,Healthcare,44.2,46.4,87.8,2022,3,A
Company_673,Healthcare,48.9,44.1,86.1,2023,3,A
Company_673,Healthcare,50.8,44.6,87.7,2024,3,AA
Company_673,Healthcare,52.2,45.8,92.2,2025,3,AA
Company_674,Finance,71.7,41.9,48.4,2015,0,A
Company_674,Finance,74.0,40.2,49.6,2016,0,A
Company_674,Finance,77.2,44.1,48.9,2017,0,A
Company_674,Finance,77.9,45.2,46.7,2018,0,A
Company_674,Finance,78.2,47.9,47.8,2019,0,A
Company_674,Finance,75.7,48.0,45.6,2020,0,A
Company_674,Finance,78.3,48.7,44.6,2021,0,A
Company_674,Finance,79.5,46.2,44.8,2022,0,A
Company_674,Finance,80.6,47.4,46.5,2023,0,A
Company_674,Finance,78.8,44.8,47.0,2024,0,A
Company_674,Finance,80.0,46.7,44.6,2025,0,A
Company_675,Transportation,63.4,96.7,61.9,2015,2,AA
Company_675,Transportation,65.9,96.9,65.5,2016,2,AAA
Company_675,Transportation,66.4,95.7,68.4,2017,2,AAA
Company_675,Transportation,64.9,94.6,65.1,2018,2,AA
Company_675,Transportation,64.7,97.9,65.6,2019,2,AAA
Company_675,Transportation,69.1,95.9,65.7,2020,2,AAA
Company_675,Transportation,67.8,95.0,67.7,2021,2,AAA
Company_675,Transportation,68.1,96.2,69.4,2022,2,AAA
Company_675,Transportation,67.3,98.6,71.1,2023,2,AAA
Company_675,Transportation,68.7,100.0,69.7,2024,2,AAA
Company_675,Transportation,71.6,100.0,70.9,2025,2,AAA
Company_676,Transportation,22.7,43.8,18.8,2015,4,CCC
Company_676,Transportation,23.5,47.4,20.3,2016,4,BB
Company_676,Transportation,24.6,47.7,21.9,2017,4,BB
Company_676,Transportation,25.7,51.8,18.8,2018,4,BB
Company_676,Transportation,22.2,52.1,15.4,2019,4,CCC
Company_676,Transportation,20.4,51.4,14.0,2020,4,CCC
Company_676,Transportation,22.8,54.3,14.5,2021,4,BB
Company_676,Transportation,21.0,53.3,15.8,2022,4,BB
Company_676,Transportation,22.6,56.0,15.0,2023,4,BB
Company_676,Transportation,24.1,54.2,15.5,2024,4,BB
Company_676,Transportation,28.7,51.9,17.4,2025,4,BB
Company_677,Utilities,28.3,31.9,64.1,2015,6,BBB
Company_677,Utilities,29.0,32.0,67.3,2016,6,BBB
Company_677,Utilities,30.1,31.0,65.6,2017,6,BBB
Company_677,Utilities,35.0,32.4,64.1,2018,6,BBB
Company_677,Utilities,38.5,33.2,64.5,2019,6,BBB
Company_677,Utilities,40.6,31.8,65.0,2020,6,BBB
Company_677,Utilities,43.8,33.2,65.2,2021,6,BBB
Company_677,Utilities,43.8,34.0,63.2,2022,6,BBB
Company_677,Utilities,44.6,32.4,65.2,2023,6,BBB
Company_677,Utilities,46.9,33.1,65.2,2024,6,BBB
Company_677,Utilities,48.8,36.8,65.1,2025,6,A
Company_678,Retail,45.7,89.7,70.3,2015,2,AA
Company_678,Retail,47.6,89.2,71.5,2016,2,AA
Company_678,Retail,46.8,93.8,73.3,2017,2,AA
Company_678,Retail,45.2,94.9,73.8,2018,2,AA
Company_678,Retail,50.1,93.6,75.0,2019,2,AA
Company_678,Retail,52.8,98.1,77.1,2020,2,AAA
Company_678,Retail,54.0,99.4,80.8,2021,2,AAA
Company_678,Retail,52.4,98.4,78.4,2022,2,AAA
Company_678,Retail,51.6,98.5,78.9,2023,2,AAA
Company_678,Retail,53.5,94.1,81.8,2024,2,AAA
Company_678,Retail,55.0,89.7,80.6,2025,2,AAA
Company_679,Retail,19.7,34.0,57.1,2015,3,BB
Company_679,Retail,20.5,33.4,59.4,2016,3,BB
Company_679,Retail,26.3,32.4,62.5,2017,3,BBB
Company_679,Retail,26.7,34.5,62.7,2018,3,BBB
Company_679,Retail,28.7,33.9,60.9,2019,3,BBB
Company_679,Retail,31.7,31.4,59.1,2020,3,BBB
Company_679,Retail,29.8,30.5,60.6,2021,3,BBB
Company_679,Retail,31.5,31.9,57.5,2022,3,BBB
Company_679,Retail,33.2,33.0,59.8,2023,3,BBB
Company_679,Retail,33.1,31.8,60.6,2024,3,BBB
Company_679,Retail,36.9,33.2,61.8,2025,3,BBB
Company_680,Healthcare,48.2,45.1,58.0,2015,6,A
Company_680,Healthcare,46.8,45.2,60.0,2016,6,A
Company_680,Healthcare,45.5,45.5,60.1,2017,6,A
Company_680,Healthcare,46.5,48.9,56.5,2018,6,A
Company_680,Healthcare,47.0,50.9,59.7,2019,6,A
Company_680,Healthcare,48.8,48.6,58.8,2020,6,A
Company_680,Healthcare,49.5,46.6,63.3,2021,6,A
Company_680,Healthcare,49.5,45.0,61.8,2022,6,A
Company_680,Healthcare,46.1,44.2,62.9,2023,6,A
Company_680,Healthcare,43.6,44.2,61.3,2024,6,BBB
Company_680,Healthcare,44.3,42.8,59.1,2025,6,BBB
Company_681,Consumer Goods,12.7,64.4,60.3,2015,5,BBB
Company_681,Consumer Goods,11.5,64.8,62.3,2016,5,BBB
Company_681,Consumer Goods,11.5,66.9,62.8,2017,5,BBB
Company_681,Consumer Goods,13.1,69.1,64.8,2018,5,BBB
Company_681,Consumer Goods,11.7,66.2,63.2,2019,5,BBB
Company_681,Consumer Goods,15.0,65.3,60.0,2020,5,BBB
Company_681,Consumer Goods,15.4,65.5,60.4,2021,5,BBB
Company_681,Consumer Goods,17.9,66.8,62.7,2022,5,BBB
Company_681,Consumer Goods,16.3,65.8,60.1,2023,5,BBB
Company_681,Consumer Goods,19.7,65.5,62.2,2024,5,BBB
Company_681,Consumer Goods,19.1,69.8,65.7,2025,5,A
Company_682,Technology,77.3,32.7,10.7,2015,4,BBB
Company_682,Technology,81.8,33.6,11.4,2016,4,BBB
Company_682,Technology,82.8,32.6,14.9,2017,4,BBB
Company_682,Technology,83.9,33.4,13.2,2018,4,BBB
Company_682,Technology,84.0,35.6,17.4,2019,4,BBB
Company_682,Technology,88.1,39.0,16.9,2020,4,BBB
Company_682,Technology,88.5,40.1,15.1,2021,4,BBB
Company_682,Technology,88.3,37.6,16.5,2022,4,BBB
Company_682,Technology,89.8,39.6,17.0,2023,4,BBB
Company_682,Technology,90.1,39.0,13.0,2024,4,BBB
Company_682,Technology,91.6,40.8,18.6,2025,4,A
Company_683,Manufacturing,24.0,36.2,19.0,2015,1,CCC
Company_683,Manufacturing,24.6,34.0,21.4,2016,1,CCC
Company_683,Manufacturing,24.6,36.8,20.2,2017,1,CCC
Company_683,Manufacturing,25.2,36.5,20.9,2018,1,CCC
Company_683,Manufacturing,26.6,37.8,20.4,2019,1,CCC
Company_683,Manufacturing,30.1,37.5,20.7,2020,1,CCC
Company_683,Manufacturing,31.5,36.1,20.0,2021,1,CCC
Company_683,Manufacturing,33.4,36.1,18.9,2022,1,CCC
Company_683,Manufacturing,34.7,38.0,19.8,2023,1,BB
Company_683,Manufacturing,35.7,39.6,20.4,2024,1,BB
Company_683,Manufacturing,39.8,40.8,19.6,2025,1,BB
Company_684,Finance,99.2,73.4,86.7,2015,2,AAA
Company_684,Finance,97.7,74.0,87.4,2016,2,AAA
Company_684,Finance,98.4,73.1,89.5,2017,2,AAA
Company_684,Finance,94.2,70.6,86.5,2018,2,AAA
Company_684,Finance,97.3,71.9,85.3,2019,2,AAA
Company_684,Finance,97.7,71.5,84.5,2020,2,AAA
Company_684,Finance,97.3,70.1,85.2,2021,2,AAA
Company_684,Finance,100.0,66.7,88.4,2022,2,AAA
Company_684,Finance,100.0,71.8,89.6,2023,2,AAA
Company_684,Finance,98.8,76.1,89.6,2024,2,AAA
Company_684,Finance,100.0,73.4,91.8,2025,2,AAA
Company_685,Energy,14.4,54.9,72.1,2015,5,BBB
Company_685,Energy,11.9,57.8,70.7,2016,5,BBB
Company_685,Energy,11.8,56.0,68.6,2017,5,BBB
Company_685,Energy,16.5,55.7,64.9,2018,5,BBB
Company_685,Energy,16.3,56.5,63.7,2019,5,BBB
Company_685,Energy,20.6,55.9,60.9,2020,5,BBB
Company_685,Energy,22.0,54.9,62.9,2021,5,BBB
Company_685,Energy,24.5,55.6,60.0,2022,5,BBB
Company_685,Energy,24.2,57.3,61.6,2023,5,BBB
Company_685,Energy,24.5,61.1,60.3,2024,5,BBB
Company_685,Energy,27.5,60.2,58.4,2025,5,BBB
Company_686,Transportation,21.2,42.6,11.7,2015,4,CCC
Company_686,Transportation,23.2,43.3,12.7,2016,4,CCC
Company_686,Transportation,26.3,42.4,12.5,2017,4,CCC
Company_686,Transportation,26.1,40.8,13.1,2018,4,CCC
Company_686,Transportation,25.7,40.1,13.9,2019,4,CCC
Company_686,Transportation,27.2,43.2,12.0,2020,4,CCC
Company_686,Transportation,27.7,43.1,12.7,2021,4,CCC
Company_686,Transportation,26.7,44.6,16.7,2022,4,CCC
Company_686,Transportation,24.6,47.3,14.6,2023,4,CCC
Company_686,Transportation,26.0,50.3,14.1,2024,4,BB
Company_686,Transportation,29.5,50.4,11.8,2025,4,BB
Company_687,Retail,31.8,60.4,32.7,2015,6,BBB
Company_687,Retail,32.0,59.9,32.4,2016,6,BBB
Company_687,Retail,32.0,60.2,32.6,2017,6,BBB
Company_687,Retail,34.4,60.3,31.7,2018,6,BBB
Company_687,Retail,36.7,63.6,31.0,2019,6,BBB
Company_687,Retail,38.8,65.2,29.5,2020,6,BBB
Company_687,Retail,40.5,67.0,32.4,2021,6,BBB
Company_687,Retail,38.1,66.5,30.4,2022,6,BBB
Company_687,Retail,40.6,66.4,31.9,2023,6,BBB
Company_687,Retail,39.0,66.5,33.5,2024,6,BBB
Company_687,Retail,38.7,69.4,29.6,2025,6,BBB
Company_688,Technology,94.8,12.6,15.9,2015,1,BBB
Company_688,Technology,96.3,13.9,12.9,2016,1,BBB
Company_688,Technology,97.3,11.3,15.5,2017,1,BBB
Company_688,Technology,98.2,14.1,14.8,2018,1,BBB
Company_688,Technology,97.8,14.5,12.4,2019,1,BBB
Company_688,Technology,97.9,14.5,14.5,2020,1,BBB
Company_688,Technology,96.1,15.1,16.2,2021,1,BBB
Company_688,Technology,98.8,15.2,21.6,2022,1,BBB
Company_688,Technology,96.4,16.1,18.8,2023,1,BBB
Company_688,Technology,96.2,16.6,20.0,2024,1,BBB
Company_688,Technology,98.4,21.3,20.1,2025,1,BBB
Company_689,Finance,99.8,37.5,21.6,2015,1,A
Company_689,Finance,95.6,38.3,25.1,2016,1,A
Company_689,Finance,97.3,39.9,29.9,2017,1,A
Company_689,Finance,96.4,38.6,29.3,2018,1,A
Company_689,Finance,99.4,40.7,28.1,2019,1,A
Company_689,Finance,100.0,41.0,28.7,2020,1,A
Company_689,Finance,97.8,43.2,29.0,2021,1,A
Company_689,Finance,99.1,46.5,32.0,2022,1,A
Company_689,Finance,100.0,48.0,31.9,2023,1,A
Company_689,Finance,100.0,45.9,34.6,2024,1,AA
Company_689,Finance,100.0,48.9,36.2,2025,1,AA
Company_690,Finance,89.7,83.9,71.9,2015,2,AAA
Company_690,Finance,92.2,88.7,78.4,2016,2,AAA
Company_690,Finance,92.4,88.2,76.6,2017,2,AAA
Company_690,Finance,93.5,89.0,77.3,2018,2,AAA
Company_690,Finance,92.2,89.4,77.7,2019,2,AAA
Company_690,Finance,94.4,89.0,77.6,2020,2,AAA
Company_690,Finance,96.5,87.2,76.3,2021,2,AAA
Company_690,Finance,98.0,86.4,75.0,2022,2,AAA
Company_690,Finance,97.2,86.9,76.4,2023,2,AAA
Company_690,Finance,97.6,84.8,78.5,2024,2,AAA
Company_690,Finance,100.0,84.1,79.4,2025,2,AAA
Company_691,Healthcare,55.3,77.7,43.6,2015,3,A
Company_691,Healthcare,54.3,73.6,47.5,2016,3,A
Company_691,Healthcare,56.4,71.8,46.4,2017,3,A
Company_691,Healthcare,57.7,71.1,46.9,2018,3,A
Company_691,Healthcare,58.6,72.5,46.7,2019,3,A
Company_691,Healthcare,59.4,70.8,47.5,2020,3,A
Company_691,Healthcare,65.2,75.4,47.9,2021,3,AA
Company_691,Healthcare,67.3,74.3,49.7,2022,3,AA
Company_691,Healthcare,69.4,76.7,51.0,2023,3,AA
Company_691,Healthcare,74.1,79.4,52.7,2024,3,AA
Company_691,Healthcare,77.7,80.7,53.6,2025,3,AA
Company_692,Healthcare,85.5,40.7,74.3,2015,1,AA
Company_692,Healthcare,88.3,46.4,79.2,2016,1,AA
Company_692,Healthcare,89.4,47.2,82.3,2017,1,AA
Company_692,Healthcare,92.3,50.2,83.7,2018,1,AAA
Company_692,Healthcare,95.5,47.4,86.7,2019,1,AAA
Company_692,Healthcare,97.1,49.9,87.7,2020,1,AAA
Company_692,Healthcare,99.7,51.5,87.9,2021,1,AAA
Company_692,Healthcare,100.0,51.2,88.7,2022,1,AAA
Company_692,Healthcare,100.0,48.4,92.2,2023,1,AAA
Company_692,Healthcare,98.2,46.7,92.1,2024,1,AAA
Company_692,Healthcare,97.0,49.8,89.2,2025,1,AAA
Company_693,Retail,53.4,57.5,19.2,2015,0,BBB
Company_693,Retail,54.4,57.8,14.6,2016,0,BBB
Company_693,Retail,57.3,60.0,14.8,2017,0,BBB
Company_693,Retail,58.7,65.8,17.5,2018,0,BBB
Company_693,Retail,61.4,68.0,17.2,2019,0,BBB
Company_693,Retail,63.5,67.8,16.4,2020,0,BBB
Company_693,Retail,63.9,70.6,17.6,2021,0,A
Company_693,Retail,63.0,72.8,19.6,2022,0,A
Company_693,Retail,65.1,71.7,19.5,2023,0,A
Company_693,Retail,63.3,71.5,21.0,2024,0,A
Company_693,Retail,63.8,72.6,21.0,2025,0,A
Company_694,Consumer Goods,57.6,61.6,95.9,2015,5,AA
Company_694,Consumer Goods,57.1,64.3,94.6,2016,5,AA
Company_694,Consumer Goods,60.1,63.0,93.1,2017,5,AA
Company_694,Consumer Goods,62.3,59.3,91.1,2018,5,AA
Company_694,Consumer Goods,62.6,59.3,93.6,2019,5,AA
Company_694,Consumer Goods,62.9,58.5,92.9,2020,5,AA
Company_694,Consumer Goods,60.9,60.1,90.9,2021,5,AA
Company_694,Consumer Goods,62.9,58.6,90.3,2022,5,AA
Company_694,Consumer Goods,63.1,59.9,91.2,2023,5,AA
Company_694,Consumer Goods,64.3,60.2,94.2,2024,5,AA
Company_694,Consumer Goods,61.0,60.6,95.9,2025,5,AA
Company_695,Manufacturing,55.5,60.3,39.7,2015,3,A
Company_695,Manufacturing,56.1,58.5,36.7,2016,3,A
Company_695,Manufacturing,60.0,56.1,43.4,2017,3,A
Company_695,Manufacturing,56.3,55.1,45.9,2018,3,A
Company_695,Manufacturing,59.6,59.4,50.9,2019,3,A
Company_695,Manufacturing,59.7,58.6,53.8,2020,3,A
Company_695,Manufacturing,61.7,57.2,55.6,2021,3,A
Company_695,Manufacturing,62.4,55.5,53.0,2022,3,A
Company_695,Manufacturing,61.5,54.1,51.9,2023,3,A
Company_695,Manufacturing,62.9,53.1,54.9,2024,3,A
Company_695,Manufacturing,63.4,51.8,59.6,2025,3,A
Company_696,Healthcare,61.3,43.3,24.8,2015,1,BBB
Company_696,Healthcare,61.9,44.8,24.1,2016,1,BBB
Company_696,Healthcare,63.2,43.7,26.4,2017,1,BBB
Company_696,Healthcare,62.6,40.8,23.5,2018,1,BBB
Company_696,Healthcare,64.7,42.0,23.4,2019,1,BBB
Company_696,Healthcare,65.6,45.2,23.1,2020,1,BBB
Company_696,Healthcare,64.0,45.2,23.4,2021,1,BBB
Company_696,Healthcare,67.7,44.2,29.2,2022,1,BBB
Company_696,Healthcare,70.7,44.6,28.2,2023,1,BBB
Company_696,Healthcare,75.0,44.6,30.4,2024,1,A
Company_696,Healthcare,77.1,47.4,30.8,2025,1,A
Company_697,Healthcare,57.6,60.7,61.8,2015,5,AA
Company_697,Healthcare,61.6,62.3,66.0,2016,5,AA
Company_697,Healthcare,59.9,65.0,63.7,2017,5,AA
Company_697,Healthcare,60.5,58.9,61.0,2018,5,AA
Company_697,Healthcare,62.0,59.7,58.0,2019,5,A
Company_697,Healthcare,62.6,62.0,60.8,2020,5,AA
Company_697,Healthcare,59.4,61.6,61.7,2021,5,AA
Company_697,Healthcare,56.9,61.1,62.4,2022,5,AA
Company_697,Healthcare,59.8,63.1,61.7,2023,5,AA
Company_697,Healthcare,61.4,63.8,59.0,2024,5,AA
Company_697,Healthcare,63.0,64.4,59.4,2025,5,AA
Company_698,Retail,59.0,72.2,94.9,2015,6,AAA
Company_698,Retail,60.7,71.5,96.3,2016,6,AAA
Company_698,Retail,63.3,71.5,95.8,2017,6,AAA
Company_698,Retail,66.9,69.3,95.4,2018,6,AAA
Company_698,Retail,71.8,67.1,95.3,2019,6,AAA
Company_698,Retail,73.1,71.5,94.9,2020,6,AAA
Company_698,Retail,71.5,73.8,98.8,2021,6,AAA
Company_698,Retail,74.0,76.4,97.4,2022,6,AAA
Company_698,Retail,77.2,73.9,97.2,2023,6,AAA
Company_698,Retail,76.7,76.0,96.7,2024,6,AAA
Company_698,Retail,73.4,75.8,95.8,2025,6,AAA
Company_699,Transportation,30.9,91.5,68.5,2015,6,AA
Company_699,Transportation,34.1,86.9,69.7,2016,6,AA
Company_699,Transportation,35.3,87.3,68.3,2017,6,AA
Company_699,Transportation,35.9,86.8,71.3,2018,6,AA
Company_699,Transportation,37.1,87.8,71.0,2019,6,AA
Company_699,Transportation,38.6,87.4,70.4,2020,6,AA
Company_699,Transportation,39.3,87.9,69.1,2021,6,AA
Company_699,Transportation,36.9,89.9,69.1,2022,6,AA
Company_699,Transportation,37.8,92.3,70.2,2023,6,AA
Company_699,Transportation,36.5,94.2,69.2,2024,6,AA
Company_699,Transportation,34.1,93.4,72.0,2025,6,AA
Company_700,Technology,99.9,55.4,59.6,2015,1,AA
Company_700,Technology,99.3,54.7,58.0,2016,1,AA
Company_700,Technology,97.0,57.0,55.8,2017,1,AA
Company_700,Technology,99.8,57.3,58.7,2018,1,AA
Company_700,Technology,100.0,56.8,60.3,2019,1,AA
Company_700,Technology,100.0,54.8,58.8,2020,1,AA
Company_700,Technology,100.0,57.4,57.0,2021,1,AA
Company_700,Technology,100.0,60.3,54.5,2022,1,AA
Company_700,Technology,96.4,60.6,53.9,2023,1,AA
Company_700,Technology,94.8,63.3,54.4,2024,1,AA
Company_700,Technology,96.2,66.1,55.6,2025,1,AA
Company_701,Transportation,16.0,92.4,86.3,2015,2,AA
Company_701,Transportation,19.1,88.5,88.5,2016,2,AA
Company_701,Transportation,18.1,87.8,84.6,2017,2,AA
Company_701,Transportation,18.5,89.8,84.7,2018,2,AA
Company_701,Transportation,18.7,89.5,86.1,2019,2,AA
Company_701,Transportation,19.5,90.4,86.6,2020,2,AA
Company_701,Transportation,20.7,92.7,86.2,2021,2,AA
Company_701,Transportation,18.0,89.0,83.6,2022,2,AA
Company_701,Transportation,15.6,92.4,85.4,2023,2,AA
Company_701,Transportation,14.4,94.5,84.8,2024,2,AA
Company_701,Transportation,16.3,95.6,84.9,2025,2,AA
Company_702,Manufacturing,43.6,37.6,67.4,2015,3,BBB
Company_702,Manufacturing,41.4,35.5,67.9,2016,3,BBB
Company_702,Manufacturing,41.8,36.8,68.9,2017,3,BBB
Company_702,Manufacturing,41.1,36.6,72.0,2018,3,BBB
Company_702,Manufacturing,39.9,33.7,71.5,2019,3,BBB
Company_702,Manufacturing,39.1,36.7,71.7,2020,3,BBB
Company_702,Manufacturing,43.6,39.2,68.7,2021,3,A
Company_702,Manufacturing,42.9,42.5,72.9,2022,3,A
Company_702,Manufacturing,44.4,41.4,69.9,2023,3,A
Company_702,Manufacturing,46.9,43.6,69.1,2024,3,A
Company_702,Manufacturing,45.6,45.0,67.0,2025,3,A
Company_703,Retail,49.2,85.2,43.8,2015,6,A
Company_703,Retail,48.5,84.9,47.8,2016,6,AA
Company_703,Retail,49.0,85.0,45.8,2017,6,A
Company_703,Retail,49.8,83.3,47.6,2018,6,AA
Company_703,Retail,51.2,83.4,49.5,2019,6,AA
Company_703,Retail,54.0,85.6,48.1,2020,6,AA
Company_703,Retail,52.3,85.6,50.6,2021,6,AA
Company_703,Retail,57.0,85.0,51.1,2022,6,AA
Company_703,Retail,58.9,85.1,52.4,2023,6,AA
Company_703,Retail,60.8,84.4,49.3,2024,6,AA
Company_703,Retail,61.0,83.0,53.8,2025,6,AA
Company_704,Utilities,34.7,90.8,93.9,2015,2,AA
Company_704,Utilities,37.4,91.4,94.1,2016,2,AA
Company_704,Utilities,39.6,90.6,91.4,2017,2,AA
Company_704,Utilities,41.7,91.6,91.8,2018,2,AAA
Company_704,Utilities,39.0,94.0,90.2,2019,2,AA
Company_704,Utilities,42.5,96.0,88.6,2020,2,AAA
Company_704,Utilities,44.0,100.0,84.6,2021,2,AAA
Company_704,Utilities,50.3,100.0,84.8,2022,2,AAA
Company_704,Utilities,50.4,100.0,84.9,2023,2,AAA
Company_704,Utilities,52.0,100.0,84.9,2024,2,AAA
Company_704,Utilities,51.5,98.6,84.8,2025,2,AAA
Company_705,Consumer Goods,53.5,48.6,0.6,2015,0,BB
Company_705,Consumer Goods,57.2,48.9,0.0,2016,0,BB
Company_705,Consumer Goods,57.0,50.3,2.8,2017,0,BB
Company_705,Consumer Goods,55.7,49.2,1.4,2018,0,BB
Company_705,Consumer Goods,57.6,51.4,3.3,2019,0,BB
Company_705,Consumer Goods,57.1,50.4,6.5,2020,0,BB
Company_705,Consumer Goods,54.5,50.2,6.8,2021,0,BB
Company_705,Consumer Goods,57.7,51.6,2.5,2022,0,BB
Company_705,Consumer Goods,60.4,53.2,3.3,2023,0,BB
Company_705,Consumer Goods,62.4,54.6,0.2,2024,0,BB
Company_705,Consumer Goods,62.9,52.1,1.4,2025,0,BB
Company_706,Healthcare,76.3,42.6,71.1,2015,5,AA
Company_706,Healthcare,75.8,45.1,70.9,2016,5,AA
Company_706,Healthcare,80.3,45.4,71.9,2017,5,AA
Company_706,Healthcare,80.1,45.6,74.3,2018,5,AA
Company_706,Healthcare,79.7,45.6,73.2,2019,5,AA
Company_706,Healthcare,81.9,41.9,75.1,2020,5,AA
Company_706,Healthcare,80.6,41.5,76.4,2021,5,AA
Company_706,Healthcare,77.9,41.5,76.5,2022,5,AA
Company_706,Healthcare,76.1,39.4,76.2,2023,5,AA
Company_706,Healthcare,75.4,41.9,77.5,2024,5,AA
Company_706,Healthcare,78.5,41.0,81.1,2025,5,AA
Company_707,Utilities,52.9,89.6,71.0,2015,2,AA
Company_707,Utilities,53.3,94.0,71.2,2016,2,AA
Company_707,Utilities,53.9,95.0,73.5,2017,2,AA
Company_707,Utilities,57.3,92.3,75.0,2018,2,AA
Company_707,Utilities,55.8,95.1,76.3,2019,2,AAA
Company_707,Utilities,58.2,96.4,79.5,2020,2,AAA
Company_707,Utilities,60.2,98.1,80.0,2021,2,AAA
Company_707,Utilities,61.3,97.5,83.0,2022,2,AAA
Company_707,Utilities,65.0,96.8,83.8,2023,2,AAA
Company_707,Utilities,66.9,98.2,80.1,2024,2,AAA
Company_707,Utilities,67.3,100.0,78.8,2025,2,AAA
Company_708,Retail,61.3,79.1,74.9,2015,5,AA
Company_708,Retail,63.8,81.0,76.0,2016,5,AA
Company_708,Retail,63.5,82.6,79.5,2017,5,AAA
Company_708,Retail,65.1,83.0,82.4,2018,5,AAA
Company_708,Retail,69.1,84.8,80.4,2019,5,AAA
Company_708,Retail,70.2,85.2,84.0,2020,5,AAA
Company_708,Retail,69.6,90.0,87.9,2021,5,AAA
Company_708,Retail,68.8,90.5,85.1,2022,5,AAA
Company_708,Retail,67.8,92.1,87.4,2023,5,AAA
Company_708,Retail,69.5,96.1,85.3,2024,5,AAA
Company_708,Retail,69.9,93.4,88.3,2025,5,AAA
Company_709,Finance,86.3,60.7,58.6,2015,5,AA
Company_709,Finance,89.5,61.6,58.4,2016,5,AA
Company_709,Finance,89.7,61.1,62.0,2017,5,AA
Company_709,Finance,93.9,60.4,62.0,2018,5,AA
Company_709,Finance,95.2,59.1,62.7,2019,5,AA
Company_709,Finance,95.6,58.5,63.0,2020,5,AA
Company_709,Finance,97.5,57.3,65.1,2021,5,AA
Company_709,Finance,97.4,62.8,65.0,2022,5,AAA
Company_709,Finance,95.6,63.7,64.9,2023,5,AA
Company_709,Finance,99.0,64.8,65.1,2024,5,AAA
Company_709,Finance,97.9,65.8,63.7,2025,5,AAA
Company_710,Manufacturing,31.6,29.3,4.4,2015,4,CCC
Company_710,Manufacturing,31.9,31.2,11.5,2016,4,CCC
Company_710,Manufacturing,33.9,33.6,11.4,2017,4,CCC
Company_710,Manufacturing,38.9,34.0,10.5,2018,4,CCC
Company_710,Manufacturing,40.2,36.1,11.6,2019,4,CCC
Company_710,Manufacturing,41.9,36.3,14.7,2020,4,BB
Company_710,Manufacturing,43.1,37.9,16.2,2021,4,BB
Company_710,Manufacturing,44.7,35.1,18.6,2022,4,BB
Company_710,Manufacturing,44.6,34.6,19.5,2023,4,BB
Company_710,Manufacturing,44.2,36.0,15.8,2024,4,BB
Company_710,Manufacturing,45.7,35.6,19.1,2025,4,BB
Company_711,Consumer Goods,26.0,54.8,53.3,2015,0,BBB
Company_711,Consumer Goods,30.3,51.1,55.0,2016,0,BBB
Company_711,Consumer Goods,31.8,54.4,52.7,2017,0,BBB
Company_711,Consumer Goods,34.6,51.6,50.9,2018,0,BBB
Company_711,Consumer Goods,37.5,53.5,54.3,2019,0,BBB
Company_711,Consumer Goods,40.5,53.4,55.0,2020,0,BBB
Company_711,Consumer Goods,45.3,52.8,55.6,2021,0,A
Company_711,Consumer Goods,48.3,51.8,59.6,2022,0,A
Company_711,Consumer Goods,51.1,51.7,58.8,2023,0,A
Company_711,Consumer Goods,50.4,52.0,62.1,2024,0,A
Company_711,Consumer Goods,48.5,55.0,64.9,2025,0,A
Company_712,Healthcare,46.7,52.1,62.5,2015,1,A
Company_712,Healthcare,49.7,48.8,60.2,2016,1,A
Company_712,Healthcare,52.9,48.0,60.5,2017,1,A
Company_712,Healthcare,53.2,47.5,63.5,2018,1,A
Company_712,Healthcare,53.5,46.4,64.8,2019,1,A
Company_712,Healthcare,56.9,50.8,66.9,2020,1,A
Company_712,Healthcare,58.8,50.7,67.0,2021,1,A
Company_712,Healthcare,59.7,51.5,67.5,2022,1,A
Company_712,Healthcare,61.5,47.9,67.7,2023,1,A
Company_712,Healthcare,63.0,48.6,68.3,2024,1,A
Company_712,Healthcare,66.9,49.3,68.2,2025,1,AA
Company_713,Energy,38.8,95.5,49.1,2015,6,AA
Company_713,Energy,39.5,93.6,47.9,2016,6,AA
Company_713,Energy,40.7,96.7,46.5,2017,6,AA
Company_713,Energy,44.4,95.7,47.2,2018,6,AA
Company_713,Energy,46.2,98.5,49.1,2019,6,AA
Company_713,Energy,49.1,96.6,49.0,2020,6,AA
Company_713,Energy,54.0,93.8,48.1,2021,6,AA
Company_713,Energy,54.9,93.4,47.5,2022,6,AA
Company_713,Energy,55.4,89.8,47.3,2023,6,AA
Company_713,Energy,54.2,86.1,50.4,2024,6,AA
Company_713,Energy,53.4,86.4,52.9,2025,6,AA
Company_714,Transportation,35.5,66.4,38.4,2015,3,BBB
Company_714,Transportation,34.5,66.8,39.8,2016,3,BBB
Company_714,Transportation,38.6,66.8,40.0,2017,3,BBB
Company_714,Transportation,39.6,70.3,42.9,2018,3,A
Company_714,Transportation,45.0,70.8,39.9,2019,3,A
Company_714,Transportation,47.3,69.8,40.1,2020,3,A
Company_714,Transportation,46.1,67.8,39.4,2021,3,A
Company_714,Transportation,47.0,67.9,40.4,2022,3,A
Company_714,Transportation,45.1,67.9,41.3,2023,3,A
Company_714,Transportation,46.7,67.7,40.0,2024,3,A
Company_714,Transportation,47.8,68.7,41.8,2025,3,A
Company_715,Technology,66.4,23.6,75.7,2015,5,A
Company_715,Technology,67.8,25.4,76.8,2016,5,A
Company_715,Technology,66.2,25.0,78.0,2017,5,A
Company_715,Technology,65.6,24.5,81.7,2018,5,A
Company_715,Technology,65.1,23.9,81.8,2019,5,A
Company_715,Technology,71.4,23.1,81.6,2020,5,A
Company_715,Technology,72.6,23.0,80.7,2021,5,A
Company_715,Technology,73.3,25.2,85.0,2022,5,AA
Company_715,Technology,74.2,27.9,84.0,2023,5,AA
Company_715,Technology,74.6,30.2,85.5,2024,5,AA
Company_715,Technology,74.7,30.5,83.7,2025,5,AA
Company_716,Retail,61.1,35.1,33.9,2015,0,BBB
Company_716,Retail,61.0,36.2,33.2,2016,0,BBB
Company_716,Retail,64.1,32.9,36.5,2017,0,BBB
Company_716,Retail,65.7,32.9,41.8,2018,0,BBB
Company_716,Retail,65.2,32.3,39.1,2019,0,BBB
Company_716,Retail,66.4,33.6,39.6,2020,0,BBB
Company_716,Retail,69.7,32.2,40.2,2021,0,BBB
Company_716,Retail,68.7,35.1,41.0,2022,0,BBB
Company_716,Retail,69.4,35.5,40.3,2023,0,BBB
Company_716,Retail,71.6,34.7,41.6,2024,0,BBB
Company_716,Retail,71.3,32.9,43.4,2025,0,BBB
Company_717,Energy,12.3,78.1,84.7,2015,5,A
Company_717,Energy,15.4,76.3,80.7,2016,5,A
Company_717,Energy,18.3,73.6,79.3,2017,5,A
Company_717,Energy,24.2,69.6,82.7,2018,5,A
Company_717,Energy,25.1,70.1,85.3,2019,5,AA
Company_717,Energy,26.2,71.4,86.5,2020,5,AA
Company_717,Energy,31.4,75.3,86.5,2021,5,AA
Company_717,Energy,30.1,74.9,87.7,2022,5,AA
Company_717,Energy,34.0,76.9,85.6,2023,5,AA
Company_717,Energy,34.5,75.7,83.3,2024,5,AA
Company_717,Energy,36.1,69.3,80.3,2025,5,AA
Company_718,Healthcare,56.3,51.3,10.8,2015,4,BB
Company_718,Healthcare,59.7,53.6,11.1,2016,4,BBB
Company_718,Healthcare,57.7,56.4,14.3,2017,4,BBB
Company_718,Healthcare,56.8,52.0,17.8,2018,4,BBB
Company_718,Healthcare,54.9,53.6,16.6,2019,4,BBB
Company_718,Healthcare,58.5,53.5,18.7,2020,4,BBB
Company_718,Healthcare,60.3,52.6,16.6,2021,4,BBB
Company_718,Healthcare,65.0,54.9,19.7,2022,4,BBB
Company_718,Healthcare,66.4,52.6,19.5,2023,4,BBB
Company_718,Healthcare,64.2,51.1,20.2,2024,4,BBB
Company_718,Healthcare,65.8,50.2,19.8,2025,4,BBB
Company_719,Retail,47.0,76.1,35.7,2015,5,A
Company_719,Retail,45.9,77.3,38.0,2016,5,A
Company_719,Retail,49.0,76.9,32.4,2017,5,A
Company_719,Retail,47.7,80.1,31.6,2018,5,A
Company_719,Retail,50.9,81.7,28.1,2019,5,A
Company_719,Retail,48.5,83.0,26.9,2020,5,A
Company_719,Retail,50.4,82.4,28.6,2021,5,A
Company_719,Retail,50.4,85.5,31.1,2022,5,A
Company_719,Retail,54.5,90.4,32.2,2023,5,A
Company_719,Retail,56.3,95.6,29.3,2024,5,AA
Company_719,Retail,61.5,89.7,32.1,2025,5,AA
Company_720,Energy,51.2,66.0,43.3,2015,1,A
Company_720,Energy,51.7,64.8,44.0,2016,1,A
Company_720,Energy,54.4,66.7,42.0,2017,1,A
Company_720,Energy,53.1,68.3,40.7,2018,1,A
Company_720,Energy,55.1,68.9,38.9,2019,1,A
Company_720,Energy,54.4,72.6,37.7,2020,1,A
Company_720,Energy,56.0,73.2,38.6,2021,1,A
Company_720,Energy,57.0,74.7,39.6,2022,1,A
Company_720,Energy,55.3,77.0,41.1,2023,1,A
Company_720,Energy,58.9,77.1,41.7,2024,1,A
Company_720,Energy,57.2,81.1,35.7,2025,1,A
Company_721,Manufacturing,61.5,70.6,46.9,2015,1,A
Company_721,Manufacturing,62.2,65.2,46.1,2016,1,A
Company_721,Manufacturing,63.5,64.7,46.0,2017,1,A
Company_721,Manufacturing,65.3,65.4,45.7,2018,1,A
Company_721,Manufacturing,64.8,60.7,46.9,2019,1,A
Company_721,Manufacturing,67.4,60.6,45.3,2020,1,A
Company_721,Manufacturing,67.5,61.1,44.6,2021,1,A
Company_721,Manufacturing,70.6,62.4,44.6,2022,1,A
Company_721,Manufacturing,75.0,65.7,48.2,2023,1,AA
Company_721,Manufacturing,75.9,64.1,47.3,2024,1,AA
Company_721,Manufacturing,71.5,65.1,51.2,2025,1,AA
Company_722,Healthcare,78.9,34.2,23.2,2015,1,BBB
Company_722,Healthcare,76.5,34.1,21.7,2016,1,BBB
Company_722,Healthcare,79.9,34.9,22.4,2017,1,BBB
Company_722,Healthcare,80.2,34.3,18.9,2018,1,BBB
Company_722,Healthcare,80.0,36.4,17.0,2019,1,BBB
Company_722,Healthcare,79.4,34.0,17.5,2020,1,BBB
Company_722,Healthcare,79.6,35.3,20.8,2021,1,BBB
Company_722,Healthcare,81.1,35.2,19.2,2022,1,BBB
Company_722,Healthcare,83.0,33.5,20.4,2023,1,BBB
Company_722,Healthcare,81.5,34.6,20.8,2024,1,BBB
Company_722,Healthcare,85.9,37.5,18.5,2025,1,BBB
Company_723,Manufacturing,49.6,84.4,61.3,2015,1,AA
Company_723,Manufacturing,49.8,88.4,63.1,2016,1,AA
Company_723,Manufacturing,53.5,92.2,65.9,2017,1,AA
Company_723,Manufacturing,56.4,90.0,68.8,2018,1,AA
Company_723,Manufacturing,57.1,90.0,68.8,2019,1,AA
Company_723,Manufacturing,58.4,89.8,71.3,2020,1,AA
Company_723,Manufacturing,61.8,88.9,71.9,2021,1,AA
Company_723,Manufacturing,66.9,89.0,73.4,2022,1,AAA
Company_723,Manufacturing,64.3,87.5,73.0,2023,1,AA
Company_723,Manufacturing,64.8,89.8,70.1,2024,1,AA
Company_723,Manufacturing,66.8,88.6,72.8,2025,1,AAA
Company_724,Retail,65.0,60.9,66.0,2015,5,AA
Company_724,Retail,66.3,60.5,70.2,2016,5,AA
Company_724,Retail,67.3,59.6,73.6,2017,5,AA
Company_724,Retail,67.7,57.2,74.7,2018,5,AA
Company_724,Retail,68.6,58.8,76.7,2019,5,AA
Company_724,Retail,67.3,59.6,79.4,2020,5,AA
Company_724,Retail,68.9,62.9,78.9,2021,5,AA
Company_724,Retail,72.1,63.7,82.9,2022,5,AA
Company_724,Retail,75.0,64.8,82.5,2023,5,AA
Company_724,Retail,75.6,65.9,83.8,2024,5,AAA
Company_724,Retail,77.6,65.1,82.1,2025,5,AA
Company_725,Finance,99.2,89.1,62.7,2015,6,AAA
Company_725,Finance,97.4,92.5,63.3,2016,6,AAA
Company_725,Finance,96.3,92.0,63.7,2017,6,AAA
Company_725,Finance,95.6,90.4,63.0,2018,6,AAA
Company_725,Finance,97.3,94.1,63.6,2019,6,AAA
Company_725,Finance,100.0,96.6,66.3,2020,6,AAA
Company_725,Finance,98.4,98.6,64.5,2021,6,AAA
Company_725,Finance,96.6,99.0,65.2,2022,6,AAA
Company_725,Finance,97.9,99.0,64.2,2023,6,AAA
Company_725,Finance,95.5,100.0,62.0,2024,6,AAA
Company_725,Finance,98.8,100.0,62.9,2025,6,AAA
Company_726,Healthcare,51.6,29.7,44.3,2015,0,BBB
Company_726,Healthcare,53.9,30.0,47.5,2016,0,BBB
Company_726,Healthcare,55.7,28.5,49.9,2017,0,BBB
Company_726,Healthcare,54.7,31.4,50.1,2018,0,BBB
Company_726,Healthcare,56.9,29.0,48.8,2019,0,BBB
Company_726,Healthcare,62.0,28.4,52.7,2020,0,BBB
Company_726,Healthcare,65.7,29.1,53.4,2021,0,BBB
Company_726,Healthcare,67.8,28.2,53.9,2022,0,BBB
Company_726,Healthcare,71.1,33.0,55.3,2023,0,A
Company_726,Healthcare,72.4,31.8,56.1,2024,0,A
Company_726,Healthcare,72.8,30.2,56.7,2025,0,A
Company_727,Retail,85.1,57.4,77.6,2015,3,AA
Company_727,Retail,83.6,54.9,77.5,2016,3,AA
Company_727,Retail,83.0,55.8,78.1,2017,3,AA
Company_727,Retail,83.4,54.3,78.3,2018,3,AA
Company_727,Retail,82.5,55.0,77.2,2019,3,AA
Company_727,Retail,82.5,51.1,79.3,2020,3,AA
Company_727,Retail,81.7,50.7,80.0,2021,3,AA
Company_727,Retail,82.1,50.2,81.5,2022,3,AA
Company_727,Retail,79.8,52.6,80.6,2023,3,AA
Company_727,Retail,78.1,55.4,78.9,2024,3,AA
Company_727,Retail,75.1,60.2,77.0,2025,3,AA
Company_728,Retail,55.3,58.0,81.1,2015,5,AA
Company_728,Retail,56.1,58.5,83.6,2016,5,AA
Company_728,Retail,59.6,54.7,88.3,2017,5,AA
Company_728,Retail,62.0,55.7,84.5,2018,5,AA
Company_728,Retail,63.4,55.5,85.8,2019,5,AA
Company_728,Retail,62.9,55.7,87.3,2020,5,AA
Company_728,Retail,64.1,55.1,91.8,2021,5,AA
Company_728,Retail,65.3,50.6,91.4,2022,5,AA
Company_728,Retail,64.0,52.8,91.1,2023,5,AA
Company_728,Retail,63.8,51.8,90.7,2024,5,AA
Company_728,Retail,61.5,50.5,89.4,2025,5,AA
Company_729,Consumer Goods,84.0,90.3,12.9,2015,6,AA
Company_729,Consumer Goods,85.2,91.5,10.8,2016,6,AA
Company_729,Consumer Goods,88.1,90.0,11.0,2017,6,AA
Company_729,Consumer Goods,87.3,86.9,11.5,2018,6,AA
Company_729,Consumer Goods,88.7,87.0,12.2,2019,6,AA
Company_729,Consumer Goods,91.0,89.8,13.6,2020,6,AA
Company_729,Consumer Goods,94.2,89.4,12.3,2021,6,AA
Company_729,Consumer Goods,94.3,88.9,11.9,2022,6,AA
Company_729,Consumer Goods,95.4,88.4,9.8,2023,6,AA
Company_729,Consumer Goods,98.0,88.9,13.0,2024,6,AA
Company_729,Consumer Goods,97.7,91.7,14.5,2025,6,AA
Company_730,Manufacturing,17.2,24.9,58.4,2015,5,BB
Company_730,Manufacturing,17.3,23.8,57.8,2016,5,BB
Company_730,Manufacturing,19.9,19.8,55.1,2017,5,BB
Company_730,Manufacturing,21.4,19.4,56.2,2018,5,BB
Company_730,Manufacturing,22.8,18.6,56.4,2019,5,BB
Company_730,Manufacturing,21.0,20.0,56.0,2020,5,BB
Company_730,Manufacturing,23.3,22.0,58.1,2021,5,BB
Company_730,Manufacturing,23.2,27.3,60.1,2022,5,BB
Company_730,Manufacturing,26.6,28.7,58.7,2023,5,BB
Company_730,Manufacturing,27.5,31.1,58.3,2024,5,BB
Company_730,Manufacturing,29.6,31.9,58.8,2025,5,BBB
Company_731,Finance,96.1,39.5,91.3,2015,4,AAA
Company_731,Finance,95.6,37.3,91.7,2016,4,AA
Company_731,Finance,99.5,38.0,90.6,2017,4,AAA
Company_731,Finance,99.6,39.2,92.1,2018,4,AAA
Company_731,Finance,100.0,38.7,91.1,2019,4,AAA
Company_731,Finance,100.0,39.5,93.7,2020,4,AAA
Company_731,Finance,100.0,39.0,92.1,2021,4,AAA
Company_731,Finance,100.0,41.4,94.1,2022,4,AAA
Company_731,Finance,100.0,46.0,96.4,2023,4,AAA
Company_731,Finance,100.0,43.6,95.5,2024,4,AAA
Company_731,Finance,100.0,42.5,95.5,2025,4,AAA
Company_732,Transportation,13.9,30.5,74.9,2015,3,BB
Company_732,Transportation,15.3,33.4,73.5,2016,3,BBB
Company_732,Transportation,19.3,36.2,71.9,2017,3,BBB
Company_732,Transportation,22.1,41.4,71.7,2018,3,BBB
Company_732,Transportation,22.3,43.0,73.0,2019,3,BBB
Company_732,Transportation,26.1,44.6,73.1,2020,3,BBB
Company_732,Transportation,30.7,47.3,72.9,2021,3,A
Company_732,Transportation,32.6,45.3,76.0,2022,3,A
Company_732,Transportation,33.7,45.7,77.6,2023,3,A
Company_732,Transportation,34.0,43.9,79.6,2024,3,A
Company_732,Transportation,33.0,45.9,82.2,2025,3,A
Company_733,Utilities,38.7,88.8,77.7,2015,3,AA
Company_733,Utilities,42.1,93.0,79.3,2016,3,AA
Company_733,Utilities,41.4,93.0,79.1,2017,3,AA
Company_733,Utilities,41.4,95.1,76.9,2018,3,AA
Company_733,Utilities,42.6,97.1,77.9,2019,3,AA
Company_733,Utilities,40.1,96.9,74.6,2020,3,AA
Company_733,Utilities,40.7,97.5,77.0,2021,3,AA
Company_733,Utilities,39.9,98.8,76.4,2022,3,AA
Company_733,Utilities,40.7,100.0,79.1,2023,3,AA
Company_733,Utilities,43.3,100.0,77.7,2024,3,AA
Company_733,Utilities,45.8,100.0,79.5,2025,3,AAA
Company_734,Consumer Goods,26.8,75.6,73.0,2015,6,A
Company_734,Consumer Goods,27.7,78.2,71.6,2016,6,A
Company_734,Consumer Goods,30.8,80.7,69.0,2017,6,AA
Company_734,Consumer Goods,34.8,84.1,72.4,2018,6,AA
Company_734,Consumer Goods,37.1,83.7,72.9,2019,6,AA
Company_734,Consumer Goods,36.8,80.4,72.5,2020,6,AA
Company_734,Consumer Goods,40.9,78.7,73.7,2021,6,AA
Company_734,Consumer Goods,41.3,78.1,75.5,2022,6,AA
Company_734,Consumer Goods,42.5,80.2,75.3,2023,6,AA
Company_734,Consumer Goods,45.7,84.2,74.2,2024,6,AA
Company_734,Consumer Goods,47.6,85.5,77.0,2025,6,AA
Company_735,Finance,100.0,20.5,34.5,2015,4,A
Company_735,Finance,100.0,16.6,30.3,2016,4,BBB
Company_735,Finance,100.0,19.3,29.0,2017,4,BBB
Company_735,Finance,100.0,18.8,28.9,2018,4,BBB
Company_735,Finance,100.0,15.2,30.1,2019,4,BBB
Company_735,Finance,100.0,16.6,32.8,2020,4,BBB
Company_735,Finance,100.0,16.2,30.4,2021,4,BBB
Company_735,Finance,100.0,14.0,29.8,2022,4,BBB
Company_735,Finance,99.7,13.9,32.3,2023,4,BBB
Company_735,Finance,96.4,17.7,33.4,2024,4,BBB
Company_735,Finance,94.5,19.8,35.0,2025,4,BBB
Company_736,Finance,78.2,59.3,51.5,2015,2,AA
Company_736,Finance,79.1,59.9,48.9,2016,2,AA
Company_736,Finance,80.0,60.8,47.7,2017,2,AA
Company_736,Finance,77.3,60.7,48.7,2018,2,AA
Company_736,Finance,79.4,61.6,47.1,2019,2,AA
Company_736,Finance,75.7,62.6,51.6,2020,2,AA
Company_736,Finance,80.1,60.9,53.5,2021,2,AA
Company_736,Finance,80.6,62.0,51.9,2022,2,AA
Company_736,Finance,79.5,62.0,57.3,2023,2,AA
Company_736,Finance,78.5,63.8,57.7,2024,2,AA
Company_736,Finance,79.7,65.9,60.3,2025,2,AA
Company_737,Technology,47.4,35.0,14.0,2015,1,BB
Company_737,Technology,47.3,38.0,11.5,2016,1,BB
Company_737,Technology,48.3,36.9,10.2,2017,1,BB
Company_737,Technology,50.3,38.5,13.6,2018,1,BB
Company_737,Technology,51.9,37.5,12.6,2019,1,BB
Company_737,Technology,50.6,36.2,13.6,2020,1,BB
Company_737,Technology,50.6,35.6,16.1,2021,1,BB
Company_737,Technology,52.2,35.7,14.3,2022,1,BB
Company_737,Technology,52.9,31.0,13.8,2023,1,BB
Company_737,Technology,52.7,31.7,14.9,2024,1,BB
Company_737,Technology,55.1,31.1,17.0,2025,1,BB
Company_738,Consumer Goods,13.1,34.1,58.0,2015,4,BB
Company_738,Consumer Goods,14.3,32.7,60.8,2016,4,BB
Company_738,Consumer Goods,16.1,31.8,58.0,2017,4,BB
Company_738,Consumer Goods,18.1,32.8,60.5,2018,4,BB
Company_738,Consumer Goods,18.3,32.5,60.6,2019,4,BB
Company_738,Consumer Goods,17.3,33.1,57.9,2020,4,BB
Company_738,Consumer Goods,18.7,33.6,57.4,2021,4,BB
Company_738,Consumer Goods,20.7,31.3,55.2,2022,4,BB
Company_738,Consumer Goods,19.6,31.7,53.8,2023,4,BB
Company_738,Consumer Goods,25.0,32.8,58.8,2024,4,BB
Company_738,Consumer Goods,25.9,30.4,54.2,2025,4,BB
Company_739,Utilities,28.4,36.2,71.3,2015,1,BBB
Company_739,Utilities,31.5,36.5,76.3,2016,1,BBB
Company_739,Utilities,34.0,35.4,74.1,2017,1,BBB
Company_739,Utilities,33.3,35.3,75.1,2018,1,BBB
Company_739,Utilities,31.6,36.6,75.6,2019,1,BBB
Company_739,Utilities,31.2,39.1,74.3,2020,1,BBB
Company_739,Utilities,27.2,39.9,73.2,2021,1,BBB
Company_739,Utilities,29.4,37.6,72.5,2022,1,BBB
Company_739,Utilities,29.5,39.8,73.3,2023,1,BBB
Company_739,Utilities,32.5,39.0,75.0,2024,1,BBB
Company_739,Utilities,33.8,40.8,75.6,2025,1,A
Company_740,Manufacturing,11.2,58.9,49.5,2015,0,BB
Company_740,Manufacturing,12.1,61.0,52.5,2016,0,BBB
Company_740,Manufacturing,15.1,57.5,53.3,2017,0,BBB
Company_740,Manufacturing,19.0,60.8,57.4,2018,0,BBB
Company_740,Manufacturing,16.8,66.4,56.9,2019,0,BBB
Company_740,Manufacturing,15.4,66.6,58.4,2020,0,BBB
Company_740,Manufacturing,16.7,69.0,58.6,2021,0,BBB
Company_740,Manufacturing,17.5,72.4,57.8,2022,0,BBB
Company_740,Manufacturing,15.6,73.6,56.3,2023,0,BBB
Company_740,Manufacturing,17.3,75.9,52.8,2024,0,BBB
Company_740,Manufacturing,21.2,76.0,56.1,2025,0,A
Company_741,Retail,53.4,61.3,43.2,2015,3,A
Company_741,Retail,55.9,59.9,43.4,2016,3,A
Company_741,Retail,56.5,60.7,45.2,2017,3,A
Company_741,Retail,55.3,62.7,44.9,2018,3,A
Company_741,Retail,54.8,64.3,43.7,2019,3,A
Company_741,Retail,56.3,63.2,45.1,2020,3,A
Company_741,Retail,57.8,64.2,46.3,2021,3,A
Company_741,Retail,62.4,67.0,44.6,2022,3,A
Company_741,Retail,63.6,65.8,40.3,2023,3,A
Company_741,Retail,64.7,71.6,36.1,2024,3,A
Company_741,Retail,65.1,70.9,40.7,2025,3,A
Company_742,Transportation,36.5,16.9,67.7,2015,6,BBB
Company_742,Transportation,39.4,18.4,70.9,2016,6,BBB
Company_742,Transportation,38.9,21.5,70.6,2017,6,BBB
Company_742,Transportation,42.6,23.9,73.6,2018,6,BBB
Company_742,Transportation,45.1,25.5,75.7,2019,6,BBB
Company_742,Transportation,48.4,24.7,76.9,2020,6,A
Company_742,Transportation,44.1,24.4,76.5,2021,6,BBB
Company_742,Transportation,47.3,24.4,79.6,2022,6,A
Company_742,Transportation,49.4,23.5,79.5,2023,6,A
Company_742,Transportation,50.8,24.2,83.5,2024,6,A
Company_742,Transportation,53.3,26.3,83.1,2025,6,A
Company_743,Finance,60.0,83.1,51.3,2015,2,AA
Company_743,Finance,63.3,82.2,52.6,2016,2,AA
Company_743,Finance,64.6,79.9,53.1,2017,2,AA
Company_743,Finance,65.0,78.6,53.9,2018,2,AA
Company_743,Finance,69.4,77.8,54.1,2019,2,AA
Company_743,Finance,71.2,77.3,52.8,2020,2,AA
Company_743,Finance,72.8,77.3,49.8,2021,2,AA
Company_743,Finance,70.0,77.1,52.2,2022,2,AA
Company_743,Finance,71.0,77.4,51.8,2023,2,AA
Company_743,Finance,74.4,75.1,53.0,2024,2,AA
Company_743,Finance,78.6,73.6,49.8,2025,2,AA
Company_744,Transportation,15.9,81.7,67.0,2015,5,A
Company_744,Transportation,16.0,79.2,66.6,2016,5,A
Company_744,Transportation,19.0,82.5,70.2,2017,5,A
Company_744,Transportation,21.8,84.6,74.0,2018,5,AA
Company_744,Transportation,22.7,87.5,79.5,2019,5,AA
Company_744,Transportation,21.9,88.7,81.1,2020,5,AA
Company_744,Transportation,19.5,88.8,81.1,2021,5,AA
Company_744,Transportation,23.3,91.7,79.3,2022,5,AA
Company_744,Transportation,19.9,95.8,81.9,2023,5,AA
Company_744,Transportation,20.0,97.1,84.9,2024,5,AA
Company_744,Transportation,22.7,99.3,86.9,2025,5,AA
Company_745,Utilities,49.2,27.2,34.9,2015,4,BB
Company_745,Utilities,50.6,29.1,36.4,2016,4,BB
Company_745,Utilities,51.1,30.0,38.8,2017,4,BB
Company_745,Utilities,55.9,27.3,38.3,2018,4,BBB
Company_745,Utilities,57.6,27.7,39.5,2019,4,BBB
Company_745,Utilities,53.5,29.7,39.3,2020,4,BBB
Company_745,Utilities,55.7,31.1,36.7,2021,4,BBB
Company_745,Utilities,55.8,29.1,33.3,2022,4,BB
Company_745,Utilities,54.4,27.9,34.9,2023,4,BB
Company_745,Utilities,56.4,27.6,35.9,2024,4,BB
Company_745,Utilities,58.2,26.4,38.9,2025,4,BBB
Company_746,Transportation,39.3,60.8,89.7,2015,5,AA
Company_746,Transportation,43.9,59.1,92.0,2016,5,AA
Company_746,Transportation,44.1,58.0,92.0,2017,5,AA
Company_746,Transportation,46.0,57.4,89.5,2018,5,AA
Company_746,Transportation,44.5,59.9,88.8,2019,5,AA
Company_746,Transportation,44.7,61.7,88.2,2020,5,AA
Company_746,Transportation,43.3,64.7,87.0,2021,5,AA
Company_746,Transportation,44.7,64.6,87.3,2022,5,AA
Company_746,Transportation,46.7,65.3,88.6,2023,5,AA
Company_746,Transportation,43.2,65.4,90.5,2024,5,AA
Company_746,Transportation,44.3,65.8,94.4,2025,5,AA
Company_747,Manufacturing,8.3,71.5,51.2,2015,6,BBB
Company_747,Manufacturing,9.6,71.4,51.4,2016,6,BBB
Company_747,Manufacturing,8.5,73.1,52.1,2017,6,BBB
Company_747,Manufacturing,10.6,72.6,53.5,2018,6,BBB
Company_747,Manufacturing,12.1,73.5,53.2,2019,6,BBB
Company_747,Manufacturing,15.7,74.6,50.4,2020,6,BBB
Company_747,Manufacturing,16.0,73.6,47.9,2021,6,BBB
Company_747,Manufacturing,15.9,74.9,47.6,2022,6,BBB
Company_747,Manufacturing,13.2,73.7,46.1,2023,6,BBB
Company_747,Manufacturing,11.9,77.1,47.2,2024,6,BBB
Company_747,Manufacturing,12.6,75.2,45.1,2025,6,BBB
Company_748,Healthcare,70.6,24.2,11.9,2015,4,BB
Company_748,Healthcare,72.6,25.1,14.4,2016,4,BB
Company_748,Healthcare,73.2,24.3,16.0,2017,4,BB
Company_748,Healthcare,75.9,25.6,18.0,2018,4,BB
Company_748,Healthcare,73.9,25.9,18.4,2019,4,BB
Company_748,Healthcare,77.0,26.1,19.8,2020,4,BBB
Company_748,Healthcare,76.2,27.8,18.0,2021,4,BBB
Company_748,Healthcare,76.9,28.2,18.0,2022,4,BBB
Company_748,Healthcare,80.5,27.7,15.6,2023,4,BBB
Company_748,Healthcare,81.1,27.9,19.6,2024,4,BBB
Company_748,Healthcare,82.9,29.0,20.2,2025,4,BBB
Company_749,Retail,89.7,41.3,79.3,2015,5,AA
Company_749,Retail,89.8,40.7,78.5,2016,5,AA
Company_749,Retail,92.7,41.1,79.9,2017,5,AA
Company_749,Retail,91.5,44.2,78.5,2018,5,AA
Company_749,Retail,93.0,44.0,78.1,2019,5,AA
Company_749,Retail,93.8,46.4,79.3,2020,5,AA
Company_749,Retail,95.4,47.0,79.6,2021,5,AA
Company_749,Retail,98.4,48.0,77.2,2022,5,AA
Company_749,Retail,97.1,48.0,75.5,2023,5,AA
Company_749,Retail,95.1,50.8,75.7,2024,5,AA
Company_749,Retail,96.5,56.2,76.2,2025,5,AAA
Company_750,Finance,76.7,71.6,54.0,2015,0,AA
Company_750,Finance,74.8,73.4,58.0,2016,0,AA
Company_750,Finance,82.2,72.1,61.2,2017,0,AA
Company_750,Finance,78.0,71.6,59.8,2018,0,AA
Company_750,Finance,81.1,74.0,65.0,2019,0,AA
Company_750,Finance,82.2,74.6,64.0,2020,0,AA
Company_750,Finance,83.1,70.7,63.2,2021,0,AA
Company_750,Finance,83.1,72.7,61.6,2022,0,AA
Company_750,Finance,86.6,73.7,62.8,2023,0,AA
Company_750,Finance,88.4,72.8,63.3,2024,0,AA
Company_750,Finance,89.8,69.8,66.8,2025,0,AAA
Company_751,Transportation,0.6,76.4,35.0,2015,1,BB
Company_751,Transportation,3.8,77.2,35.2,2016,1,BB
Company_751,Transportation,4.8,77.5,35.8,2017,1,BB
Company_751,Transportation,6.2,79.9,37.0,2018,1,BBB
Company_751,Transportation,8.6,81.5,35.4,2019,1,BBB
Company_751,Transportation,9.9,82.2,35.7,2020,1,BBB
Company_751,Transportation,14.2,83.1,37.9,2021,1,BBB
Company_751,Transportation,14.4,85.4,38.9,2022,1,BBB
Company_751,Transportation,15.2,85.7,41.9,2023,1,BBB
Company_751,Transportation,16.2,87.4,45.4,2024,1,BBB
Company_751,Transportation,16.1,84.9,44.5,2025,1,BBB
Company_752,Healthcare,85.1,46.0,26.3,2015,3,A
Company_752,Healthcare,86.0,44.0,29.0,2016,3,A
Company_752,Healthcare,90.2,46.9,28.4,2017,3,A
Company_752,Healthcare,91.5,45.2,25.7,2018,3,A
Company_752,Healthcare,92.2,46.5,23.9,2019,3,A
Company_752,Healthcare,93.7,47.6,25.5,2020,3,A
Company_752,Healthcare,93.2,45.5,22.8,2021,3,A
Company_752,Healthcare,96.2,47.8,22.8,2022,3,A
Company_752,Healthcare,95.7,50.2,25.8,2023,3,A
Company_752,Healthcare,94.7,51.4,26.3,2024,3,A
Company_752,Healthcare,93.7,50.4,26.7,2025,3,A
Company_753,Healthcare,62.7,76.4,93.9,2015,2,AAA
Company_753,Healthcare,62.8,74.7,93.2,2016,2,AAA
Company_753,Healthcare,65.0,79.4,92.0,2017,2,AAA
Company_753,Healthcare,66.1,78.1,93.2,2018,2,AAA
Company_753,Healthcare,65.2,77.0,92.2,2019,2,AAA
Company_753,Healthcare,68.6,78.3,88.9,2020,2,AAA
Company_753,Healthcare,67.6,80.8,90.3,2021,2,AAA
Company_753,Healthcare,70.4,79.0,92.3,2022,2,AAA
Company_753,Healthcare,70.6,77.5,94.7,2023,2,AAA
Company_753,Healthcare,73.5,78.6,95.3,2024,2,AAA
Company_753,Healthcare,76.4,79.9,92.3,2025,2,AAA
Company_754,Transportation,45.6,46.7,41.0,2015,1,BBB
Company_754,Transportation,43.2,47.7,43.3,2016,1,BBB
Company_754,Transportation,47.0,46.5,47.3,2017,1,BBB
Company_754,Transportation,48.2,49.9,51.5,2018,1,BBB
Company_754,Transportation,50.1,53.7,53.6,2019,1,A
Company_754,Transportation,53.7,54.3,54.1,2020,1,A
Company_754,Transportation,53.1,52.1,54.7,2021,1,A
Company_754,Transportation,50.8,55.8,55.1,2022,1,A
Company_754,Transportation,51.8,57.6,55.7,2023,1,A
Company_754,Transportation,51.5,55.5,59.8,2024,1,A
Company_754,Transportation,52.6,56.4,60.3,2025,1,A
Company_755,Finance,57.9,73.0,81.6,2015,5,AA
Company_755,Finance,60.8,70.7,80.4,2016,5,AA
Company_755,Finance,62.9,70.3,77.8,2017,5,AA
Company_755,Finance,59.9,73.3,79.1,2018,5,AA
Company_755,Finance,60.5,72.6,80.3,2019,5,AA
Company_755,Finance,60.9,71.6,79.2,2020,5,AA
Company_755,Finance,61.0,73.4,77.0,2021,5,AA
Company_755,Finance,61.8,73.8,78.2,2022,5,AA
Company_755,Finance,60.0,76.3,75.5,2023,5,AA
Company_755,Finance,61.3,71.8,76.9,2024,5,AA
Company_755,Finance,62.7,68.8,79.4,2025,5,AA
Company_756,Technology,84.1,85.8,46.0,2015,4,AA
Company_756,Technology,86.7,87.8,44.9,2016,4,AA
Company_756,Technology,87.1,88.6,43.4,2017,4,AA
Company_756,Technology,84.9,90.8,46.1,2018,4,AA
Company_756,Technology,83.1,90.8,44.4,2019,4,AA
Company_756,Technology,83.8,92.0,46.7,2020,4,AA
Company_756,Technology,85.2,92.7,48.8,2021,4,AAA
Company_756,Technology,82.2,93.3,48.9,2022,4,AA
Company_756,Technology,81.8,96.8,47.7,2023,4,AAA
Company_756,Technology,81.8,97.3,46.9,2024,4,AAA
Company_756,Technology,79.1,98.2,42.8,2025,4,AA
Company_757,Transportation,12.1,51.3,85.2,2015,5,BBB
Company_757,Transportation,12.8,54.9,86.3,2016,5,A
Company_757,Transportation,16.8,54.8,84.0,2017,5,A
Company_757,Transportation,17.9,55.2,84.6,2018,5,A
Company_757,Transportation,17.9,54.4,87.1,2019,5,A
Company_757,Transportation,18.3,54.7,86.9,2020,5,A
Company_757,Transportation,18.7,54.4,90.7,2021,5,A
Company_757,Transportation,21.5,52.1,89.9,2022,5,A
Company_757,Transportation,23.6,52.7,91.5,2023,5,A
Company_757,Transportation,26.3,52.6,94.8,2024,5,A
Company_757,Transportation,31.8,52.9,97.4,2025,5,AA
Company_758,Healthcare,70.3,43.8,21.2,2015,3,BBB
Company_758,Healthcare,70.5,40.5,20.6,2016,3,BBB
Company_758,Healthcare,72.7,37.0,20.8,2017,3,BBB
Company_758,Healthcare,73.2,36.2,23.1,2018,3,BBB
Company_758,Healthcare,72.7,32.6,25.8,2019,3,BBB
Company_758,Healthcare,76.4,31.8,25.4,2020,3,BBB
Company_758,Healthcare,78.3,33.0,23.9,2021,3,BBB
Company_758,Healthcare,78.0,35.1,24.0,2022,3,BBB
Company_758,Healthcare,78.2,35.0,26.2,2023,3,BBB
Company_758,Healthcare,80.0,35.7,29.4,2024,3,BBB
Company_758,Healthcare,81.2,36.2,33.0,2025,3,A
Company_759,Energy,23.4,65.7,88.1,2015,6,A
Company_759,Energy,25.0,64.7,86.0,2016,6,A
Company_759,Energy,26.6,67.5,83.8,2017,6,A
Company_759,Energy,27.0,66.9,83.6,2018,6,A
Company_759,Energy,26.5,66.0,85.4,2019,6,A
Company_759,Energy,25.9,68.1,83.9,2020,6,A
Company_759,Energy,25.4,69.7,84.5,2021,6,A
Company_759,Energy,26.7,70.6,82.3,2022,6,A
Company_759,Energy,26.4,65.7,82.1,2023,6,A
Company_759,Energy,23.1,67.2,80.8,2024,6,A
Company_759,Energy,24.2,67.0,82.4,2025,6,A
Company_760,Manufacturing,55.8,98.6,67.9,2015,2,AA
Company_760,Manufacturing,54.3,99.6,69.8,2016,2,AA
Company_760,Manufacturing,56.9,97.1,69.9,2017,2,AA
Company_760,Manufacturing,58.2,99.1,72.0,2018,2,AAA
Company_760,Manufacturing,56.8,100.0,76.0,2019,2,AAA
Company_760,Manufacturing,61.1,97.0,76.3,2020,2,AAA
Company_760,Manufacturing,57.4,97.4,77.4,2021,2,AAA
Company_760,Manufacturing,58.0,98.9,75.9,2022,2,AAA
Company_760,Manufacturing,59.4,100.0,77.1,2023,2,AAA
Company_760,Manufacturing,60.2,99.2,79.0,2024,2,AAA
Company_760,Manufacturing,61.0,98.0,81.8,2025,2,AAA
Company_761,Technology,92.8,15.3,53.6,2015,0,A
Company_761,Technology,92.1,19.9,54.4,2016,0,A
Company_761,Technology,95.7,19.6,53.5,2017,0,A
Company_761,Technology,98.5,22.5,51.2,2018,0,A
Company_761,Technology,100.0,22.6,53.4,2019,0,A
Company_761,Technology,100.0,23.7,57.2,2020,0,AA
Company_761,Technology,100.0,20.4,57.6,2021,0,A
Company_761,Technology,98.9,21.4,60.7,2022,0,AA
Company_761,Technology,97.3,19.5,56.9,2023,0,A
Company_761,Technology,96.8,20.8,58.3,2024,0,A
Company_761,Technology,97.1,20.2,56.7,2025,0,A
Company_762,Technology,99.0,62.7,72.8,2015,5,AAA
Company_762,Technology,100.0,62.7,74.9,2016,5,AAA
Company_762,Technology,100.0,59.2,75.3,2017,5,AAA
Company_762,Technology,100.0,57.7,76.5,2018,5,AAA
Company_762,Technology,100.0,57.4,76.8,2019,5,AAA
Company_762,Technology,100.0,58.3,73.1,2020,5,AAA
Company_762,Technology,100.0,57.4,72.1,2021,5,AAA
Company_762,Technology,100.0,58.8,70.0,2022,5,AAA
Company_762,Technology,100.0,60.2,72.0,2023,5,AAA
Company_762,Technology,100.0,59.7,68.9,2024,5,AAA
Company_762,Technology,98.8,61.3,65.8,2025,5,AAA
Company_763,Technology,86.7,28.3,66.5,2015,6,AA
Company_763,Technology,84.0,30.3,68.6,2016,6,AA
Company_763,Technology,86.8,29.7,66.9,2017,6,AA
Company_763,Technology,88.6,28.0,67.1,2018,6,AA
Company_763,Technology,89.4,28.7,66.0,2019,6,AA
Company_763,Technology,90.5,30.5,62.2,2020,6,AA
Company_763,Technology,89.4,31.9,62.4,2021,6,AA
Company_763,Technology,89.4,33.4,56.7,2022,6,A
Company_763,Technology,89.4,34.0,56.2,2023,6,A
Company_763,Technology,89.8,34.8,60.2,2024,6,AA
Company_763,Technology,91.9,32.5,62.2,2025,6,AA
Company_764,Energy,34.4,56.1,93.4,2015,0,AA
Company_764,Energy,37.5,53.9,91.1,2016,0,AA
Company_764,Energy,41.7,52.5,89.8,2017,0,AA
Company_764,Energy,43.3,49.5,94.9,2018,0,AA
Company_764,Energy,47.2,49.0,93.2,2019,0,AA
Company_764,Energy,46.9,48.9,92.2,2020,0,AA
Company_764,Energy,45.4,48.3,90.4,2021,0,AA
Company_764,Energy,44.0,47.1,86.2,2022,0,A
Company_764,Energy,49.5,45.2,86.4,2023,0,AA
Company_764,Energy,52.6,48.0,88.5,2024,0,AA
Company_764,Energy,53.9,48.9,88.3,2025,0,AA
Company_765,Transportation,1.4,54.4,54.8,2015,1,BB
Company_765,Transportation,4.2,55.4,54.0,2016,1,BB
Company_765,Transportation,0.1,57.4,56.4,2017,1,BB
Company_765,Transportation,3.5,59.5,57.4,2018,1,BBB
Company_765,Transportation,6.3,58.7,55.1,2019,1,BBB
Company_765,Transportation,9.6,62.1,56.6,2020,1,BBB
Company_765,Transportation,12.2,63.9,56.9,2021,1,BBB
Company_765,Transportation,17.1,64.1,57.4,2022,1,BBB
Company_765,Transportation,20.0,64.3,58.1,2023,1,BBB
Company_765,Transportation,18.3,63.6,60.2,2024,1,BBB
Company_765,Transportation,17.8,63.6,61.8,2025,1,BBB
Company_766,Finance,99.9,58.3,33.7,2015,1,AA
Company_766,Finance,100.0,58.1,32.7,2016,1,AA
Company_766,Finance,100.0,61.3,36.2,2017,1,AA
Company_766,Finance,97.0,59.4,40.9,2018,1,AA
Company_766,Finance,98.1,61.7,42.5,2019,1,AA
Company_766,Finance,99.4,60.5,41.7,2020,1,AA
Company_766,Finance,98.7,59.3,44.2,2021,1,AA
Company_766,Finance,98.8,56.7,47.1,2022,1,AA
Company_766,Finance,100.0,57.1,48.5,2023,1,AA
Company_766,Finance,99.5,58.5,50.7,2024,1,AA
Company_766,Finance,98.6,60.1,48.8,2025,1,AA
Company_767,Finance,70.7,57.3,21.3,2015,5,BBB
Company_767,Finance,67.2,58.1,25.8,2016,5,A
Company_767,Finance,66.2,57.7,21.7,2017,5,BBB
Company_767,Finance,66.5,57.0,20.7,2018,5,BBB
Company_767,Finance,72.1,56.5,20.5,2019,5,BBB
Company_767,Finance,74.8,57.9,21.8,2020,5,A
Company_767,Finance,76.0,57.1,23.0,2021,5,A
Company_767,Finance,78.8,60.3,25.1,2022,5,A
Company_767,Finance,83.4,61.0,25.4,2023,5,A
Company_767,Finance,84.3,63.5,23.4,2024,5,A
Company_767,Finance,82.4,64.3,21.9,2025,5,A
Company_768,Healthcare,44.2,42.1,13.9,2015,4,BB
Company_768,Healthcare,45.5,40.3,15.8,2016,4,BB
Company_768,Healthcare,46.7,43.6,16.6,2017,4,BB
Company_768,Healthcare,46.4,43.7,17.7,2018,4,BB
Company_768,Healthcare,47.5,42.8,20.1,2019,4,BB
Company_768,Healthcare,46.8,43.8,20.5,2020,4,BB
Company_768,Healthcare,46.8,42.3,18.8,2021,4,BB
Company_768,Healthcare,45.6,42.0,19.4,2022,4,BB
Company_768,Healthcare,42.3,44.7,21.3,2023,4,BB
Company_768,Healthcare,38.7,44.7,24.7,2024,4,BB
Company_768,Healthcare,37.9,46.3,23.7,2025,4,BB
Company_769,Manufacturing,19.5,17.0,38.3,2015,5,CCC
Company_769,Manufacturing,23.5,18.2,40.3,2016,5,CCC
Company_769,Manufacturing,24.3,17.4,40.9,2017,5,CCC
Company_769,Manufacturing,26.9,19.9,39.4,2018,5,CCC
Company_769,Manufacturing,26.3,19.3,37.6,2019,5,CCC
Company_769,Manufacturing,23.8,19.4,38.2,2020,5,CCC
Company_769,Manufacturing,23.1,19.3,37.1,2021,5,CCC
Company_769,Manufacturing,27.3,22.9,37.5,2022,5,CCC
Company_769,Manufacturing,29.8,24.7,36.5,2023,5,BB
Company_769,Manufacturing,29.2,27.7,36.1,2024,5,BB
Company_769,Manufacturing,28.3,24.6,37.3,2025,5,BB
Company_770,Retail,32.2,56.3,33.8,2015,5,BBB
Company_770,Retail,34.8,60.5,36.2,2016,5,BBB
Company_770,Retail,36.5,63.5,35.5,2017,5,BBB
Company_770,Retail,36.3,66.0,33.9,2018,5,BBB
Company_770,Retail,34.7,66.1,35.5,2019,5,BBB
Company_770,Retail,39.0,62.7,34.7,2020,5,BBB
Company_770,Retail,39.0,62.5,31.6,2021,5,BBB
Company_770,Retail,39.2,63.0,30.0,2022,5,BBB
Company_770,Retail,39.9,62.5,32.1,2023,5,BBB
Company_770,Retail,39.7,63.4,30.9,2024,5,BBB
Company_770,Retail,40.6,62.3,28.6,2025,5,BBB
Company_771,Transportation,21.8,11.0,49.1,2015,4,CCC
Company_771,Transportation,20.4,12.3,48.3,2016,4,CCC
Company_771,Transportation,19.6,10.4,51.2,2017,4,CCC
Company_771,Transportation,21.5,7.0,52.6,2018,4,CCC
Company_771,Transportation,21.1,7.6,55.6,2019,4,CCC
Company_771,Transportation,22.7,10.3,55.2,2020,4,CCC
Company_771,Transportation,24.1,10.1,56.8,2021,4,BB
Company_771,Transportation,24.6,10.8,59.4,2022,4,BB
Company_771,Transportation,26.4,11.1,58.4,2023,4,BB
Company_771,Transportation,25.7,11.4,60.4,2024,4,BB
Company_771,Transportation,26.5,12.4,61.8,2025,4,BB
Company_772,Transportation,22.4,14.1,60.8,2015,1,BB
Company_772,Transportation,26.6,14.4,63.3,2016,1,BB
Company_772,Transportation,28.8,17.3,63.7,2017,1,BB
Company_772,Transportation,27.0,17.9,66.0,2018,1,BB
Company_772,Transportation,29.7,20.4,69.4,2019,1,BB
Company_772,Transportation,30.0,19.8,69.7,2020,1,BB
Company_772,Transportation,30.8,19.5,71.1,2021,1,BBB
Company_772,Transportation,28.2,20.1,69.5,2022,1,BB
Company_772,Transportation,30.1,22.2,69.8,2023,1,BBB
Company_772,Transportation,31.9,24.1,71.6,2024,1,BBB
Company_772,Transportation,30.1,24.8,72.7,2025,1,BBB
Company_773,Manufacturing,19.8,97.8,59.0,2015,2,A
Company_773,Manufacturing,21.8,100.0,59.5,2016,2,AA
Company_773,Manufacturing,24.7,100.0,56.3,2017,2,AA
Company_773,Manufacturing,22.7,100.0,55.9,2018,2,A
Company_773,Manufacturing,23.7,100.0,54.4,2019,2,A
Company_773,Manufacturing,21.5,98.1,52.3,2020,2,A
Company_773,Manufacturing,20.6,96.3,55.4,2021,2,A
Company_773,Manufacturing,19.2,96.9,58.4,2022,2,A
Company_773,Manufacturing,18.5,95.9,57.9,2023,2,A
Company_773,Manufacturing,21.1,94.2,54.5,2024,2,A
Company_773,Manufacturing,22.2,92.6,51.2,2025,2,A
Company_774,Utilities,9.9,33.5,28.6,2015,0,CCC
Company_774,Utilities,12.6,36.0,27.5,2016,0,CCC
Company_774,Utilities,13.4,38.5,27.6,2017,0,CCC
Company_774,Utilities,11.4,41.7,26.8,2018,0,CCC
Company_774,Utilities,9.1,42.3,26.2,2019,0,CCC
Company_774,Utilities,11.2,42.7,28.7,2020,0,CCC
Company_774,Utilities,12.7,46.0,22.4,2021,0,CCC
Company_774,Utilities,14.0,48.1,20.1,2022,0,CCC
Company_774,Utilities,16.1,47.8,18.4,2023,0,CCC
Company_774,Utilities,21.7,49.9,18.0,2024,0,CCC
Company_774,Utilities,20.2,51.5,20.4,2025,0,BB
Company_775,Manufacturing,31.8,62.8,62.5,2015,2,A
Company_775,Manufacturing,33.1,66.7,62.6,2016,2,A
Company_775,Manufacturing,34.5,65.9,60.6,2017,2,A
Company_775,Manufacturing,33.7,67.5,57.6,2018,2,A
Company_775,Manufacturing,33.7,69.0,55.3,2019,2,A
Company_775,Manufacturing,32.0,70.9,54.0,2020,2,A
Company_775,Manufacturing,33.0,74.9,52.0,2021,2,A
Company_775,Manufacturing,37.2,77.9,53.5,2022,2,A
Company_775,Manufacturing,40.5,81.5,55.1,2023,2,A
Company_775,Manufacturing,44.0,77.6,58.9,2024,2,AA
Company_775,Manufacturing,42.7,78.0,64.5,2025,2,AA
Company_776,Consumer Goods,31.3,76.5,11.3,2015,1,BB
Company_776,Consumer Goods,29.7,77.9,13.9,2016,1,BBB
Company_776,Consumer Goods,28.9,79.1,15.3,2017,1,BBB
Company_776,Consumer Goods,30.0,81.7,15.8,2018,1,BBB
Company_776,Consumer Goods,32.4,82.2,16.2,2019,1,BBB
Company_776,Consumer Goods,33.5,79.3,15.3,2020,1,BBB
Company_776,Consumer Goods,34.5,82.5,16.4,2021,1,BBB
Company_776,Consumer Goods,34.1,85.1,14.2,2022,1,BBB
Company_776,Consumer Goods,34.0,86.4,13.6,2023,1,BBB
Company_776,Consumer Goods,37.6,85.2,15.8,2024,1,BBB
Company_776,Consumer Goods,39.4,83.4,17.7,2025,1,BBB
Company_777,Utilities,51.7,49.2,32.4,2015,4,BBB
Company_777,Utilities,56.2,48.8,33.3,2016,4,BBB
Company_777,Utilities,56.1,50.4,32.2,2017,4,BBB
Company_777,Utilities,55.8,53.0,29.7,2018,4,BBB
Company_777,Utilities,53.3,53.9,28.9,2019,4,BBB
Company_777,Utilities,53.5,51.6,28.3,2020,4,BBB
Company_777,Utilities,54.1,51.8,31.0,2021,4,BBB
Company_777,Utilities,53.8,51.3,30.8,2022,4,BBB
Company_777,Utilities,56.5,52.2,28.6,2023,4,BBB
Company_777,Utilities,56.2,53.7,30.6,2024,4,BBB
Company_777,Utilities,56.5,53.7,31.7,2025,4,BBB
Company_778,Finance,80.1,98.1,45.8,2015,6,AA
Company_778,Finance,81.7,99.4,50.3,2016,6,AAA
Company_778,Finance,83.1,100.0,46.6,2017,6,AAA
Company_778,Finance,84.9,100.0,48.1,2018,6,AAA
Company_778,Finance,86.1,99.7,47.8,2019,6,AAA
Company_778,Finance,88.1,100.0,50.8,2020,6,AAA
Company_778,Finance,83.8,100.0,51.5,2021,6,AAA
Company_778,Finance,85.8,97.7,49.0,2022,6,AAA
Company_778,Finance,87.1,100.0,51.2,2023,6,AAA
Company_778,Finance,90.1,98.9,52.4,2024,6,AAA
Company_778,Finance,93.1,97.3,53.6,2025,6,AAA
Company_779,Retail,56.2,87.8,72.7,2015,2,AA
Company_779,Retail,55.8,88.4,73.9,2016,2,AA
Company_779,Retail,55.8,91.7,75.9,2017,2,AA
Company_779,Retail,56.1,90.2,74.6,2018,2,AA
Company_779,Retail,57.8,92.5,75.8,2019,2,AAA
Company_779,Retail,54.8,93.1,74.9,2020,2,AA
Company_779,Retail,57.5,95.1,72.3,2021,2,AA
Company_779,Retail,58.9,95.8,68.8,2022,2,AA
Company_779,Retail,57.6,96.7,71.2,2023,2,AAA
Company_779,Retail,57.0,96.2,72.8,2024,2,AAA
Company_779,Retail,53.5,98.5,72.1,2025,2,AA
Company_780,Transportation,30.8,41.8,14.6,2015,0,CCC
Company_780,Transportation,30.1,39.1,17.2,2016,0,CCC
Company_780,Transportation,30.9,37.5,19.2,2017,0,CCC
Company_780,Transportation,31.3,36.0,23.7,2018,0,BB
Company_780,Transportation,32.0,38.2,23.1,2019,0,BB
Company_780,Transportation,34.0,36.7,24.5,2020,0,BB
Company_780,Transportation,31.3,35.1,24.7,2021,0,BB
Company_780,Transportation,35.7,35.6,25.6,2022,0,BB
Company_780,Transportation,38.4,36.7,26.8,2023,0,BB
Company_780,Transportation,40.1,37.9,27.1,2024,0,BB
Company_780,Transportation,42.1,40.4,32.1,2025,0,BB
Company_781,Technology,98.9,30.0,45.2,2015,1,A
Company_781,Technology,100.0,30.6,44.4,2016,1,A
Company_781,Technology,99.0,33.3,43.4,2017,1,A
Company_781,Technology,100.0,33.2,43.8,2018,1,A
Company_781,Technology,100.0,32.6,46.6,2019,1,A
Company_781,Technology,100.0,34.9,48.0,2020,1,AA
Company_781,Technology,98.5,35.0,48.6,2021,1,AA
Company_781,Technology,99.8,36.8,51.6,2022,1,AA
Company_781,Technology,100.0,35.3,52.9,2023,1,AA
Company_781,Technology,98.7,37.1,53.0,2024,1,AA
Company_781,Technology,100.0,36.4,49.9,2025,1,AA
Company_782,Finance,94.6,33.3,28.1,2015,4,A
Company_782,Finance,95.1,32.9,30.8,2016,4,A
Company_782,Finance,94.5,32.3,32.4,2017,4,A
Company_782,Finance,100.0,33.4,32.6,2018,4,A
Company_782,Finance,100.0,33.3,35.2,2019,4,A
Company_782,Finance,99.4,34.3,36.2,2020,4,A
Company_782,Finance,100.0,36.6,38.2,2021,4,A
Company_782,Finance,99.7,38.9,41.0,2022,4,A
Company_782,Finance,100.0,43.8,39.8,2023,4,AA
Company_782,Finance,100.0,44.2,38.9,2024,4,AA
Company_782,Finance,100.0,45.9,35.3,2025,4,AA
Company_783,Manufacturing,6.2,55.8,24.6,2015,4,CCC
Company_783,Manufacturing,4.5,54.5,27.9,2016,4,CCC
Company_783,Manufacturing,6.8,54.6,28.7,2017,4,BB
Company_783,Manufacturing,8.6,57.3,34.9,2018,4,BB
Company_783,Manufacturing,11.7,59.2,34.6,2019,4,BB
Company_783,Manufacturing,12.5,60.9,35.2,2020,4,BB
Company_783,Manufacturing,11.6,62.1,37.5,2021,4,BB
Company_783,Manufacturing,12.0,64.8,35.7,2022,4,BB
Company_783,Manufacturing,14.7,65.4,36.1,2023,4,BB
Company_783,Manufacturing,17.7,69.0,36.7,2024,4,BBB
Company_783,Manufacturing,22.0,72.6,38.0,2025,4,BBB
Company_784,Manufacturing,16.5,24.4,35.4,2015,0,CCC
Company_784,Manufacturing,17.6,24.2,33.1,2016,0,CCC
Company_784,Manufacturing,17.1,21.5,34.3,2017,0,CCC
Company_784,Manufacturing,14.8,21.2,34.9,2018,0,CCC
Company_784,Manufacturing,18.2,21.1,36.9,2019,0,CCC
Company_784,Manufacturing,18.4,19.7,35.8,2020,0,CCC
Company_784,Manufacturing,18.4,17.2,35.8,2021,0,CCC
Company_784,Manufacturing,21.8,18.1,38.2,2022,0,CCC
Company_784,Manufacturing,24.5,21.2,37.0,2023,0,CCC
Company_784,Manufacturing,24.3,24.4,38.8,2024,0,CCC
Company_784,Manufacturing,27.6,24.2,40.9,2025,0,BB
Company_785,Retail,12.6,35.0,78.5,2015,1,BBB
Company_785,Retail,13.9,35.4,78.0,2016,1,BBB
Company_785,Retail,13.8,34.2,81.6,2017,1,BBB
Company_785,Retail,16.3,36.8,83.6,2018,1,BBB
Company_785,Retail,17.7,37.8,85.9,2019,1,BBB
Company_785,Retail,21.9,34.3,85.9,2020,1,BBB
Company_785,Retail,21.5,33.8,86.5,2021,1,BBB
Company_785,Retail,23.2,33.6,87.5,2022,1,BBB
Company_785,Retail,25.3,37.2,86.1,2023,1,BBB
Company_785,Retail,28.2,38.1,84.4,2024,1,A
Company_785,Retail,29.5,36.3,86.0,2025,1,A
Company_786,Energy,49.0,48.6,73.1,2015,5,A
Company_786,Energy,46.1,50.5,70.8,2016,5,A
Company_786,Energy,46.4,53.9,69.6,2017,5,A
Company_786,Energy,48.3,51.1,69.8,2018,5,A
Company_786,Energy,49.5,46.8,73.0,2019,5,A
Company_786,Energy,48.6,47.2,76.4,2020,5,A
Company_786,Energy,48.2,45.0,76.4,2021,5,A
Company_786,Energy,46.3,44.9,74.4,2022,5,A
Company_786,Energy,48.9,42.6,74.2,2023,5,A
Company_786,Energy,52.4,43.5,75.5,2024,5,A
Company_786,Energy,57.7,43.5,74.7,2025,5,A
Company_787,Utilities,54.0,64.5,17.7,2015,5,BBB
Company_787,Utilities,51.8,61.9,16.7,2016,5,BBB
Company_787,Utilities,51.8,64.2,16.0,2017,5,BBB
Company_787,Utilities,49.5,64.7,14.5,2018,5,BBB
Company_787,Utilities,46.2,68.5,13.0,2019,5,BBB
Company_787,Utilities,47.5,69.2,16.6,2020,5,BBB
Company_787,Utilities,51.6,71.4,18.6,2021,5,BBB
Company_787,Utilities,52.8,70.2,21.5,2022,5,BBB
Company_787,Utilities,51.7,72.7,21.7,2023,5,BBB
Company_787,Utilities,55.1,72.9,22.0,2024,5,A
Company_787,Utilities,55.4,72.4,22.4,2025,5,A
Company_788,Finance,99.8,43.7,78.1,2015,5,AA
Company_788,Finance,100.0,44.8,79.3,2016,5,AA
Company_788,Finance,98.8,44.4,80.7,2017,5,AA
Company_788,Finance,100.0,43.1,81.9,2018,5,AAA
Company_788,Finance,99.9,45.1,83.1,2019,5,AAA
Company_788,Finance,100.0,45.7,80.5,2020,5,AAA
Company_788,Finance,99.9,42.1,79.6,2021,5,AA
Company_788,Finance,100.0,44.9,82.2,2022,5,AAA
Company_788,Finance,97.6,44.0,86.7,2023,5,AAA
Company_788,Finance,99.3,45.2,86.8,2024,5,AAA
Company_788,Finance,100.0,48.3,87.1,2025,5,AAA
Company_789,Utilities,50.6,37.0,45.0,2015,1,BBB
Company_789,Utilities,51.3,37.0,43.9,2016,1,BBB
Company_789,Utilities,51.3,38.0,41.3,2017,1,BBB
Company_789,Utilities,56.0,39.3,39.5,2018,1,BBB
Company_789,Utilities,56.3,41.3,37.6,2019,1,BBB
Company_789,Utilities,57.8,40.8,37.3,2020,1,BBB
Company_789,Utilities,57.0,38.9,41.3,2021,1,BBB
Company_789,Utilities,57.6,36.1,42.7,2022,1,BBB
Company_789,Utilities,59.5,32.2,45.5,2023,1,BBB
Company_789,Utilities,55.9,29.4,46.0,2024,1,BBB
Company_789,Utilities,58.2,33.5,47.7,2025,1,BBB
Company_790,Finance,76.9,35.1,39.0,2015,3,A
Company_790,Finance,79.9,35.0,42.8,2016,3,A
Company_790,Finance,80.8,33.9,44.8,2017,3,A
Company_790,Finance,85.1,36.3,45.2,2018,3,A
Company_790,Finance,86.7,37.8,45.1,2019,3,A
Company_790,Finance,85.4,39.6,46.6,2020,3,A
Company_790,Finance,87.4,40.2,45.5,2021,3,A
Company_790,Finance,88.3,44.5,48.8,2022,3,AA
Company_790,Finance,90.0,39.3,49.5,2023,3,A
Company_790,Finance,90.1,41.3,48.9,2024,3,AA
Company_790,Finance,93.9,40.7,52.0,2025,3,AA
Company_791,Retail,4.3,42.6,86.4,2015,2,BBB
Company_791,Retail,1.8,43.3,87.5,2016,2,BBB
Company_791,Retail,3.7,45.0,88.4,2017,2,BBB
Company_791,Retail,4.0,46.2,90.5,2018,2,BBB
Company_791,Retail,7.0,52.1,91.0,2019,2,A
Company_791,Retail,9.0,50.9,91.5,2020,2,A
Company_791,Retail,3.6,51.2,92.9,2021,2,BBB
Company_791,Retail,1.9,50.3,94.6,2022,2,BBB
Company_791,Retail,1.1,49.9,92.6,2023,2,BBB
Company_791,Retail,2.2,51.6,93.4,2024,2,BBB
Company_791,Retail,5.4,52.8,93.6,2025,2,A
Company_792,Finance,72.6,27.2,42.5,2015,0,BBB
Company_792,Finance,73.2,27.4,42.6,2016,0,BBB
Company_792,Finance,74.8,29.2,45.7,2017,0,BBB
Company_792,Finance,74.1,30.4,46.1,2018,0,A
Company_792,Finance,75.7,32.5,48.6,2019,0,A
Company_792,Finance,75.8,32.3,47.3,2020,0,A
Company_792,Finance,75.1,31.9,50.3,2021,0,A
Company_792,Finance,76.3,35.6,51.8,2022,0,A
Company_792,Finance,79.3,34.8,51.9,2023,0,A
Company_792,Finance,84.8,35.8,54.5,2024,0,A
Company_792,Finance,84.2,37.1,52.9,2025,0,A
Company_793,Manufacturing,18.3,64.3,25.2,2015,0,BB
Company_793,Manufacturing,16.6,64.4,26.8,2016,0,BB
Company_793,Manufacturing,15.3,65.7,25.6,2017,0,BB
Company_793,Manufacturing,16.8,68.3,24.4,2018,0,BB
Company_793,Manufacturing,15.7,69.2,22.2,2019,0,BB
Company_793,Manufacturing,20.1,71.2,20.6,2020,0,BB
Company_793,Manufacturing,19.9,73.4,24.0,2021,0,BB
Company_793,Manufacturing,20.4,72.6,24.4,2022,0,BB
Company_793,Manufacturing,21.1,74.6,28.2,2023,0,BBB
Company_793,Manufacturing,24.1,78.4,30.8,2024,0,BBB
Company_793,Manufacturing,27.2,80.8,30.3,2025,0,BBB
Company_794,Technology,80.5,63.9,62.6,2015,5,AA
Company_794,Technology,79.0,63.1,64.0,2016,5,AA
Company_794,Technology,77.4,63.9,67.5,2017,5,AA
Company_794,Technology,78.8,65.9,69.8,2018,5,AA
Company_794,Technology,82.2,68.6,67.8,2019,5,AA
Company_794,Technology,86.4,67.4,67.1,2020,5,AA
Company_794,Technology,87.5,69.5,66.5,2021,5,AA
Company_794,Technology,90.7,72.4,67.1,2022,5,AAA
Company_794,Technology,95.8,72.6,66.7,2023,5,AAA
Company_794,Technology,96.4,73.2,65.7,2024,5,AAA
Company_794,Technology,95.4,74.5,66.4,2025,5,AAA
Company_795,Technology,95.1,63.2,74.4,2015,2,AAA
Company_795,Technology,93.7,65.1,71.4,2016,2,AAA
Company_795,Technology,93.2,64.2,73.6,2017,2,AAA
Company_795,Technology,94.3,63.3,73.5,2018,2,AAA
Company_795,Technology,97.9,65.2,71.8,2019,2,AAA
Company_795,Technology,99.5,64.4,72.8,2020,2,AAA
Company_795,Technology,96.5,63.2,72.4,2021,2,AAA
Company_795,Technology,94.9,60.1,74.2,2022,2,AAA
Company_795,Technology,98.8,59.9,78.6,2023,2,AAA
Company_795,Technology,98.0,62.1,80.6,2024,2,AAA
Company_795,Technology,98.6,59.2,77.8,2025,2,AAA
Company_796,Healthcare,68.0,71.3,84.8,2015,2,AA
Company_796,Healthcare,68.9,67.9,84.9,2016,2,AA
Company_796,Healthcare,69.3,70.8,82.8,2017,2,AA
Company_796,Healthcare,71.6,70.6,82.8,2018,2,AAA
Company_796,Healthcare,71.5,67.7,82.4,2019,2,AA
Company_796,Healthcare,72.4,69.8,83.0,2020,2,AAA
Company_796,Healthcare,71.4,69.2,83.4,2021,2,AA
Company_796,Healthcare,71.8,66.4,84.1,2022,2,AA
Company_796,Healthcare,72.5,63.6,86.2,2023,2,AA
Company_796,Healthcare,72.3,63.2,85.6,2024,2,AA
Company_796,Healthcare,76.6,64.0,88.1,2025,2,AAA
Company_797,Manufacturing,46.4,50.8,78.7,2015,5,A
Company_797,Manufacturing,48.2,50.5,82.0,2016,5,AA
Company_797,Manufacturing,50.1,52.4,83.5,2017,5,AA
Company_797,Manufacturing,46.6,51.9,82.1,2018,5,AA
Company_797,Manufacturing,52.9,51.3,83.3,2019,5,AA
Company_797,Manufacturing,55.8,50.8,86.3,2020,5,AA
Company_797,Manufacturing,57.3,51.0,87.7,2021,5,AA
Company_797,Manufacturing,60.7,53.0,91.9,2022,5,AA
Company_797,Manufacturing,59.9,51.5,93.0,2023,5,AA
Company_797,Manufacturing,63.8,52.7,94.9,2024,5,AA
Company_797,Manufacturing,64.2,55.5,95.8,2025,5,AA
Company_798,Transportation,25.0,65.4,74.3,2015,6,A
Company_798,Transportation,26.7,63.9,74.7,2016,6,A
Company_798,Transportation,29.1,64.1,75.9,2017,6,A
Company_798,Transportation,31.3,64.2,74.0,2018,6,A
Company_798,Transportation,31.8,64.6,71.2,2019,6,A
Company_798,Transportation,31.8,66.1,66.5,2020,6,A
Company_798,Transportation,30.2,67.3,67.5,2021,6,A
Company_798,Transportation,37.0,70.0,66.6,2022,6,A
Company_798,Transportation,38.2,66.8,65.3,2023,6,A
Company_798,Transportation,40.1,68.4,65.0,2024,6,A
Company_798,Transportation,41.7,66.3,69.7,2025,6,A
Company_799,Consumer Goods,49.4,88.1,79.9,2015,6,AA
Company_799,Consumer Goods,51.7,89.8,78.9,2016,6,AA
Company_799,Consumer Goods,50.9,89.1,77.1,2017,6,AA
Company_799,Consumer Goods,53.8,90.0,78.0,2018,6,AA
Company_799,Consumer Goods,56.0,90.5,78.2,2019,6,AA
Company_799,Consumer Goods,57.3,88.3,73.4,2020,6,AA
Company_799,Consumer Goods,58.9,88.0,74.3,2021,6,AA
Company_799,Consumer Goods,62.1,88.8,74.2,2022,6,AAA
Company_799,Consumer Goods,63.7,84.8,75.7,2023,6,AA
Company_799,Consumer Goods,63.7,83.6,74.6,2024,6,AA
Company_799,Consumer Goods,66.1,86.7,75.9,2025,6,AAA
Company_800,Transportation,6.0,69.8,46.4,2015,1,BBB
Company_800,Transportation,4.7,69.9,42.6,2016,1,BB
Company_800,Transportation,9.5,70.4,42.5,2017,1,BBB
Company_800,Transportation,12.2,67.7,43.3,2018,1,BBB
Company_800,Transportation,10.4,66.9,44.8,2019,1,BBB
Company_800,Transportation,10.8,67.1,47.1,2020,1,BBB
Company_800,Transportation,8.5,67.3,50.5,2021,1,BBB
Company_800,Transportation,8.0,66.6,50.0,2022,1,BBB
Company_800,Transportation,10.7,67.9,54.3,2023,1,BBB
Company_800,Transportation,12.9,68.1,56.5,2024,1,BBB
Company_800,Transportation,11.7,69.6,53.2,2025,1,BBB
Company_801,Finance,97.1,12.7,47.3,2015,0,A
Company_801,Finance,99.8,14.2,45.2,2016,0,A
Company_801,Finance,97.2,12.9,48.2,2017,0,A
Company_801,Finance,98.4,13.9,44.7,2018,0,A
Company_801,Finance,99.6,13.9,43.3,2019,0,A
Company_801,Finance,98.9,13.6,45.5,2020,0,A
Company_801,Finance,97.6,14.0,43.8,2021,0,A
Company_801,Finance,100.0,11.3,42.7,2022,0,A
Company_801,Finance,100.0,10.4,41.6,2023,0,A
Company_801,Finance,100.0,8.3,43.6,2024,0,A
Company_801,Finance,96.2,10.5,44.8,2025,0,A
Company_802,Consumer Goods,31.9,83.9,97.5,2015,6,AA
Company_802,Consumer Goods,32.2,84.8,99.9,2016,6,AA
Company_802,Consumer Goods,33.4,84.5,99.1,2017,6,AA
Company_802,Consumer Goods,35.1,82.8,98.5,2018,6,AA
Company_802,Consumer Goods,37.5,83.8,99.1,2019,6,AA
Company_802,Consumer Goods,38.6,81.9,100.0,2020,6,AA
Company_802,Consumer Goods,40.5,78.5,100.0,2021,6,AA
Company_802,Consumer Goods,40.1,78.6,100.0,2022,6,AA
Company_802,Consumer Goods,41.0,78.0,100.0,2023,6,AA
Company_802,Consumer Goods,44.4,81.2,100.0,2024,6,AAA
Company_802,Consumer Goods,48.6,77.2,98.8,2025,6,AA
Company_803,Consumer Goods,41.1,15.7,17.6,2015,0,CCC
Company_803,Consumer Goods,43.0,18.4,15.9,2016,0,CCC
Company_803,Consumer Goods,44.4,16.7,16.4,2017,0,CCC
Company_803,Consumer Goods,46.5,15.6,19.5,2018,0,CCC
Company_803,Consumer Goods,47.2,18.7,21.0,2019,0,CCC
Company_803,Consumer Goods,47.4,19.0,19.5,2020,0,CCC
Company_803,Consumer Goods,49.1,20.0,16.6,2021,0,CCC
Company_803,Consumer Goods,50.5,19.7,17.2,2022,0,CCC
Company_803,Consumer Goods,51.2,19.9,16.5,2023,0,CCC
Company_803,Consumer Goods,51.7,18.4,10.9,2024,0,CCC
Company_803,Consumer Goods,53.9,21.9,9.5,2025,0,CCC
Company_804,Energy,34.9,70.3,97.4,2015,2,AA
Company_804,Energy,36.1,71.4,94.1,2016,2,AA
Company_804,Energy,38.8,69.8,92.3,2017,2,AA
Company_804,Energy,38.9,73.7,90.4,2018,2,AA
Company_804,Energy,39.4,75.9,90.0,2019,2,AA
Company_804,Energy,42.4,77.5,89.9,2020,2,AA
Company_804,Energy,45.1,76.7,89.1,2021,2,AA
Company_804,Energy,45.0,74.4,89.3,2022,2,AA
Company_804,Energy,45.1,77.8,91.0,2023,2,AA
Company_804,Energy,45.0,76.9,93.5,2024,2,AA
Company_804,Energy,45.7,79.0,98.1,2025,2,AA
Company_805,Healthcare,83.1,39.0,39.3,2015,4,A
Company_805,Healthcare,82.5,40.0,38.4,2016,4,A
Company_805,Healthcare,81.0,40.1,38.3,2017,4,A
Company_805,Healthcare,83.6,41.8,38.5,2018,4,A
Company_805,Healthcare,86.9,42.5,36.0,2019,4,A
Company_805,Healthcare,89.4,43.4,35.2,2020,4,A
Company_805,Healthcare,94.0,44.5,30.3,2021,4,A
Company_805,Healthcare,95.5,41.7,30.8,2022,4,A
Company_805,Healthcare,100.0,43.6,34.1,2023,4,A
Company_805,Healthcare,99.0,44.6,37.9,2024,4,AA
Company_805,Healthcare,100.0,43.7,37.8,2025,4,AA
Company_806,Finance,99.6,61.4,87.5,2015,5,AAA
Company_806,Finance,99.6,61.4,87.7,2016,5,AAA
Company_806,Finance,99.4,61.4,85.1,2017,5,AAA
Company_806,Finance,99.2,61.1,81.8,2018,5,AAA
Company_806,Finance,96.3,59.2,80.6,2019,5,AAA
Company_806,Finance,95.2,62.0,80.1,2020,5,AAA
Company_806,Finance,98.0,66.0,78.4,2021,5,AAA
Company_806,Finance,100.0,63.5,77.5,2022,5,AAA
Company_806,Finance,100.0,66.8,75.0,2023,5,AAA
Company_806,Finance,100.0,68.8,77.2,2024,5,AAA
Company_806,Finance,98.7,65.8,76.6,2025,5,AAA
Company_807,Transportation,14.8,79.3,77.4,2015,1,A
Company_807,Transportation,17.0,80.7,79.8,2016,1,A
Company_807,Transportation,16.1,81.7,80.3,2017,1,A
Company_807,Transportation,20.2,82.2,80.1,2018,1,AA
Company_807,Transportation,20.9,83.9,81.2,2019,1,AA
Company_807,Transportation,23.0,86.8,84.6,2020,1,AA
Company_807,Transportation,21.8,87.7,84.0,2021,1,AA
Company_807,Transportation,21.3,86.0,83.5,2022,1,AA
Company_807,Transportation,22.6,83.7,79.6,2023,1,AA
Company_807,Transportation,24.6,84.5,81.8,2024,1,AA
Company_807,Transportation,27.6,84.8,83.4,2025,1,AA
Company_808,Technology,77.2,54.1,55.6,2015,5,AA
Company_808,Technology,80.7,56.7,55.7,2016,5,AA
Company_808,Technology,78.8,56.5,55.5,2017,5,AA
Company_808,Technology,84.8,60.2,55.6,2018,5,AA
Company_808,Technology,85.0,63.1,58.4,2019,5,AA
Company_808,Technology,89.3,63.6,59.4,2020,5,AA
Company_808,Technology,88.4,62.4,62.3,2021,5,AA
Company_808,Technology,89.1,64.6,61.9,2022,5,AA
Company_808,Technology,89.8,64.2,65.7,2023,5,AA
Company_808,Technology,87.6,63.7,69.0,2024,5,AA
Company_808,Technology,88.7,63.9,68.3,2025,5,AA
Company_809,Utilities,45.7,56.5,30.7,2015,1,BBB
Company_809,Utilities,47.4,54.8,33.7,2016,1,BBB
Company_809,Utilities,48.7,54.0,37.8,2017,1,BBB
Company_809,Utilities,49.9,53.6,39.3,2018,1,BBB
Company_809,Utilities,51.9,53.9,38.9,2019,1,BBB
Company_809,Utilities,52.3,53.4,38.5,2020,1,BBB
Company_809,Utilities,56.2,58.1,42.8,2021,1,A
Company_809,Utilities,58.8,59.1,45.4,2022,1,A
Company_809,Utilities,60.4,60.8,44.5,2023,1,A
Company_809,Utilities,61.8,62.3,43.5,2024,1,A
Company_809,Utilities,64.0,62.8,43.2,2025,1,A
Company_810,Healthcare,54.4,6.1,31.0,2015,0,BB
Company_810,Healthcare,56.7,7.1,30.5,2016,0,BB
Company_810,Healthcare,56.0,6.6,29.4,2017,0,BB
Company_810,Healthcare,58.0,6.5,30.2,2018,0,BB
Company_810,Healthcare,58.1,3.8,28.7,2019,0,BB
Company_810,Healthcare,58.2,6.2,28.7,2020,0,BB
Company_810,Healthcare,58.7,8.5,27.5,2021,0,BB
Company_810,Healthcare,61.7,7.0,26.6,2022,0,BB
Company_810,Healthcare,64.0,8.8,28.9,2023,0,BB
Company_810,Healthcare,69.3,8.0,25.1,2024,0,BB
Company_810,Healthcare,70.2,8.3,24.0,2025,0,BB
Company_811,Finance,48.2,62.4,21.8,2015,1,BBB
Company_811,Finance,53.7,63.6,21.8,2016,1,BBB
Company_811,Finance,57.4,63.3,21.6,2017,1,BBB
Company_811,Finance,58.0,62.5,23.5,2018,1,BBB
Company_811,Finance,59.5,64.5,22.3,2019,1,BBB
Company_811,Finance,57.3,66.2,25.1,2020,1,BBB
Company_811,Finance,61.0,67.6,27.0,2021,1,A
Company_811,Finance,67.9,68.6,27.8,2022,1,A
Company_811,Finance,69.0,70.6,29.0,2023,1,A
Company_811,Finance,72.5,69.2,32.6,2024,1,A
Company_811,Finance,75.6,69.9,33.4,2025,1,A
Company_812,Manufacturing,3.9,39.9,77.6,2015,5,BBB
Company_812,Manufacturing,2.4,42.3,75.4,2016,5,BBB
Company_812,Manufacturing,3.5,40.7,69.7,2017,5,BB
Company_812,Manufacturing,3.9,40.3,71.7,2018,5,BB
Company_812,Manufacturing,4.6,39.6,74.0,2019,5,BB
Company_812,Manufacturing,6.7,40.5,73.1,2020,5,BBB
Company_812,Manufacturing,8.8,38.9,78.0,2021,5,BBB
Company_812,Manufacturing,10.8,42.2,78.9,2022,5,BBB
Company_812,Manufacturing,10.1,39.7,79.1,2023,5,BBB
Company_812,Manufacturing,15.0,35.8,80.1,2024,5,BBB
Company_812,Manufacturing,20.2,36.8,78.5,2025,5,BBB
Company_813,Finance,100.0,82.7,40.1,2015,2,AA
Company_813,Finance,99.0,82.0,38.8,2016,2,AA
Company_813,Finance,98.9,85.1,39.0,2017,2,AA
Company_813,Finance,99.7,85.2,42.5,2018,2,AAA
Company_813,Finance,100.0,84.6,45.0,2019,2,AAA
Company_813,Finance,99.2,85.6,45.1,2020,2,AAA
Company_813,Finance,100.0,83.0,45.8,2021,2,AAA
Company_813,Finance,100.0,82.8,46.5,2022,2,AAA
Company_813,Finance,100.0,86.3,49.8,2023,2,AAA
Company_813,Finance,100.0,86.3,49.1,2024,2,AAA
Company_813,Finance,97.8,87.4,51.1,2025,2,AAA
Company_814,Consumer Goods,49.5,90.2,42.8,2015,3,AA
Company_814,Consumer Goods,48.6,91.2,41.0,2016,3,AA
Company_814,Consumer Goods,49.4,92.7,43.7,2017,3,AA
Company_814,Consumer Goods,50.9,94.3,44.8,2018,3,AA
Company_814,Consumer Goods,47.6,91.9,42.5,2019,3,AA
Company_814,Consumer Goods,47.6,95.4,47.2,2020,3,AA
Company_814,Consumer Goods,47.4,94.3,47.4,2021,3,AA
Company_814,Consumer Goods,49.0,95.0,45.7,2022,3,AA
Company_814,Consumer Goods,51.1,100.0,46.7,2023,3,AA
Company_814,Consumer Goods,52.1,100.0,46.2,2024,3,AA
Company_814,Consumer Goods,55.3,100.0,47.5,2025,3,AA
Company_815,Technology,85.2,52.9,23.6,2015,5,A
Company_815,Technology,83.2,54.0,24.9,2016,5,A
Company_815,Technology,82.1,54.6,26.5,2017,5,A
Company_815,Technology,84.1,58.6,27.8,2018,5,A
Company_815,Technology,90.2,58.5,27.5,2019,5,A
Company_815,Technology,90.1,57.6,25.4,2020,5,A
Company_815,Technology,89.5,57.5,25.1,2021,5,A
Company_815,Technology,91.9,55.8,27.7,2022,5,A
Company_815,Technology,93.9,54.2,27.9,2023,5,A
Company_815,Technology,96.6,53.0,27.8,2024,5,A
Company_815,Technology,98.3,52.2,27.1,2025,5,A
Company_816,Manufacturing,43.5,20.1,15.0,2015,4,CCC
Company_816,Manufacturing,44.5,17.6,14.0,2016,4,CCC
Company_816,Manufacturing,43.9,18.2,12.3,2017,4,CCC
Company_816,Manufacturing,44.6,16.9,12.9,2018,4,CCC
Company_816,Manufacturing,46.0,16.8,12.7,2019,4,CCC
Company_816,Manufacturing,43.5,16.4,12.6,2020,4,CCC
Company_816,Manufacturing,45.3,17.9,11.5,2021,4,CCC
Company_816,Manufacturing,45.5,18.4,9.1,2022,4,CCC
Company_816,Manufacturing,46.4,17.8,9.1,2023,4,CCC
Company_816,Manufacturing,50.7,16.7,9.8,2024,4,CCC
Company_816,Manufacturing,47.8,14.9,12.7,2025,4,CCC
Company_817,Energy,16.2,91.9,50.1,2015,5,A
Company_817,Energy,18.6,89.5,50.0,2016,5,A
Company_817,Energy,19.6,92.0,48.0,2017,5,A
Company_817,Energy,19.8,92.7,45.9,2018,5,A
Company_817,Energy,21.1,96.0,42.9,2019,5,A
Company_817,Energy,22.8,96.4,40.5,2020,5,A
Company_817,Energy,23.1,97.3,42.5,2021,5,A
Company_817,Energy,25.9,100.0,44.7,2022,5,A
Company_817,Energy,26.2,100.0,45.4,2023,5,A
Company_817,Energy,26.3,100.0,41.9,2024,5,A
Company_817,Energy,22.1,100.0,43.2,2025,5,A
Company_818,Consumer Goods,49.7,64.1,20.5,2015,0,BBB
Company_818,Consumer Goods,51.7,63.0,18.7,2016,0,BBB
Company_818,Consumer Goods,51.6,62.7,19.4,2017,0,BBB
Company_818,Consumer Goods,52.6,66.7,20.8,2018,0,BBB
Company_818,Consumer Goods,53.7,67.4,17.3,2019,0,BBB
Company_818,Consumer Goods,51.5,69.8,16.0,2020,0,BBB
Company_818,Consumer Goods,53.1,71.6,19.1,2021,0,BBB
Company_818,Consumer Goods,52.5,72.5,20.8,2022,0,BBB
Company_818,Consumer Goods,54.6,75.3,20.9,2023,0,A
Company_818,Consumer Goods,58.8,74.3,21.7,2024,0,A
Company_818,Consumer Goods,61.5,75.5,23.4,2025,0,A
Company_819,Finance,80.6,35.9,70.7,2015,1,AA
Company_819,Finance,81.1,34.0,68.3,2016,1,AA
Company_819,Finance,82.1,32.1,66.0,2017,1,AA
Company_819,Finance,80.9,33.7,67.4,2018,1,AA
Company_819,Finance,83.4,35.6,67.1,2019,1,AA
Company_819,Finance,88.4,34.5,65.5,2020,1,AA
Company_819,Finance,88.0,36.3,68.1,2021,1,AA
Company_819,Finance,88.5,36.2,72.7,2022,1,AA
Company_819,Finance,85.5,37.2,74.2,2023,1,AA
Company_819,Finance,87.8,36.8,72.6,2024,1,AA
Company_819,Finance,89.0,36.7,73.9,2025,1,AA
Company_820,Energy,19.5,48.7,78.0,2015,2,BBB
Company_820,Energy,20.2,48.5,77.3,2016,2,BBB
Company_820,Energy,20.7,48.7,77.8,2017,2,BBB
Company_820,Energy,22.5,53.4,76.5,2018,2,A
Company_820,Energy,23.2,52.9,77.0,2019,2,A
Company_820,Energy,23.1,55.3,80.1,2020,2,A
Company_820,Energy,25.8,52.1,77.0,2021,2,A
Company_820,Energy,30.6,56.2,80.8,2022,2,A
Company_820,Energy,34.0,57.5,80.3,2023,2,A
Company_820,Energy,33.0,57.0,83.1,2024,2,A
Company_820,Energy,32.8,56.6,81.8,2025,2,A
Company_821,Manufacturing,40.3,11.5,27.8,2015,0,CCC
Company_821,Manufacturing,40.9,11.1,29.4,2016,0,CCC
Company_821,Manufacturing,42.5,15.0,30.2,2017,0,CCC
Company_821,Manufacturing,45.4,19.7,30.9,2018,0,BB
Company_821,Manufacturing,44.3,20.6,28.7,2019,0,BB
Company_821,Manufacturing,44.5,20.4,28.8,2020,0,BB
Company_821,Manufacturing,45.7,22.3,32.7,2021,0,BB
Company_821,Manufacturing,47.4,23.9,34.4,2022,0,BB
Company_821,Manufacturing,51.7,25.8,34.5,2023,0,BB
Company_821,Manufacturing,53.2,29.0,31.4,2024,0,BB
Company_821,Manufacturing,55.0,26.3,34.3,2025,0,BB
Company_822,Finance,50.6,75.1,32.4,2015,3,A
Company_822,Finance,51.1,76.4,33.4,2016,3,A
Company_822,Finance,51.7,76.2,36.7,2017,3,A
Company_822,Finance,54.4,74.1,39.9,2018,3,A
Company_822,Finance,53.3,72.9,43.1,2019,3,A
Company_822,Finance,53.0,75.2,41.1,2020,3,A
Company_822,Finance,52.1,75.6,43.6,2021,3,A
Company_822,Finance,49.1,78.0,45.8,2022,3,A
Company_822,Finance,51.2,80.4,42.7,2023,3,A
Company_822,Finance,53.0,78.1,44.0,2024,3,A
Company_822,Finance,53.0,77.4,48.1,2025,3,A
Company_823,Retail,54.7,78.6,66.8,2015,2,AA
Company_823,Retail,56.3,78.4,66.4,2016,2,AA
Company_823,Retail,57.5,79.1,68.5,2017,2,AA
Company_823,Retail,57.5,79.8,68.8,2018,2,AA
Company_823,Retail,57.1,79.5,70.4,2019,2,AA
Company_823,Retail,59.2,76.6,74.5,2020,2,AA
Company_823,Retail,65.0,75.9,77.6,2021,2,AA
Company_823,Retail,66.6,78.2,78.4,2022,2,AA
Company_823,Retail,68.1,80.1,73.9,2023,2,AA
Company_823,Retail,69.6,79.8,71.9,2024,2,AA
Company_823,Retail,74.7,78.2,73.7,2025,2,AAA
Company_824,Transportation,9.0,53.7,74.3,2015,6,BBB
Company_824,Transportation,12.2,53.8,75.5,2016,6,BBB
Company_824,Transportation,12.9,53.8,77.3,2017,6,BBB
Company_824,Transportation,12.7,50.9,78.6,2018,6,BBB
Company_824,Transportation,13.5,52.9,77.9,2019,6,BBB
Company_824,Transportation,14.6,53.6,80.7,2020,6,BBB
Company_824,Transportation,14.1,51.1,83.6,2021,6,BBB
Company_824,Transportation,18.9,51.3,86.3,2022,6,A
Company_824,Transportation,19.1,53.0,86.6,2023,6,A
Company_824,Transportation,21.7,50.9,87.3,2024,6,A
Company_824,Transportation,22.6,50.4,93.1,2025,6,A
Company_825,Utilities,60.0,56.4,64.2,2015,4,AA
Company_825,Utilities,62.3,57.8,63.0,2016,4,AA
Company_825,Utilities,66.0,56.0,63.2,2017,4,AA
Company_825,Utilities,66.5,55.2,61.7,2018,4,AA
Company_825,Utilities,70.4,56.2,63.7,2019,4,AA
Company_825,Utilities,68.1,60.9,63.4,2020,4,AA
Company_825,Utilities,66.6,63.2,65.1,2021,4,AA
Company_825,Utilities,69.0,67.4,67.0,2022,4,AA
Company_825,Utilities,71.6,67.5,68.3,2023,4,AA
Company_825,Utilities,75.7,68.6,68.0,2024,4,AA
Company_825,Utilities,73.9,66.6,67.3,2025,4,AA
Company_826,Transportation,29.2,73.7,75.5,2015,3,A
Company_826,Transportation,27.1,72.3,74.8,2016,3,A
Company_826,Transportation,26.9,73.9,75.2,2017,3,A
Company_826,Transportation,28.5,75.2,76.6,2018,3,AA
Company_826,Transportation,26.8,74.0,73.6,2019,3,A
Company_826,Transportation,30.8,77.0,72.7,2020,3,AA
Company_826,Transportation,31.6,77.3,75.2,2021,3,AA
Company_826,Transportation,30.6,75.2,77.7,2022,3,AA
Company_826,Transportation,33.2,78.0,80.4,2023,3,AA
Company_826,Transportation,32.7,79.5,82.6,2024,3,AA
Company_826,Transportation,36.7,79.5,79.3,2025,3,AA
Company_827,Retail,50.3,38.3,14.9,2015,3,BB
Company_827,Retail,51.7,40.2,15.0,2016,3,BB
Company_827,Retail,54.2,43.1,17.4,2017,3,BB
Company_827,Retail,52.4,42.2,16.1,2018,3,BB
Company_827,Retail,53.8,44.1,16.4,2019,3,BB
Company_827,Retail,54.8,40.5,19.3,2020,3,BB
Company_827,Retail,56.4,40.8,20.0,2021,3,BB
Company_827,Retail,59.3,41.0,21.2,2022,3,BBB
Company_827,Retail,60.7,41.4,23.0,2023,3,BBB
Company_827,Retail,62.7,44.1,23.5,2024,3,BBB
Company_827,Retail,65.9,42.6,24.3,2025,3,BBB
Company_828,Technology,91.5,75.8,84.9,2015,6,AAA
Company_828,Technology,90.7,73.9,87.2,2016,6,AAA
Company_828,Technology,91.2,77.5,86.4,2017,6,AAA
Company_828,Technology,88.2,81.0,85.7,2018,6,AAA
Company_828,Technology,86.5,82.2,84.0,2019,6,AAA
Company_828,Technology,88.2,80.9,84.3,2020,6,AAA
Company_828,Technology,92.8,78.2,88.4,2021,6,AAA
Company_828,Technology,97.3,76.4,88.3,2022,6,AAA
Company_828,Technology,97.7,78.1,86.5,2023,6,AAA
Company_828,Technology,100.0,78.2,90.7,2024,6,AAA
Company_828,Technology,99.7,79.0,92.8,2025,6,AAA
Company_829,Manufacturing,31.0,32.2,70.1,2015,6,BBB
Company_829,Manufacturing,31.6,30.7,71.2,2016,6,BBB
Company_829,Manufacturing,32.6,28.7,69.2,2017,6,BBB
Company_829,Manufacturing,34.0,25.5,67.9,2018,6,BBB
Company_829,Manufacturing,35.1,26.3,66.8,2019,6,BBB
Company_829,Manufacturing,34.0,31.8,69.7,2020,6,BBB
Company_829,Manufacturing,35.7,29.9,70.7,2021,6,BBB
Company_829,Manufacturing,34.0,33.4,70.1,2022,6,BBB
Company_829,Manufacturing,41.1,34.2,70.3,2023,6,BBB
Company_829,Manufacturing,40.8,37.1,72.8,2024,6,A
Company_829,Manufacturing,40.9,40.1,77.6,2025,6,A
Company_830,Manufacturing,56.4,57.0,51.4,2015,0,A
Company_830,Manufacturing,56.6,53.2,54.2,2016,0,A
Company_830,Manufacturing,58.0,55.2,56.3,2017,0,A
Company_830,Manufacturing,58.7,56.1,57.0,2018,0,A
Company_830,Manufacturing,57.5,56.8,59.4,2019,0,A
Company_830,Manufacturing,62.0,58.8,63.9,2020,0,AA
Company_830,Manufacturing,62.9,54.6,63.9,2021,0,AA
Company_830,Manufacturing,62.8,52.6,61.7,2022,0,A
Company_830,Manufacturing,64.3,54.5,60.2,2023,0,A
Company_830,Manufacturing,66.8,52.4,58.8,2024,0,A
Company_830,Manufacturing,65.9,56.5,59.3,2025,0,AA
Company_831,Manufacturing,81.2,95.6,44.1,2015,6,AA
Company_831,Manufacturing,83.8,98.9,44.1,2016,6,AAA
Company_831,Manufacturing,82.1,96.1,44.7,2017,6,AA
Company_831,Manufacturing,82.9,98.8,46.3,2018,6,AAA
Company_831,Manufacturing,80.6,98.6,50.4,2019,6,AAA
Company_831,Manufacturing,81.6,98.5,52.5,2020,6,AAA
Company_831,Manufacturing,83.8,100.0,51.0,2021,6,AAA
Company_831,Manufacturing,86.5,100.0,50.5,2022,6,AAA
Company_831,Manufacturing,87.7,100.0,48.8,2023,6,AAA
Company_831,Manufacturing,87.9,100.0,53.6,2024,6,AAA
Company_831,Manufacturing,86.8,100.0,52.8,2025,6,AAA
Company_832,Consumer Goods,37.3,54.2,18.8,2015,0,BB
Company_832,Consumer Goods,36.1,53.7,18.0,2016,0,BB
Company_832,Consumer Goods,38.3,53.1,18.2,2017,0,BB
Company_832,Consumer Goods,37.5,52.6,17.8,2018,0,BB
Company_832,Consumer Goods,36.6,54.4,19.0,2019,0,BB
Company_832,Consumer Goods,40.1,57.0,20.7,2020,0,BB
Company_832,Consumer Goods,43.7,56.1,20.2,2021,0,BBB
Company_832,Consumer Goods,42.8,56.3,18.8,2022,0,BB
Company_832,Consumer Goods,46.5,53.5,17.9,2023,0,BB
Company_832,Consumer Goods,47.2,55.2,19.4,2024,0,BBB
Company_832,Consumer Goods,50.1,54.8,19.5,2025,0,BBB
Company_833,Consumer Goods,37.8,56.4,74.5,2015,5,A
Company_833,Consumer Goods,39.4,57.3,73.2,2016,5,A
Company_833,Consumer Goods,42.6,56.1,72.8,2017,5,A
Company_833,Consumer Goods,44.2,56.1,71.8,2018,5,A
Company_833,Consumer Goods,45.1,54.2,69.3,2019,5,A
Company_833,Consumer Goods,48.8,55.8,70.6,2020,5,A
Company_833,Consumer Goods,53.8,54.4,70.5,2021,5,A
Company_833,Consumer Goods,53.5,55.1,72.8,2022,5,AA
Company_833,Consumer Goods,54.1,54.2,73.3,2023,5,AA
Company_833,Consumer Goods,58.4,50.7,72.9,2024,5,AA
Company_833,Consumer Goods,64.4,47.9,73.1,2025,5,AA
Company_834,Technology,93.8,58.4,84.4,2015,6,AAA
Company_834,Technology,95.2,57.7,83.6,2016,6,AAA
Company_834,Technology,100.0,58.7,84.8,2017,6,AAA
Company_834,Technology,99.0,64.2,84.0,2018,6,AAA
Company_834,Technology,97.7,65.2,81.6,2019,6,AAA
Company_834,Technology,96.7,67.9,83.6,2020,6,AAA
Company_834,Technology,100.0,69.0,85.9,2021,6,AAA
Company_834,Technology,100.0,69.6,88.1,2022,6,AAA
Company_834,Technology,100.0,73.2,91.3,2023,6,AAA
Company_834,Technology,96.6,72.0,89.5,2024,6,AAA
Company_834,Technology,100.0,69.1,94.0,2025,6,AAA
Company_835,Healthcare,50.5,27.7,3.4,2015,4,CCC
Company_835,Healthcare,48.7,30.0,1.7,2016,4,CCC
Company_835,Healthcare,50.8,34.8,1.0,2017,4,CCC
Company_835,Healthcare,51.4,37.9,2.6,2018,4,BB
Company_835,Healthcare,49.9,39.3,5.0,2019,4,BB
Company_835,Healthcare,54.1,42.0,6.7,2020,4,BB
Company_835,Healthcare,55.6,43.6,2.6,2021,4,BB
Company_835,Healthcare,54.8,43.9,2.9,2022,4,BB
Company_835,Healthcare,54.7,45.7,1.6,2023,4,BB
Company_835,Healthcare,58.0,46.4,0.8,2024,4,BB
Company_835,Healthcare,57.2,48.9,2.3,2025,4,BB
Company_836,Retail,66.5,68.0,51.9,2015,2,AA
Company_836,Retail,68.9,64.5,49.8,2016,2,AA
Company_836,Retail,68.5,65.8,53.8,2017,2,AA
Company_836,Retail,67.0,67.5,55.0,2018,2,AA
Company_836,Retail,68.2,63.5,55.3,2019,2,AA
Company_836,Retail,67.6,65.1,55.8,2020,2,AA
Company_836,Retail,69.5,66.6,54.0,2021,2,AA
Company_836,Retail,71.8,67.8,58.4,2022,2,AA
Company_836,Retail,74.0,66.3,58.7,2023,2,AA
Company_836,Retail,75.2,68.2,59.1,2024,2,AA
Company_836,Retail,75.6,67.6,60.7,2025,2,AA
Company_837,Healthcare,58.9,52.2,44.9,2015,3,A
Company_837,Healthcare,61.1,54.6,42.6,2016,3,A
Company_837,Healthcare,60.9,56.4,46.0,2017,3,A
Company_837,Healthcare,64.7,62.5,48.7,2018,3,A
Company_837,Healthcare,68.4,61.5,51.7,2019,3,AA
Company_837,Healthcare,72.2,64.1,54.5,2020,3,AA
Company_837,Healthcare,73.7,66.8,57.3,2021,3,AA
Company_837,Healthcare,76.8,66.0,57.6,2022,3,AA
Company_837,Healthcare,77.7,67.8,63.2,2023,3,AA
Company_837,Healthcare,77.4,67.8,63.3,2024,3,AA
Company_837,Healthcare,77.0,70.5,67.2,2025,3,AA
Company_838,Finance,72.1,78.3,67.4,2015,3,AA
Company_838,Finance,73.1,78.9,71.2,2016,3,AA
Company_838,Finance,74.1,82.2,69.8,2017,3,AAA
Company_838,Finance,76.1,81.2,71.6,2018,3,AAA
Company_838,Finance,76.8,80.5,71.8,2019,3,AAA
Company_838,Finance,76.4,79.9,74.8,2020,3,AAA
Company_838,Finance,79.0,79.6,72.7,2021,3,AAA
Company_838,Finance,82.5,80.6,75.6,2022,3,AAA
Company_838,Finance,84.1,84.0,76.2,2023,3,AAA
Company_838,Finance,84.5,85.7,75.3,2024,3,AAA
Company_838,Finance,81.9,83.8,77.0,2025,3,AAA
Company_839,Manufacturing,45.5,35.3,63.8,2015,6,BBB
Company_839,Manufacturing,46.9,33.1,66.5,2016,6,BBB
Company_839,Manufacturing,46.5,29.5,68.3,2017,6,BBB
Company_839,Manufacturing,47.2,29.2,68.5,2018,6,BBB
Company_839,Manufacturing,48.3,32.9,68.3,2019,6,BBB
Company_839,Manufacturing,52.0,38.5,66.1,2020,6,A
Company_839,Manufacturing,55.9,40.2,66.7,2021,6,A
Company_839,Manufacturing,55.8,40.2,66.5,2022,6,A
Company_839,Manufacturing,55.6,44.9,64.9,2023,6,A
Company_839,Manufacturing,58.2,49.4,70.6,2024,6,A
Company_839,Manufacturing,59.6,46.9,70.7,2025,6,A
Company_840,Utilities,61.1,31.4,57.7,2015,0,A
Company_840,Utilities,63.1,34.4,58.2,2016,0,A
Company_840,Utilities,64.3,32.3,59.6,2017,0,A
Company_840,Utilities,72.1,33.7,63.2,2018,0,A
Company_840,Utilities,74.6,28.9,65.8,2019,0,A
Company_840,Utilities,76.8,24.1,68.3,2020,0,A
Company_840,Utilities,76.7,22.4,72.5,2021,0,A
Company_840,Utilities,81.6,20.4,71.4,2022,0,A
Company_840,Utilities,82.4,17.8,73.5,2023,0,A
Company_840,Utilities,82.2,18.0,75.6,2024,0,A
Company_840,Utilities,84.7,19.8,74.3,2025,0,A
Company_841,Energy,24.3,31.5,12.7,2015,0,CCC
Company_841,Energy,22.2,32.8,15.4,2016,0,CCC
Company_841,Energy,22.4,35.9,14.1,2017,0,CCC
Company_841,Energy,22.1,36.8,18.1,2018,0,CCC
Company_841,Energy,24.3,40.1,15.1,2019,0,CCC
Company_841,Energy,25.5,38.6,13.6,2020,0,CCC
Company_841,Energy,27.3,39.8,11.9,2021,0,CCC
Company_841,Energy,28.5,39.7,10.8,2022,0,CCC
Company_841,Energy,31.8,39.6,9.0,2023,0,CCC
Company_841,Energy,32.9,42.8,5.7,2024,0,CCC
Company_841,Energy,31.0,46.4,6.5,2025,0,CCC
Company_842,Healthcare,42.8,81.3,50.8,2015,5,A
Company_842,Healthcare,42.9,81.6,52.3,2016,5,A
Company_842,Healthcare,45.7,79.5,55.0,2017,5,AA
Company_842,Healthcare,47.3,75.7,57.4,2018,5,AA
Company_842,Healthcare,48.0,74.1,61.4,2019,5,AA
Company_842,Healthcare,48.0,76.2,62.1,2020,5,AA
Company_842,Healthcare,45.6,75.8,64.4,2021,5,AA
Company_842,Healthcare,47.8,76.1,64.2,2022,5,AA
Company_842,Healthcare,48.0,78.8,62.8,2023,5,AA
Company_842,Healthcare,48.7,80.3,65.4,2024,5,AA
Company_842,Healthcare,52.8,78.5,67.2,2025,5,AA
Company_843,Retail,67.9,91.2,14.3,2015,4,A
Company_843,Retail,69.0,93.4,13.3,2016,4,A
Company_843,Retail,71.7,93.6,13.0,2017,4,A
Company_843,Retail,71.1,93.8,10.2,2018,4,A
Company_843,Retail,70.7,95.4,12.7,2019,4,A
Company_843,Retail,73.2,90.0,11.5,2020,4,A
Company_843,Retail,74.4,90.9,11.6,2021,4,A
Company_843,Retail,76.2,91.1,15.2,2022,4,AA
Company_843,Retail,75.7,92.5,15.4,2023,4,AA
Company_843,Retail,76.4,96.5,12.9,2024,4,AA
Company_843,Retail,75.8,95.5,11.3,2025,4,AA
Company_844,Utilities,63.3,9.6,13.4,2015,0,CCC
Company_844,Utilities,63.7,10.1,15.8,2016,0,CCC
Company_844,Utilities,61.8,10.4,17.9,2017,0,BB
Company_844,Utilities,64.3,10.7,20.4,2018,0,BB
Company_844,Utilities,62.6,9.7,20.7,2019,0,BB
Company_844,Utilities,63.7,10.4,24.3,2020,0,BB
Company_844,Utilities,65.8,11.9,26.1,2021,0,BB
Company_844,Utilities,65.4,11.1,28.6,2022,0,BB
Company_844,Utilities,62.7,14.4,29.0,2023,0,BB
Company_844,Utilities,62.8,17.3,30.9,2024,0,BB
Company_844,Utilities,60.6,22.4,33.4,2025,0,BB
Company_845,Retail,68.0,46.2,51.7,2015,4,A
Company_845,Retail,66.8,46.7,50.5,2016,4,A
Company_845,Retail,66.1,46.0,50.5,2017,4,A
Company_845,Retail,68.7,46.1,52.6,2018,4,A
Company_845,Retail,69.2,47.8,53.1,2019,4,A
Company_845,Retail,70.5,49.1,51.6,2020,4,A
Company_845,Retail,70.5,47.4,52.9,2021,4,A
Company_845,Retail,69.4,47.4,56.6,2022,4,A
Company_845,Retail,68.0,46.8,58.3,2023,4,A
Company_845,Retail,67.2,49.6,56.9,2024,4,A
Company_845,Retail,72.3,49.8,58.9,2025,4,AA
Company_846,Energy,39.6,47.2,22.5,2015,4,BB
Company_846,Energy,40.3,44.5,23.4,2016,4,BB
Company_846,Energy,41.5,44.5,21.0,2017,4,BB
Company_846,Energy,44.7,46.3,23.9,2018,4,BB
Company_846,Energy,46.9,45.4,26.1,2019,4,BB
Company_846,Energy,49.2,46.1,25.7,2020,4,BBB
Company_846,Energy,49.2,46.1,25.2,2021,4,BBB
Company_846,Energy,49.0,46.6,24.2,2022,4,BB
Company_846,Energy,54.1,49.3,27.0,2023,4,BBB
Company_846,Energy,52.8,46.5,24.9,2024,4,BBB
Company_846,Energy,56.5,44.1,30.6,2025,4,BBB
Company_847,Finance,99.4,65.3,31.1,2015,6,AA
Company_847,Finance,99.8,61.1,29.3,2016,6,AA
Company_847,Finance,97.6,61.4,25.8,2017,6,AA
Company_847,Finance,97.9,58.6,26.5,2018,6,AA
Company_847,Finance,96.2,60.3,26.4,2019,6,AA
Company_847,Finance,97.2,61.2,31.5,2020,6,AA
Company_847,Finance,96.9,59.8,30.5,2021,6,AA
Company_847,Finance,98.4,59.3,28.5,2022,6,AA
Company_847,Finance,99.2,59.6,28.4,2023,6,AA
Company_847,Finance,99.7,58.5,28.8,2024,6,AA
Company_847,Finance,100.0,58.9,30.9,2025,6,AA
Company_848,Manufacturing,53.2,64.1,67.6,2015,1,AA
Company_848,Manufacturing,55.4,66.6,68.9,2016,1,AA
Company_848,Manufacturing,57.2,68.5,67.6,2017,1,AA
Company_848,Manufacturing,55.2,69.5,68.7,2018,1,AA
Company_848,Manufacturing,57.2,68.3,69.1,2019,1,AA
Company_848,Manufacturing,60.0,66.2,71.8,2020,1,AA
Company_848,Manufacturing,61.4,65.7,71.5,2021,1,AA
Company_848,Manufacturing,62.1,65.7,72.0,2022,1,AA
Company_848,Manufacturing,64.2,66.6,74.1,2023,1,AA
Company_848,Manufacturing,65.7,66.8,74.8,2024,1,AA
Company_848,Manufacturing,68.1,70.7,75.8,2025,1,AA
Company_849,Technology,86.5,47.3,61.1,2015,0,AA
Company_849,Technology,86.0,47.1,61.7,2016,0,AA
Company_849,Technology,85.8,48.0,62.0,2017,0,AA
Company_849,Technology,86.4,47.3,62.4,2018,0,AA
Company_849,Technology,89.2,48.9,61.1,2019,0,AA
Company_849,Technology,91.5,50.9,64.1,2020,0,AA
Company_849,Technology,90.1,49.9,67.1,2021,0,AA
Company_849,Technology,92.8,49.6,67.2,2022,0,AA
Company_849,Technology,98.4,48.5,69.5,2023,0,AA
Company_849,Technology,99.0,47.2,66.8,2024,0,AA
Company_849,Technology,100.0,49.9,67.0,2025,0,AA
Company_850,Healthcare,73.8,64.6,28.2,2015,3,A
Company_850,Healthcare,74.0,67.7,28.8,2016,3,A
Company_850,Healthcare,77.7,69.4,29.0,2017,3,A
Company_850,Healthcare,77.7,70.2,31.2,2018,3,A
Company_850,Healthcare,79.0,69.8,31.8,2019,3,AA
Company_850,Healthcare,81.1,69.5,31.5,2020,3,AA
Company_850,Healthcare,81.3,70.4,34.8,2021,3,AA
Company_850,Healthcare,81.0,71.2,31.4,2022,3,AA
Company_850,Healthcare,79.1,71.3,31.0,2023,3,AA
Company_850,Healthcare,78.1,69.4,32.3,2024,3,A
Company_850,Healthcare,78.8,71.1,32.9,2025,3,AA
Company_851,Energy,73.5,45.7,93.2,2015,6,AA
Company_851,Energy,72.1,46.8,93.2,2016,6,AA
Company_851,Energy,72.4,50.5,93.2,2017,6,AA
Company_851,Energy,75.1,50.0,97.3,2018,6,AA
Company_851,Energy,73.7,50.9,96.0,2019,6,AA
Company_851,Energy,76.2,50.5,94.9,2020,6,AA
Company_851,Energy,81.0,53.0,93.4,2021,6,AAA
Company_851,Energy,82.2,53.6,94.1,2022,6,AAA
Company_851,Energy,82.1,52.7,96.2,2023,6,AAA
Company_851,Energy,84.0,53.2,97.0,2024,6,AAA
Company_851,Energy,83.5,56.9,99.1,2025,6,AAA
Company_852,Energy,20.3,38.3,26.8,2015,3,CCC
Company_852,Energy,22.8,40.7,27.5,2016,3,BB
Company_852,Energy,22.3,42.9,27.6,2017,3,BB
Company_852,Energy,19.8,42.1,31.9,2018,3,BB
Company_852,Energy,20.0,42.1,31.8,2019,3,BB
Company_852,Energy,23.5,42.0,30.9,2020,3,BB
Company_852,Energy,22.6,42.2,29.3,2021,3,BB
Company_852,Energy,24.6,41.1,30.7,2022,3,BB
Company_852,Energy,28.1,42.7,31.3,2023,3,BB
Company_852,Energy,33.9,42.3,30.3,2024,3,BB
Company_852,Energy,35.1,40.5,27.7,2025,3,BB
Company_853,Energy,4.9,67.0,84.9,2015,5,A
Company_853,Energy,6.4,67.9,83.3,2016,5,A
Company_853,Energy,6.5,68.6,87.3,2017,5,A
Company_853,Energy,5.8,71.1,86.9,2018,5,A
Company_853,Energy,6.4,73.7,89.0,2019,5,A
Company_853,Energy,10.7,76.3,87.9,2020,5,A
Company_853,Energy,12.4,77.2,89.6,2021,5,A
Company_853,Energy,15.5,77.8,88.7,2022,5,AA
Company_853,Energy,16.9,78.7,87.4,2023,5,AA
Company_853,Energy,19.3,78.5,86.8,2024,5,AA
Company_853,Energy,23.9,81.7,89.7,2025,5,AA
Company_854,Manufacturing,53.9,43.6,39.8,2015,1,BBB
Company_854,Manufacturing,51.4,44.8,40.6,2016,1,BBB
Company_854,Manufacturing,55.5,45.0,43.6,2017,1,BBB
Company_854,Manufacturing,56.4,44.2,46.2,2018,1,BBB
Company_854,Manufacturing,57.8,45.2,47.6,2019,1,A
Company_854,Manufacturing,54.9,41.4,48.4,2020,1,BBB
Company_854,Manufacturing,53.8,40.7,46.4,2021,1,BBB
Company_854,Manufacturing,54.1,40.3,44.5,2022,1,BBB
Company_854,Manufacturing,56.7,44.7,41.0,2023,1,BBB
Company_854,Manufacturing,59.6,44.5,43.7,2024,1,BBB
Company_854,Manufacturing,60.0,44.8,43.3,2025,1,BBB
Company_855,Healthcare,55.7,30.6,28.3,2015,3,BB
Company_855,Healthcare,55.0,30.9,27.6,2016,3,BB
Company_855,Healthcare,58.3,34.5,24.4,2017,3,BB
Company_855,Healthcare,56.5,34.6,25.2,2018,3,BB
Company_855,Healthcare,60.6,37.6,26.9,2019,3,BBB
Company_855,Healthcare,58.8,39.0,30.3,2020,3,BBB
Company_855,Healthcare,61.8,39.6,33.9,2021,3,BBB
Company_855,Healthcare,58.6,39.6,34.4,2022,3,BBB
Company_855,Healthcare,58.2,40.9,36.1,2023,3,BBB
Company_855,Healthcare,59.3,40.9,38.4,2024,3,BBB
Company_855,Healthcare,58.6,41.4,38.5,2025,3,BBB
Company_856,Healthcare,74.3,82.3,51.7,2015,2,AA
Company_856,Healthcare,76.1,82.6,52.3,2016,2,AA
Company_856,Healthcare,79.6,85.6,52.1,2017,2,AA
Company_856,Healthcare,78.6,84.4,51.5,2018,2,AA
Company_856,Healthcare,79.8,83.7,53.5,2019,2,AA
Company_856,Healthcare,81.9,88.5,54.6,2020,2,AAA
Company_856,Healthcare,83.1,89.1,55.8,2021,2,AAA
Company_856,Healthcare,82.7,91.0,53.6,2022,2,AAA
Company_856,Healthcare,85.8,86.1,51.5,2023,2,AA
Company_856,Healthcare,87.2,86.2,52.2,2024,2,AAA
Company_856,Healthcare,87.0,88.1,53.2,2025,2,AAA
Company_857,Retail,32.7,84.3,78.7,2015,2,AA
Company_857,Retail,31.7,88.9,78.2,2016,2,AA
Company_857,Retail,32.7,91.7,74.6,2017,2,AA
Company_857,Retail,39.0,92.1,71.8,2018,2,AA
Company_857,Retail,39.9,93.8,75.6,2019,2,AA
Company_857,Retail,41.4,94.2,77.1,2020,2,AA
Company_857,Retail,42.7,95.3,79.4,2021,2,AA
Company_857,Retail,43.6,98.9,82.0,2022,2,AA
Company_857,Retail,45.9,100.0,83.7,2023,2,AAA
Company_857,Retail,46.7,97.3,86.2,2024,2,AAA
Company_857,Retail,49.4,96.5,85.7,2025,2,AAA
Company_858,Finance,76.5,86.0,65.8,2015,6,AAA
Company_858,Finance,76.3,86.2,64.2,2016,6,AAA
Company_858,Finance,74.2,85.8,65.9,2017,6,AAA
Company_858,Finance,76.3,86.3,65.6,2018,6,AAA
Company_858,Finance,75.7,86.7,66.5,2019,6,AAA
Company_858,Finance,74.3,87.5,69.1,2020,6,AAA
Company_858,Finance,73.4,87.9,69.3,2021,6,AAA
Company_858,Finance,75.7,90.7,70.3,2022,6,AAA
Company_858,Finance,77.5,91.0,72.8,2023,6,AAA
Company_858,Finance,77.6,91.8,73.4,2024,6,AAA
Company_858,Finance,80.1,90.8,75.7,2025,6,AAA
Company_859,Consumer Goods,73.1,63.2,31.6,2015,5,A
Company_859,Consumer Goods,71.8,62.9,30.6,2016,5,A
Company_859,Consumer Goods,73.2,63.0,33.0,2017,5,A
Company_859,Consumer Goods,75.8,60.5,31.3,2018,5,A
Company_859,Consumer Goods,78.9,58.3,30.8,2019,5,A
Company_859,Consumer Goods,78.7,60.8,32.6,2020,5,A
Company_859,Consumer Goods,77.7,61.0,34.4,2021,5,A
Company_859,Consumer Goods,75.7,61.8,32.5,2022,5,A
Company_859,Consumer Goods,74.9,62.3,33.1,2023,5,A
Company_859,Consumer Goods,77.5,63.4,33.0,2024,5,A
Company_859,Consumer Goods,80.4,61.2,32.3,2025,5,A
Company_860,Consumer Goods,6.6,34.9,66.0,2015,6,BB
Company_860,Consumer Goods,4.3,34.4,66.1,2016,6,BB
Company_860,Consumer Goods,4.8,37.2,63.7,2017,6,BB
Company_860,Consumer Goods,4.1,37.9,65.0,2018,6,BB
Company_860,Consumer Goods,5.4,37.2,65.4,2019,6,BB
Company_860,Consumer Goods,3.5,39.2,69.0,2020,6,BB
Company_860,Consumer Goods,5.3,40.6,64.6,2021,6,BB
Company_860,Consumer Goods,8.5,40.3,63.8,2022,6,BB
Company_860,Consumer Goods,11.2,43.6,63.5,2023,6,BB
Company_860,Consumer Goods,11.0,48.1,63.7,2024,6,BBB
Company_860,Consumer Goods,13.9,47.8,62.8,2025,6,BBB
Company_861,Consumer Goods,50.3,59.3,6.0,2015,1,BB
Company_861,Consumer Goods,54.3,60.9,7.1,2016,1,BBB
Company_861,Consumer Goods,53.7,62.2,6.3,2017,1,BBB
Company_861,Consumer Goods,50.4,59.2,7.9,2018,1,BB
Company_861,Consumer Goods,48.7,63.1,11.0,2019,1,BBB
Company_861,Consumer Goods,50.8,63.7,15.0,2020,1,BBB
Company_861,Consumer Goods,49.5,64.4,17.0,2021,1,BBB
Company_861,Consumer Goods,50.8,65.4,18.7,2022,1,BBB
Company_861,Consumer Goods,55.0,68.8,18.6,2023,1,BBB
Company_861,Consumer Goods,56.2,69.5,15.3,2024,1,BBB
Company_861,Consumer Goods,52.7,67.7,20.3,2025,1,BBB
Company_862,Finance,60.2,52.4,74.1,2015,3,AA
Company_862,Finance,62.0,52.0,74.1,2016,3,AA
Company_862,Finance,63.0,49.3,75.7,2017,3,AA
Company_862,Finance,63.3,48.9,75.0,2018,3,AA
Company_862,Finance,64.3,47.3,72.5,2019,3,AA
Company_862,Finance,63.2,46.5,74.1,2020,3,AA
Company_862,Finance,65.9,46.7,76.6,2021,3,AA
Company_862,Finance,66.7,48.5,75.9,2022,3,AA
Company_862,Finance,68.4,51.9,76.3,2023,3,AA
Company_862,Finance,69.2,54.1,77.9,2024,3,AA
Company_862,Finance,71.1,53.1,76.4,2025,3,AA
Company_863,Healthcare,28.7,16.1,29.6,2015,1,CCC
Company_863,Healthcare,30.9,17.4,29.0,2016,1,CCC
Company_863,Healthcare,32.8,20.8,33.0,2017,1,CCC
Company_863,Healthcare,33.5,19.1,31.8,2018,1,CCC
Company_863,Healthcare,34.1,20.1,29.2,2019,1,CCC
Company_863,Healthcare,37.7,18.6,30.4,2020,1,CCC
Company_863,Healthcare,37.1,16.8,29.0,2021,1,CCC
Company_863,Healthcare,41.1,14.7,28.6,2022,1,CCC
Company_863,Healthcare,43.2,18.1,31.1,2023,1,BB
Company_863,Healthcare,44.2,17.9,28.9,2024,1,BB
Company_863,Healthcare,42.4,20.3,30.1,2025,1,BB
Company_864,Consumer Goods,47.4,53.5,47.9,2015,0,BBB
Company_864,Consumer Goods,48.9,54.5,47.5,2016,0,A
Company_864,Consumer Goods,49.0,56.5,47.3,2017,0,A
Company_864,Consumer Goods,50.3,57.4,49.3,2018,0,A
Company_864,Consumer Goods,49.3,57.9,52.1,2019,0,A
Company_864,Consumer Goods,52.4,59.8,52.7,2020,0,A
Company_864,Consumer Goods,56.1,59.3,52.2,2021,0,A
Company_864,Consumer Goods,56.4,61.3,54.9,2022,0,A
Company_864,Consumer Goods,58.6,64.0,53.7,2023,0,A
Company_864,Consumer Goods,59.2,66.4,55.7,2024,0,AA
Company_864,Consumer Goods,64.7,64.8,54.3,2025,0,AA
Company_865,Consumer Goods,21.5,48.3,47.9,2015,1,BB
Company_865,Consumer Goods,23.5,52.9,51.3,2016,1,BBB
Company_865,Consumer Goods,22.7,60.4,52.3,2017,1,BBB
Company_865,Consumer Goods,23.9,64.6,50.9,2018,1,BBB
Company_865,Consumer Goods,25.6,65.4,48.8,2019,1,BBB
Company_865,Consumer Goods,28.1,62.6,49.9,2020,1,BBB
Company_865,Consumer Goods,30.1,60.6,52.3,2021,1,BBB
Company_865,Consumer Goods,34.3,64.3,54.1,2022,1,A
Company_865,Consumer Goods,37.8,62.5,55.2,2023,1,A
Company_865,Consumer Goods,37.9,62.8,56.0,2024,1,A
Company_865,Consumer Goods,40.4,64.6,60.4,2025,1,A
Company_866,Utilities,58.2,66.7,40.2,2015,6,A
Company_866,Utilities,57.6,67.0,40.6,2016,6,A
Company_866,Utilities,57.6,66.6,41.4,2017,6,A
Company_866,Utilities,57.3,69.5,45.3,2018,6,A
Company_866,Utilities,55.3,69.7,48.0,2019,6,A
Company_866,Utilities,58.8,71.5,48.3,2020,6,A
Company_866,Utilities,57.4,73.6,48.6,2021,6,A
Company_866,Utilities,59.8,73.5,52.7,2022,6,AA
Company_866,Utilities,62.6,74.5,51.3,2023,6,AA
Company_866,Utilities,64.2,74.6,48.8,2024,6,AA
Company_866,Utilities,66.2,79.0,50.1,2025,6,AA
Company_867,Retail,40.0,40.5,56.1,2015,6,BBB
Company_867,Retail,39.9,38.9,56.3,2016,6,BBB
Company_867,Retail,42.6,38.3,54.4,2017,6,BBB
Company_867,Retail,46.3,40.5,55.9,2018,6,BBB
Company_867,Retail,46.8,40.8,58.9,2019,6,BBB
Company_867,Retail,46.1,41.2,59.7,2020,6,BBB
Company_867,Retail,45.1,44.4,58.6,2021,6,BBB
Company_867,Retail,46.0,41.8,56.8,2022,6,BBB
Company_867,Retail,46.5,42.6,54.5,2023,6,BBB
Company_867,Retail,45.0,44.3,57.1,2024,6,BBB
Company_867,Retail,47.4,46.4,56.0,2025,6,BBB
Company_868,Technology,89.0,72.0,48.3,2015,6,AA
Company_868,Technology,86.9,72.8,45.6,2016,6,AA
Company_868,Technology,84.9,74.3,48.0,2017,6,AA
Company_868,Technology,87.9,71.9,49.4,2018,6,AA
Company_868,Technology,88.5,71.2,48.0,2019,6,AA
Company_868,Technology,92.4,71.8,49.6,2020,6,AA
Company_868,Technology,93.3,73.5,48.7,2021,6,AA
Company_868,Technology,97.4,72.4,49.4,2022,6,AA
Company_868,Technology,99.3,73.6,47.1,2023,6,AA
Company_868,Technology,95.3,72.3,49.7,2024,6,AA
Company_868,Technology,93.5,73.2,48.2,2025,6,AA
Company_869,Healthcare,58.7,17.0,33.1,2015,0,BB
Company_869,Healthcare,56.7,17.2,33.4,2016,0,BB
Company_869,Healthcare,55.3,19.3,32.8,2017,0,BB
Company_869,Healthcare,56.8,18.0,33.3,2018,0,BB
Company_869,Healthcare,60.1,16.1,35.0,2019,0,BB
Company_869,Healthcare,59.1,19.1,35.2,2020,0,BB
Company_869,Healthcare,60.2,18.2,35.0,2021,0,BB
Company_869,Healthcare,61.9,17.8,32.0,2022,0,BB
Company_869,Healthcare,61.2,20.6,34.0,2023,0,BB
Company_869,Healthcare,64.6,20.2,35.5,2024,0,BBB
Company_869,Healthcare,62.3,21.6,36.0,2025,0,BB
Company_870,Finance,98.1,89.4,82.8,2015,3,AAA
Company_870,Finance,100.0,87.7,84.0,2016,3,AAA
Company_870,Finance,97.9,89.3,81.5,2017,3,AAA
Company_870,Finance,97.1,90.2,85.0,2018,3,AAA
Company_870,Finance,98.1,90.6,83.8,2019,3,AAA
Company_870,Finance,99.9,91.8,84.8,2020,3,AAA
Company_870,Finance,100.0,89.4,89.4,2021,3,AAA
Company_870,Finance,100.0,92.5,92.4,2022,3,AAA
Company_870,Finance,99.9,92.8,93.8,2023,3,AAA
Company_870,Finance,100.0,93.3,94.3,2024,3,AAA
Company_870,Finance,100.0,93.3,94.7,2025,3,AAA
Company_871,Finance,94.2,42.4,45.0,2015,3,AA
Company_871,Finance,95.9,46.1,46.0,2016,3,AA
Company_871,Finance,99.8,45.9,45.4,2017,3,AA
Company_871,Finance,100.0,47.3,47.1,2018,3,AA
Company_871,Finance,100.0,48.1,47.1,2019,3,AA
Company_871,Finance,100.0,45.6,49.4,2020,3,AA
Company_871,Finance,99.4,45.7,51.9,2021,3,AA
Company_871,Finance,100.0,46.9,52.4,2022,3,AA
Company_871,Finance,97.1,48.8,53.1,2023,3,AA
Company_871,Finance,98.8,52.9,51.3,2024,3,AA
Company_871,Finance,99.9,53.9,53.1,2025,3,AA
Company_872,Consumer Goods,80.6,19.3,26.2,2015,3,BBB
Company_872,Consumer Goods,81.3,16.7,26.6,2016,3,BBB
Company_872,Consumer Goods,81.8,19.3,28.5,2017,3,BBB
Company_872,Consumer Goods,83.8,23.0,31.0,2018,3,BBB
Company_872,Consumer Goods,82.8,23.2,28.7,2019,3,BBB
Company_872,Consumer Goods,83.6,22.3,29.9,2020,3,BBB
Company_872,Consumer Goods,81.8,24.6,30.6,2021,3,BBB
Company_872,Consumer Goods,84.3,24.7,31.2,2022,3,BBB
Company_872,Consumer Goods,85.5,26.2,32.9,2023,3,BBB
Company_872,Consumer Goods,83.8,24.9,32.5,2024,3,BBB
Company_872,Consumer Goods,88.0,26.1,34.6,2025,3,BBB
Company_873,Consumer Goods,54.3,27.1,64.0,2015,0,BBB
Company_873,Consumer Goods,54.1,24.8,62.1,2016,0,BBB
Company_873,Consumer Goods,54.9,25.8,61.2,2017,0,BBB
Company_873,Consumer Goods,52.8,28.0,65.9,2018,0,BBB
Company_873,Consumer Goods,50.2,30.0,66.9,2019,0,BBB
Company_873,Consumer Goods,50.1,33.7,69.3,2020,0,A
Company_873,Consumer Goods,50.3,33.7,72.2,2021,0,A
Company_873,Consumer Goods,53.0,36.0,74.3,2022,0,A
Company_873,Consumer Goods,54.9,39.4,74.9,2023,0,A
Company_873,Consumer Goods,52.7,41.5,77.9,2024,0,A
Company_873,Consumer Goods,55.3,42.0,76.1,2025,0,A
Company_874,Manufacturing,23.9,52.0,64.3,2015,2,BBB
Company_874,Manufacturing,24.7,53.7,63.9,2016,2,BBB
Company_874,Manufacturing,25.7,56.0,64.7,2017,2,BBB
Company_874,Manufacturing,25.3,56.8,65.8,2018,2,BBB
Company_874,Manufacturing,28.4,55.0,63.9,2019,2,BBB
Company_874,Manufacturing,31.0,55.0,64.0,2020,2,A
Company_874,Manufacturing,29.1,55.8,64.2,2021,2,BBB
Company_874,Manufacturing,29.1,57.4,66.0,2022,2,A
Company_874,Manufacturing,31.8,59.2,70.6,2023,2,A
Company_874,Manufacturing,35.6,62.5,71.1,2024,2,A
Company_874,Manufacturing,34.5,64.4,68.6,2025,2,A
Company_875,Healthcare,75.9,86.5,39.9,2015,1,AA
Company_875,Healthcare,75.4,86.2,42.4,2016,1,AA
Company_875,Healthcare,79.2,84.9,43.4,2017,1,AA
Company_875,Healthcare,80.5,86.5,41.3,2018,1,AA
Company_875,Healthcare,78.3,84.9,40.9,2019,1,AA
Company_875,Healthcare,82.6,84.7,45.7,2020,1,AA
Company_875,Healthcare,84.2,84.2,47.6,2021,1,AA
Company_875,Healthcare,86.6,82.1,49.0,2022,1,AA
Company_875,Healthcare,90.2,79.6,51.0,2023,1,AA
Company_875,Healthcare,94.2,80.2,47.8,2024,1,AA
Company_875,Healthcare,97.7,80.9,48.3,2025,1,AAA
Company_876,Healthcare,81.0,48.5,38.8,2015,6,A
Company_876,Healthcare,81.5,52.1,36.9,2016,6,A
Company_876,Healthcare,80.8,54.5,39.4,2017,6,A
Company_876,Healthcare,81.5,54.8,36.4,2018,6,A
Company_876,Healthcare,85.5,54.4,37.9,2019,6,A
Company_876,Healthcare,86.2,54.2,35.9,2020,6,A
Company_876,Healthcare,89.2,52.7,36.8,2021,6,A
Company_876,Healthcare,92.7,51.3,32.0,2022,6,A
Company_876,Healthcare,93.6,51.0,32.0,2023,6,A
Company_876,Healthcare,91.4,52.5,32.4,2024,6,A
Company_876,Healthcare,95.4,49.4,34.4,2025,6,A
Company_877,Retail,51.1,48.9,18.4,2015,5,BB
Company_877,Retail,50.2,53.7,18.4,2016,5,BBB
Company_877,Retail,50.5,54.2,17.7,2017,5,BBB
Company_877,Retail,50.5,52.6,18.5,2018,5,BBB
Company_877,Retail,47.5,54.3,19.3,2019,5,BBB
Company_877,Retail,48.1,56.0,20.3,2020,5,BBB
Company_877,Retail,48.9,56.9,22.7,2021,5,BBB
Company_877,Retail,48.8,56.2,22.8,2022,5,BBB
Company_877,Retail,53.7,59.4,25.2,2023,5,BBB
Company_877,Retail,54.6,61.7,27.9,2024,5,BBB
Company_877,Retail,60.2,62.2,26.3,2025,5,BBB
Company_878,Consumer Goods,6.3,31.4,33.1,2015,1,CCC
Company_878,Consumer Goods,5.1,33.6,31.8,2016,1,CCC
Company_878,Consumer Goods,9.8,34.8,31.2,2017,1,CCC
Company_878,Consumer Goods,11.3,37.2,33.8,2018,1,CCC
Company_878,Consumer Goods,8.3,36.3,30.7,2019,1,CCC
Company_878,Consumer Goods,6.8,36.0,32.9,2020,1,CCC
Company_878,Consumer Goods,4.2,39.0,35.7,2021,1,CCC
Company_878,Consumer Goods,4.6,36.1,37.5,2022,1,CCC
Company_878,Consumer Goods,5.3,39.2,36.6,2023,1,CCC
Company_878,Consumer Goods,3.4,37.0,36.5,2024,1,CCC
Company_878,Consumer Goods,5.8,35.1,38.8,2025,1,CCC
Company_879,Utilities,84.2,38.8,26.5,2015,0,BBB
Company_879,Utilities,87.8,39.4,28.1,2016,0,A
Company_879,Utilities,86.1,38.0,33.4,2017,0,A
Company_879,Utilities,91.2,38.9,34.5,2018,0,A
Company_879,Utilities,90.4,39.1,34.2,2019,0,A
Company_879,Utilities,90.3,38.0,31.6,2020,0,A
Company_879,Utilities,90.1,38.5,31.7,2021,0,A
Company_879,Utilities,88.9,42.6,32.1,2022,0,A
Company_879,Utilities,87.3,37.8,35.0,2023,0,A
Company_879,Utilities,87.7,34.5,39.2,2024,0,A
Company_879,Utilities,92.1,37.4,37.9,2025,0,A
Company_880,Retail,27.3,31.5,74.7,2015,3,BBB
Company_880,Retail,28.8,30.8,73.5,2016,3,BBB
Company_880,Retail,26.1,32.2,75.0,2017,3,BBB
Company_880,Retail,28.3,30.5,72.6,2018,3,BBB
Company_880,Retail,30.3,32.1,73.6,2019,3,BBB
Company_880,Retail,34.2,35.4,73.9,2020,3,BBB
Company_880,Retail,33.9,36.0,78.7,2021,3,BBB
Company_880,Retail,36.0,36.9,78.2,2022,3,A
Company_880,Retail,38.0,39.2,75.8,2023,3,A
Company_880,Retail,41.7,38.0,77.0,2024,3,A
Company_880,Retail,43.8,39.1,78.6,2025,3,A
Company_881,Utilities,77.9,58.8,32.8,2015,4,A
Company_881,Utilities,78.5,60.6,32.6,2016,4,A
Company_881,Utilities,82.5,62.4,31.5,2017,4,A
Company_881,Utilities,80.9,61.9,32.8,2018,4,A
Company_881,Utilities,81.5,60.0,33.8,2019,4,A
Company_881,Utilities,80.3,58.4,33.3,2020,4,A
Company_881,Utilities,84.9,56.2,32.8,2021,4,A
Company_881,Utilities,89.7,58.5,31.4,2022,4,A
Company_881,Utilities,91.7,56.3,27.0,2023,4,A
Company_881,Utilities,93.0,57.4,30.7,2024,4,AA
Company_881,Utilities,95.1,56.5,24.6,2025,4,A
Company_882,Energy,72.5,85.1,61.1,2015,2,AA
Company_882,Energy,76.5,84.2,58.4,2016,2,AA
Company_882,Energy,77.6,85.8,55.9,2017,2,AA
Company_882,Energy,77.8,84.4,56.3,2018,2,AA
Company_882,Energy,77.8,87.6,58.0,2019,2,AA
Company_882,Energy,80.0,86.6,57.9,2020,2,AA
Company_882,Energy,82.3,86.6,59.6,2021,2,AAA
Company_882,Energy,83.2,85.9,60.2,2022,2,AAA
Company_882,Energy,86.4,84.0,60.5,2023,2,AAA
Company_882,Energy,86.9,82.0,59.8,2024,2,AAA
Company_882,Energy,84.1,83.6,58.5,2025,2,AAA
Company_883,Technology,81.8,40.1,28.4,2015,0,A
Company_883,Technology,83.5,39.4,26.1,2016,0,BBB
Company_883,Technology,82.7,40.9,27.4,2017,0,A
Company_883,Technology,85.4,37.7,27.0,2018,0,A
Company_883,Technology,87.0,38.6,24.9,2019,0,A
Company_883,Technology,84.3,40.6,25.6,2020,0,A
Company_883,Technology,83.1,41.4,22.3,2021,0,BBB
Company_883,Technology,84.6,43.7,23.9,2022,0,A
Company_883,Technology,84.9,44.0,22.5,2023,0,A
Company_883,Technology,82.8,44.3,24.2,2024,0,A
Company_883,Technology,85.5,47.5,24.8,2025,0,A
Company_884,Consumer Goods,42.2,71.7,61.4,2015,5,A
Company_884,Consumer Goods,45.8,76.8,64.4,2016,5,AA
Company_884,Consumer Goods,50.1,76.2,65.7,2017,5,AA
Company_884,Consumer Goods,54.2,80.0,71.3,2018,5,AA
Company_884,Consumer Goods,56.8,78.5,70.4,2019,5,AA
Company_884,Consumer Goods,56.0,81.0,70.0,2020,5,AA
Company_884,Consumer Goods,57.4,82.6,70.1,2021,5,AA
Company_884,Consumer Goods,58.6,81.1,73.3,2022,5,AA
Company_884,Consumer Goods,61.1,81.4,76.1,2023,5,AA
Company_884,Consumer Goods,61.8,82.3,75.8,2024,5,AA
Company_884,Consumer Goods,62.4,82.9,74.0,2025,5,AA
Company_885,Consumer Goods,74.5,60.0,11.1,2015,4,BBB
Company_885,Consumer Goods,74.8,61.4,10.3,2016,4,BBB
Company_885,Consumer Goods,78.0,62.6,10.1,2017,4,A
Company_885,Consumer Goods,79.0,64.6,12.8,2018,4,A
Company_885,Consumer Goods,82.3,65.2,13.9,2019,4,A
Company_885,Consumer Goods,81.1,68.1,13.2,2020,4,A
Company_885,Consumer Goods,81.4,66.3,11.6,2021,4,A
Company_885,Consumer Goods,85.0,62.9,13.8,2022,4,A
Company_885,Consumer Goods,87.0,64.9,14.7,2023,4,A
Company_885,Consumer Goods,88.9,67.2,13.1,2024,4,A
Company_885,Consumer Goods,93.5,70.6,14.5,2025,4,A
Company_886,Retail,58.2,51.7,55.8,2015,6,A
Company_886,Retail,57.2,50.8,58.4,2016,6,A
Company_886,Retail,60.1,51.9,56.0,2017,6,A
Company_886,Retail,60.5,53.7,56.1,2018,6,A
Company_886,Retail,65.6,56.7,57.6,2019,6,A
Company_886,Retail,71.7,58.2,56.2,2020,6,AA
Company_886,Retail,69.1,56.7,58.7,2021,6,AA
Company_886,Retail,68.9,54.5,59.4,2022,6,AA
Company_886,Retail,73.2,52.2,58.6,2023,6,AA
Company_886,Retail,77.4,53.4,55.6,2024,6,AA
Company_886,Retail,78.4,58.1,54.1,2025,6,AA
Company_887,Utilities,44.7,83.2,35.6,2015,6,A
Company_887,Utilities,47.1,85.0,36.4,2016,6,A
Company_887,Utilities,49.5,82.6,34.3,2017,6,A
Company_887,Utilities,52.6,84.9,34.0,2018,6,A
Company_887,Utilities,52.7,84.6,35.5,2019,6,A
Company_887,Utilities,52.3,87.2,36.7,2020,6,A
Company_887,Utilities,53.1,89.4,35.1,2021,6,A
Company_887,Utilities,51.9,90.7,34.3,2022,6,A
Company_887,Utilities,50.1,90.4,36.1,2023,6,A
Company_887,Utilities,48.8,92.3,35.8,2024,6,A
Company_887,Utilities,50.7,89.1,34.2,2025,6,A
Company_888,Utilities,61.6,76.2,63.0,2015,6,AA
Company_888,Utilities,63.6,76.9,63.8,2016,6,AA
Company_888,Utilities,63.0,77.6,68.8,2017,6,AA
Company_888,Utilities,62.6,80.5,70.0,2018,6,AA
Company_888,Utilities,63.9,79.9,66.9,2019,6,AA
Company_888,Utilities,63.2,77.7,67.0,2020,6,AA
Company_888,Utilities,66.8,80.0,68.1,2021,6,AA
Company_888,Utilities,66.4,78.5,72.3,2022,6,AA
Company_888,Utilities,65.5,77.1,76.6,2023,6,AA
Company_888,Utilities,67.6,78.0,76.5,2024,6,AA
Company_888,Utilities,69.5,78.0,80.0,2025,6,AAA
Company_889,Healthcare,36.3,5.9,37.4,2015,4,CCC
Company_889,Healthcare,37.7,5.5,40.8,2016,4,CCC
Company_889,Healthcare,38.0,6.1,37.0,2017,4,CCC
Company_889,Healthcare,38.3,8.3,36.4,2018,4,CCC
Company_889,Healthcare,38.7,14.9,35.7,2019,4,CCC
Company_889,Healthcare,37.7,16.0,36.2,2020,4,CCC
Company_889,Healthcare,39.7,16.1,35.4,2021,4,BB
Company_889,Healthcare,36.5,16.5,34.4,2022,4,CCC
Company_889,Healthcare,35.2,18.0,32.2,2023,4,CCC
Company_889,Healthcare,33.5,18.0,29.6,2024,4,CCC
Company_889,Healthcare,34.5,18.4,30.6,2025,4,CCC
Company_890,Utilities,44.5,60.1,6.1,2015,4,BB
Company_890,Utilities,47.1,59.0,5.7,2016,4,BB
Company_890,Utilities,48.6,59.1,3.5,2017,4,BB
Company_890,Utilities,53.1,60.4,4.4,2018,4,BB
Company_890,Utilities,52.9,60.3,5.2,2019,4,BB
Company_890,Utilities,54.9,61.3,6.9,2020,4,BBB
Company_890,Utilities,57.5,63.3,7.6,2021,4,BBB
Company_890,Utilities,54.5,65.6,7.3,2022,4,BBB
Company_890,Utilities,55.4,66.1,8.7,2023,4,BBB
Company_890,Utilities,56.7,66.1,8.5,2024,4,BBB
Company_890,Utilities,59.2,66.0,7.7,2025,4,BBB
Company_891,Manufacturing,33.0,66.2,64.0,2015,5,A
Company_891,Manufacturing,31.0,66.2,68.9,2016,5,A
Company_891,Manufacturing,32.4,68.9,67.5,2017,5,A
Company_891,Manufacturing,35.7,70.4,68.4,2018,5,A
Company_891,Manufacturing,35.9,67.2,71.0,2019,5,A
Company_891,Manufacturing,39.0,70.9,73.5,2020,5,AA
Company_891,Manufacturing,38.4,73.7,75.1,2021,5,AA
Company_891,Manufacturing,38.8,72.7,77.8,2022,5,AA
Company_891,Manufacturing,37.4,71.9,78.4,2023,5,AA
Company_891,Manufacturing,38.8,71.1,77.7,2024,5,AA
Company_891,Manufacturing,35.8,68.5,78.2,2025,5,AA
Company_892,Transportation,24.2,58.1,18.8,2015,3,BB
Company_892,Transportation,25.7,57.4,23.2,2016,3,BB
Company_892,Transportation,24.2,58.8,22.4,2017,3,BB
Company_892,Transportation,21.9,59.0,21.7,2018,3,BB
Company_892,Transportation,21.8,59.6,21.6,2019,3,BB
Company_892,Transportation,22.5,63.6,23.6,2020,3,BB
Company_892,Transportation,23.9,62.2,23.7,2021,3,BB
Company_892,Transportation,24.8,62.8,27.7,2022,3,BB
Company_892,Transportation,26.1,62.4,28.8,2023,3,BB
Company_892,Transportation,27.6,65.0,28.6,2024,3,BBB
Company_892,Transportation,26.9,67.3,28.1,2025,3,BBB
Company_893,Finance,99.1,53.3,32.1,2015,6,AA
Company_893,Finance,100.0,59.0,33.5,2016,6,AA
Company_893,Finance,100.0,60.4,32.4,2017,6,AA
Company_893,Finance,100.0,61.0,31.8,2018,6,AA
Company_893,Finance,100.0,60.1,31.4,2019,6,AA
Company_893,Finance,100.0,59.4,31.3,2020,6,AA
Company_893,Finance,100.0,59.6,31.5,2021,6,AA
Company_893,Finance,99.0,57.8,34.7,2022,6,AA
Company_893,Finance,99.4,57.5,35.0,2023,6,AA
Company_893,Finance,100.0,58.6,35.5,2024,6,AA
Company_893,Finance,100.0,59.4,33.8,2025,6,AA
Company_894,Healthcare,59.1,85.8,73.5,2015,5,AA
Company_894,Healthcare,61.5,85.7,73.8,2016,5,AA
Company_894,Healthcare,63.4,88.6,71.4,2017,5,AA
Company_894,Healthcare,67.0,89.6,72.6,2018,5,AAA
Company_894,Healthcare,65.6,93.8,72.3,2019,5,AAA
Company_894,Healthcare,67.3,92.7,71.8,2020,5,AAA
Company_894,Healthcare,68.9,92.2,70.3,2021,5,AAA
Company_894,Healthcare,69.6,98.3,69.2,2022,5,AAA
Company_894,Healthcare,72.6,100.0,67.4,2023,5,AAA
Company_894,Healthcare,75.3,100.0,67.6,2024,5,AAA
Company_894,Healthcare,73.5,100.0,67.0,2025,5,AAA
Company_895,Finance,98.3,26.4,54.5,2015,6,A
Company_895,Finance,100.0,23.8,59.5,2016,6,AA
Company_895,Finance,100.0,23.5,58.7,2017,6,AA
Company_895,Finance,100.0,21.4,58.3,2018,6,A
Company_895,Finance,100.0,21.5,59.1,2019,6,AA
Company_895,Finance,96.3,22.4,58.5,2020,6,A
Company_895,Finance,97.8,23.4,61.2,2021,6,AA
Company_895,Finance,99.0,22.2,61.4,2022,6,AA
Company_895,Finance,99.2,20.4,61.5,2023,6,AA
Company_895,Finance,98.5,24.5,61.3,2024,6,AA
Company_895,Finance,97.0,24.6,62.4,2025,6,AA
Company_896,Manufacturing,39.0,44.8,69.2,2015,5,A
Company_896,Manufacturing,44.1,43.3,66.4,2016,5,A
Company_896,Manufacturing,44.9,40.2,64.8,2017,5,BBB
Company_896,Manufacturing,47.0,42.0,66.2,2018,5,A
Company_896,Manufacturing,46.5,44.4,67.9,2019,5,A
Company_896,Manufacturing,52.0,48.3,67.4,2020,5,A
Company_896,Manufacturing,55.5,52.6,66.1,2021,5,A
Company_896,Manufacturing,59.3,52.2,69.4,2022,5,AA
Company_896,Manufacturing,60.9,55.7,73.6,2023,5,AA
Company_896,Manufacturing,62.0,54.3,74.8,2024,5,AA
Company_896,Manufacturing,60.7,53.7,70.1,2025,5,AA
Company_897,Utilities,69.3,83.5,71.8,2015,6,AA
Company_897,Utilities,71.6,82.1,71.4,2016,6,AAA
Company_897,Utilities,71.6,82.8,73.5,2017,6,AAA
Company_897,Utilities,71.8,82.8,75.0,2018,6,AAA
Company_897,Utilities,75.1,80.1,76.0,2019,6,AAA
Company_897,Utilities,77.9,80.2,74.6,2020,6,AAA
Company_897,Utilities,81.2,82.7,80.8,2021,6,AAA
Company_897,Utilities,79.5,87.1,83.2,2022,6,AAA
Company_897,Utilities,77.2,86.9,84.2,2023,6,AAA
Company_897,Utilities,76.7,87.7,85.4,2024,6,AAA
Company_897,Utilities,82.2,88.9,86.3,2025,6,AAA
Company_898,Utilities,79.3,38.4,80.6,2015,6,AA
Company_898,Utilities,82.6,41.0,79.3,2016,6,AA
Company_898,Utilities,82.3,41.9,78.1,2017,6,AA
Company_898,Utilities,79.5,42.3,80.0,2018,6,AA
Company_898,Utilities,78.5,42.9,81.0,2019,6,AA
Company_898,Utilities,77.3,43.8,79.6,2020,6,AA
Company_898,Utilities,76.7,42.3,75.9,2021,6,AA
Company_898,Utilities,78.3,42.2,74.9,2022,6,AA
Company_898,Utilities,79.7,44.9,72.0,2023,6,AA
Company_898,Utilities,83.9,47.6,73.1,2024,6,AA
Company_898,Utilities,85.3,46.0,74.4,2025,6,AA
Company_899,Manufacturing,28.5,45.7,70.0,2015,1,BBB
Company_899,Manufacturing,27.7,44.7,71.7,2016,1,BBB
Company_899,Manufacturing,28.9,45.0,71.8,2017,1,BBB
Company_899,Manufacturing,28.8,46.0,74.3,2018,1,BBB
Company_899,Manufacturing,24.5,47.0,70.8,2019,1,BBB
Company_899,Manufacturing,26.2,46.6,73.5,2020,1,BBB
Company_899,Manufacturing,27.7,51.4,72.0,2021,1,A
Company_899,Manufacturing,32.4,51.3,71.1,2022,1,A
Company_899,Manufacturing,32.1,47.6,73.4,2023,1,A
Company_899,Manufacturing,33.2,52.8,70.6,2024,1,A
Company_899,Manufacturing,35.3,54.7,72.4,2025,1,A
Company_900,Utilities,13.1,23.9,37.5,2015,4,CCC
Company_900,Utilities,12.5,23.0,40.3,2016,4,CCC
Company_900,Utilities,11.5,24.3,39.8,2017,4,CCC
Company_900,Utilities,9.2,24.2,37.8,2018,4,CCC
Company_900,Utilities,14.2,21.6,34.4,2019,4,CCC
Company_900,Utilities,14.2,22.6,36.6,2020,4,CCC
Company_900,Utilities,15.6,24.5,37.6,2021,4,CCC
Company_900,Utilities,16.9,22.7,37.5,2022,4,CCC
Company_900,Utilities,14.1,27.9,35.7,2023,4,CCC
Company_900,Utilities,17.7,27.4,37.1,2024,4,CCC
Company_900,Utilities,16.8,24.8,35.7,2025,4,CCC
Company_901,Consumer Goods,65.0,63.3,49.5,2015,2,A
Company_901,Consumer Goods,68.5,63.6,52.5,2016,2,AA
Company_901,Consumer Goods,68.1,64.0,51.5,2017,2,AA
Company_901,Consumer Goods,63.9,59.9,51.2,2018,2,A
Company_901,Consumer Goods,63.5,62.0,55.3,2019,2,AA
Company_901,Consumer Goods,67.6,59.8,55.9,2020,2,AA
Company_901,Consumer Goods,70.5,62.4,58.9,2021,2,AA
Company_901,Consumer Goods,71.4,64.6,60.9,2022,2,AA
Company_901,Consumer Goods,71.9,62.4,61.8,2023,2,AA
Company_901,Consumer Goods,72.5,60.5,64.5,2024,2,AA
Company_901,Consumer Goods,73.1,59.6,65.1,2025,2,AA
Company_902,Utilities,33.1,22.8,4.5,2015,0,CCC
Company_902,Utilities,37.0,23.1,3.3,2016,0,CCC
Company_902,Utilities,38.3,23.2,6.8,2017,0,CCC
Company_902,Utilities,37.5,24.8,10.8,2018,0,CCC
Company_902,Utilities,38.7,27.0,14.3,2019,0,CCC
Company_902,Utilities,40.7,28.4,12.3,2020,0,CCC
Company_902,Utilities,43.3,31.9,14.6,2021,0,CCC
Company_902,Utilities,43.8,34.9,12.3,2022,0,BB
Company_902,Utilities,44.5,34.7,11.6,2023,0,BB
Company_902,Utilities,46.2,35.9,11.7,2024,0,BB
Company_902,Utilities,47.1,38.5,10.9,2025,0,BB
Company_903,Manufacturing,9.0,57.8,74.2,2015,6,BBB
Company_903,Manufacturing,10.5,60.5,75.5,2016,6,BBB
Company_903,Manufacturing,10.7,58.9,74.4,2017,6,BBB
Company_903,Manufacturing,10.9,59.1,73.9,2018,6,BBB
Company_903,Manufacturing,9.2,56.5,77.8,2019,6,BBB
Company_903,Manufacturing,11.1,57.0,78.9,2020,6,BBB
Company_903,Manufacturing,14.1,58.0,78.5,2021,6,A
Company_903,Manufacturing,13.9,58.5,76.4,2022,6,BBB
Company_903,Manufacturing,15.7,59.3,77.0,2023,6,A
Company_903,Manufacturing,14.0,60.6,78.1,2024,6,A
Company_903,Manufacturing,12.7,55.7,78.4,2025,6,BBB
Company_904,Utilities,37.1,46.3,41.9,2015,2,BBB
Company_904,Utilities,37.8,49.0,41.9,2016,2,BBB
Company_904,Utilities,37.8,51.2,42.6,2017,2,BBB
Company_904,Utilities,40.3,51.0,46.1,2018,2,BBB
Company_904,Utilities,45.0,48.0,49.2,2019,2,BBB
Company_904,Utilities,45.0,51.8,50.2,2020,2,BBB
Company_904,Utilities,47.2,51.8,51.5,2021,2,A
Company_904,Utilities,49.2,51.4,54.6,2022,2,A
Company_904,Utilities,48.3,49.7,54.4,2023,2,A
Company_904,Utilities,46.6,51.5,56.6,2024,2,A
Company_904,Utilities,45.4,53.9,53.5,2025,2,A
Company_905,Manufacturing,56.5,55.4,92.1,2015,2,AA
Company_905,Manufacturing,58.4,58.5,89.7,2016,2,AA
Company_905,Manufacturing,57.3,63.0,88.9,2017,2,AA
Company_905,Manufacturing,60.2,63.9,87.0,2018,2,AA
Company_905,Manufacturing,61.0,64.5,87.5,2019,2,AA
Company_905,Manufacturing,64.8,62.3,87.1,2020,2,AA
Company_905,Manufacturing,66.8,60.4,85.0,2021,2,AA
Company_905,Manufacturing,64.1,60.8,82.6,2022,2,AA
Company_905,Manufacturing,64.0,60.4,81.3,2023,2,AA
Company_905,Manufacturing,63.9,58.2,83.7,2024,2,AA
Company_905,Manufacturing,63.9,57.0,84.0,2025,2,AA
Company_906,Energy,52.7,78.6,38.4,2015,1,A
Company_906,Energy,57.4,82.1,43.8,2016,1,AA
Company_906,Energy,57.9,82.3,45.6,2017,1,AA
Company_906,Energy,62.6,83.1,48.9,2018,1,AA
Company_906,Energy,63.4,84.2,50.4,2019,1,AA
Company_906,Energy,64.1,87.6,53.9,2020,1,AA
Company_906,Energy,63.1,87.4,56.2,2021,1,AA
Company_906,Energy,66.3,88.3,57.2,2022,1,AA
Company_906,Energy,65.4,91.4,59.4,2023,1,AA
Company_906,Energy,68.1,91.5,57.4,2024,1,AA
Company_906,Energy,67.4,93.3,54.9,2025,1,AA
Company_907,Transportation,43.8,59.0,38.8,2015,6,BBB
Company_907,Transportation,46.4,57.9,40.2,2016,6,BBB
Company_907,Transportation,49.5,57.7,41.5,2017,6,BBB
Company_907,Transportation,47.5,58.1,44.3,2018,6,BBB
Company_907,Transportation,45.6,59.2,44.9,2019,6,BBB
Company_907,Transportation,43.7,58.2,43.6,2020,6,BBB
Company_907,Transportation,41.2,58.9,47.8,2021,6,BBB
Company_907,Transportation,39.8,61.0,48.3,2022,6,BBB
Company_907,Transportation,40.1,62.4,52.7,2023,6,A
Company_907,Transportation,38.8,64.1,51.7,2024,6,A
Company_907,Transportation,38.9,65.3,52.2,2025,6,A
Company_908,Technology,84.6,38.1,57.0,2015,0,A
Company_908,Technology,86.1,37.4,56.8,2016,0,AA
Company_908,Technology,89.5,33.5,58.0,2017,0,AA
Company_908,Technology,90.6,31.0,59.4,2018,0,AA
Company_908,Technology,89.5,30.9,59.7,2019,0,AA
Company_908,Technology,90.1,30.4,63.1,2020,0,AA
Company_908,Technology,90.8,29.9,64.0,2021,0,AA
Company_908,Technology,91.0,28.4,67.7,2022,0,AA
Company_908,Technology,90.6,30.4,67.9,2023,0,AA
Company_908,Technology,90.6,32.7,71.3,2024,0,AA
Company_908,Technology,92.0,34.3,76.9,2025,0,AA
Company_909,Finance,93.6,63.7,22.6,2015,3,A
Company_909,Finance,96.0,60.0,23.2,2016,3,A
Company_909,Finance,97.4,61.6,24.8,2017,3,AA
Company_909,Finance,98.0,65.8,27.3,2018,3,AA
Company_909,Finance,100.0,66.8,29.9,2019,3,AA
Company_909,Finance,100.0,62.4,29.2,2020,3,AA
Company_909,Finance,100.0,64.5,31.2,2021,3,AA
Company_909,Finance,97.6,68.7,32.7,2022,3,AA
Company_909,Finance,98.9,66.5,32.1,2023,3,AA
Company_909,Finance,98.8,67.7,31.7,2024,3,AA
Company_909,Finance,99.7,66.3,33.3,2025,3,AA
Company_910,Finance,99.8,76.1,47.5,2015,6,AA
Company_910,Finance,100.0,77.9,46.0,2016,6,AA
Company_910,Finance,100.0,77.3,45.9,2017,6,AA
Company_910,Finance,97.6,77.8,44.5,2018,6,AA
Company_910,Finance,98.4,79.1,42.7,2019,6,AA
Company_910,Finance,100.0,79.2,43.9,2020,6,AA
Company_910,Finance,100.0,81.6,43.7,2021,6,AAA
Company_910,Finance,98.5,80.0,44.9,2022,6,AA
Company_910,Finance,99.1,82.3,46.4,2023,6,AAA
Company_910,Finance,100.0,80.7,47.9,2024,6,AAA
Company_910,Finance,100.0,83.1,49.3,2025,6,AAA
Company_911,Manufacturing,90.8,62.8,85.7,2015,2,AAA
Company_911,Manufacturing,91.3,61.5,86.6,2016,2,AAA
Company_911,Manufacturing,94.2,58.1,88.7,2017,2,AAA
Company_911,Manufacturing,94.5,59.1,89.9,2018,2,AAA
Company_911,Manufacturing,95.8,61.5,91.6,2019,2,AAA
Company_911,Manufacturing,93.8,63.0,94.8,2020,2,AAA
Company_911,Manufacturing,98.0,63.0,96.2,2021,2,AAA
Company_911,Manufacturing,99.5,62.5,92.9,2022,2,AAA
Company_911,Manufacturing,100.0,60.4,93.7,2023,2,AAA
Company_911,Manufacturing,100.0,60.8,96.2,2024,2,AAA
Company_911,Manufacturing,100.0,59.4,99.4,2025,2,AAA
Company_912,Finance,87.9,41.9,79.5,2015,5,AA
Company_912,Finance,87.0,43.8,77.1,2016,5,AA
Company_912,Finance,87.7,46.5,79.3,2017,5,AA
Company_912,Finance,90.7,48.1,81.9,2018,5,AA
Company_912,Finance,92.4,48.5,80.0,2019,5,AA
Company_912,Finance,93.9,49.4,80.9,2020,5,AA
Company_912,Finance,91.8,47.6,82.2,2021,5,AA
Company_912,Finance,94.3,50.7,82.5,2022,5,AAA
Company_912,Finance,94.1,55.0,82.2,2023,5,AAA
Company_912,Finance,97.1,55.9,86.1,2024,5,AAA
Company_912,Finance,100.0,55.2,86.7,2025,5,AAA
Company_913,Transportation,36.6,82.5,50.2,2015,6,A
Company_913,Transportation,38.9,84.1,51.1,2016,6,A
Company_913,Transportation,37.0,85.7,48.2,2017,6,A
Company_913,Transportation,36.4,88.7,48.8,2018,6,A
Company_913,Transportation,38.0,87.9,46.6,2019,6,A
Company_913,Transportation,41.4,90.6,47.1,2020,6,A
Company_913,Transportation,41.6,95.3,45.8,2021,6,AA
Company_913,Transportation,41.8,95.9,46.1,2022,6,AA
Company_913,Transportation,43.7,99.8,45.2,2023,6,AA
Company_913,Transportation,49.1,99.4,44.6,2024,6,AA
Company_913,Transportation,48.8,98.7,48.0,2025,6,AA
Company_914,Utilities,21.9,86.4,18.5,2015,6,BBB
Company_914,Utilities,22.2,86.8,19.1,2016,6,BBB
Company_914,Utilities,25.5,87.6,21.8,2017,6,BBB
Company_914,Utilities,26.2,88.6,24.3,2018,6,BBB
Company_914,Utilities,24.8,90.0,27.1,2019,6,BBB
Company_914,Utilities,24.4,90.5,29.2,2020,6,BBB
Company_914,Utilities,25.1,91.9,30.9,2021,6,BBB
Company_914,Utilities,26.8,90.8,29.9,2022,6,BBB
Company_914,Utilities,29.5,92.5,33.9,2023,6,A
Company_914,Utilities,28.7,91.0,33.4,2024,6,A
Company_914,Utilities,30.4,90.5,33.7,2025,6,A
Company_915,Manufacturing,52.6,19.3,17.4,2015,4,CCC
Company_915,Manufacturing,53.2,20.8,13.1,2016,4,CCC
Company_915,Manufacturing,54.2,22.1,13.3,2017,4,CCC
Company_915,Manufacturing,56.5,22.6,16.9,2018,4,BB
Company_915,Manufacturing,57.1,24.2,19.3,2019,4,BB
Company_915,Manufacturing,56.0,22.3,20.1,2020,4,BB
Company_915,Manufacturing,59.1,24.6,20.9,2021,4,BB
Company_915,Manufacturing,64.8,23.5,19.6,2022,4,BB
Company_915,Manufacturing,68.2,25.6,20.5,2023,4,BB
Company_915,Manufacturing,67.3,26.4,22.0,2024,4,BB
Company_915,Manufacturing,70.1,24.0,22.6,2025,4,BB
Company_916,Manufacturing,25.9,88.8,87.7,2015,6,AA
Company_916,Manufacturing,29.9,90.8,86.7,2016,6,AA
Company_916,Manufacturing,29.2,91.4,87.1,2017,6,AA
Company_916,Manufacturing,27.1,92.3,88.3,2018,6,AA
Company_916,Manufacturing,30.9,92.6,87.8,2019,6,AA
Company_916,Manufacturing,31.0,93.5,89.1,2020,6,AA
Company_916,Manufacturing,32.7,92.8,86.9,2021,6,AA
Company_916,Manufacturing,35.5,95.7,85.3,2022,6,AA
Company_916,Manufacturing,31.5,93.5,85.9,2023,6,AA
Company_916,Manufacturing,32.4,96.9,86.4,2024,6,AA
Company_916,Manufacturing,33.8,99.9,86.7,2025,6,AA
Company_917,Energy,17.1,32.8,31.1,2015,4,CCC
Company_917,Energy,16.4,33.1,29.6,2016,4,CCC
Company_917,Energy,18.4,31.4,28.3,2017,4,CCC
Company_917,Energy,21.6,30.0,27.9,2018,4,CCC
Company_917,Energy,21.0,30.1,26.0,2019,4,CCC
Company_917,Energy,23.3,29.3,27.5,2020,4,CCC
Company_917,Energy,24.6,28.1,28.6,2021,4,CCC
Company_917,Energy,29.1,27.9,28.2,2022,4,CCC
Company_917,Energy,33.8,26.2,25.7,2023,4,CCC
Company_917,Energy,36.6,25.1,27.0,2024,4,CCC
Company_917,Energy,41.1,25.7,29.1,2025,4,BB
Company_918,Utilities,53.6,58.7,51.0,2015,1,A
Company_918,Utilities,57.8,56.8,51.9,2016,1,A
Company_918,Utilities,61.4,54.8,53.6,2017,1,A
Company_918,Utilities,64.4,52.0,53.1,2018,1,A
Company_918,Utilities,68.0,50.5,52.0,2019,1,A
Company_918,Utilities,68.5,53.2,51.4,2020,1,A
Company_918,Utilities,68.9,51.3,51.6,2021,1,A
Company_918,Utilities,70.8,50.3,51.5,2022,1,A
Company_918,Utilities,75.1,49.5,52.5,2023,1,A
Company_918,Utilities,76.1,51.4,51.6,2024,1,A
Company_918,Utilities,80.5,52.3,51.2,2025,1,AA
Company_919,Consumer Goods,49.2,92.1,85.3,2015,2,AAA
Company_919,Consumer Goods,48.8,97.2,86.8,2016,2,AAA
Company_919,Consumer Goods,52.0,96.3,84.1,2017,2,AAA
Company_919,Consumer Goods,50.5,98.9,80.6,2018,2,AAA
Company_919,Consumer Goods,51.3,100.0,86.1,2019,2,AAA
Company_919,Consumer Goods,52.7,97.4,89.0,2020,2,AAA
Company_919,Consumer Goods,53.4,98.1,88.5,2021,2,AAA
Company_919,Consumer Goods,55.3,99.8,89.9,2022,2,AAA
Company_919,Consumer Goods,62.1,100.0,91.6,2023,2,AAA
Company_919,Consumer Goods,63.1,100.0,94.7,2024,2,AAA
Company_919,Consumer Goods,62.9,100.0,97.3,2025,2,AAA
Company_920,Finance,99.1,26.0,73.5,2015,0,AA
Company_920,Finance,100.0,25.0,72.9,2016,0,AA
Company_920,Finance,98.2,24.7,73.5,2017,0,AA
Company_920,Finance,98.3,25.2,72.6,2018,0,AA
Company_920,Finance,97.9,21.3,74.7,2019,0,AA
Company_920,Finance,100.0,23.1,75.7,2020,0,AA
Company_920,Finance,100.0,22.6,76.4,2021,0,AA
Company_920,Finance,100.0,24.7,80.3,2022,0,AA
Company_920,Finance,100.0,25.6,80.6,2023,0,AA
Company_920,Finance,100.0,25.8,78.0,2024,0,AA
Company_920,Finance,100.0,26.0,79.3,2025,0,AA
Company_921,Healthcare,79.8,88.9,76.9,2015,6,AAA
Company_921,Healthcare,83.6,87.0,79.3,2016,6,AAA
Company_921,Healthcare,83.1,83.0,78.7,2017,6,AAA
Company_921,Healthcare,82.9,82.1,82.6,2018,6,AAA
Company_921,Healthcare,81.3,82.7,83.3,2019,6,AAA
Company_921,Healthcare,80.3,81.9,85.4,2020,6,AAA
Company_921,Healthcare,82.5,80.5,83.8,2021,6,AAA
Company_921,Healthcare,81.6,81.6,83.2,2022,6,AAA
Company_921,Healthcare,83.1,82.4,82.2,2023,6,AAA
Company_921,Healthcare,81.3,80.8,80.2,2024,6,AAA
Company_921,Healthcare,84.4,78.7,83.2,2025,6,AAA
Company_922,Healthcare,55.7,78.1,61.7,2015,6,AA
Company_922,Healthcare,54.4,76.5,65.6,2016,6,AA
Company_922,Healthcare,53.4,81.0,69.1,2017,6,AA
Company_922,Healthcare,52.0,81.6,67.9,2018,6,AA
Company_922,Healthcare,52.6,84.4,71.0,2019,6,AA
Company_922,Healthcare,57.8,86.6,70.6,2020,6,AA
Company_922,Healthcare,58.7,84.5,67.8,2021,6,AA
Company_922,Healthcare,60.7,87.6,69.0,2022,6,AA
Company_922,Healthcare,65.0,84.4,68.1,2023,6,AA
Company_922,Healthcare,64.7,86.2,68.2,2024,6,AA
Company_922,Healthcare,68.3,84.6,68.2,2025,6,AA
Company_923,Transportation,55.0,68.0,28.0,2015,4,A
Company_923,Transportation,59.7,70.7,30.7,2016,4,A
Company_923,Transportation,58.8,67.6,29.3,2017,4,A
Company_923,Transportation,59.4,70.6,28.3,2018,4,A
Company_923,Transportation,59.9,67.2,28.6,2019,4,A
Company_923,Transportation,61.1,64.6,28.6,2020,4,A
Company_923,Transportation,62.2,63.6,29.2,2021,4,A
Company_923,Transportation,61.3,60.4,29.6,2022,4,A
Company_923,Transportation,63.0,62.3,30.1,2023,4,A
Company_923,Transportation,62.1,64.7,31.3,2024,4,A
Company_923,Transportation,65.5,64.8,30.7,2025,4,A
Company_924,Retail,68.2,21.4,22.5,2015,0,BB
Company_924,Retail,70.2,25.4,19.4,2016,0,BB
Company_924,Retail,70.6,29.4,21.5,2017,0,BBB
Company_924,Retail,71.9,33.2,24.1,2018,0,BBB
Company_924,Retail,76.1,32.6,25.8,2019,0,BBB
Company_924,Retail,76.2,34.8,27.9,2020,0,BBB
Company_924,Retail,76.1,36.8,28.1,2021,0,BBB
Company_924,Retail,78.2,38.6,28.3,2022,0,BBB
Company_924,Retail,79.1,37.7,31.8,2023,0,BBB
Company_924,Retail,80.0,40.2,31.0,2024,0,A
Company_924,Retail,84.7,38.1,30.7,2025,0,A
Company_925,Utilities,50.1,44.3,11.0,2015,0,BB
Company_925,Utilities,51.1,47.1,11.7,2016,0,BB
Company_925,Utilities,51.6,49.4,10.8,2017,0,BB
Company_925,Utilities,49.8,49.7,12.0,2018,0,BB
Company_925,Utilities,50.2,47.4,13.4,2019,0,BB
Company_925,Utilities,52.2,49.1,13.0,2020,0,BB
Company_925,Utilities,52.7,48.0,14.2,2021,0,BB
Company_925,Utilities,51.1,49.7,13.0,2022,0,BB
Company_925,Utilities,53.1,51.0,14.4,2023,0,BB
Company_925,Utilities,53.5,51.5,17.0,2024,0,BBB
Company_925,Utilities,54.2,52.1,17.3,2025,0,BBB
Company_926,Retail,41.7,6.2,28.7,2015,1,CCC
Company_926,Retail,39.2,8.2,28.5,2016,1,CCC
Company_926,Retail,40.4,7.6,31.9,2017,1,CCC
Company_926,Retail,44.7,8.5,28.4,2018,1,CCC
Company_926,Retail,47.2,8.5,28.1,2019,1,CCC
Company_926,Retail,46.4,8.8,27.7,2020,1,CCC
Company_926,Retail,49.3,11.9,30.5,2021,1,BB
Company_926,Retail,47.5,11.6,30.7,2022,1,CCC
Company_926,Retail,46.4,13.8,33.1,2023,1,BB
Company_926,Retail,48.9,13.5,32.1,2024,1,BB
Company_926,Retail,47.9,10.4,33.2,2025,1,BB
Company_927,Manufacturing,44.9,49.3,75.3,2015,1,A
Company_927,Manufacturing,47.2,49.9,76.8,2016,1,A
Company_927,Manufacturing,47.0,51.7,79.6,2017,1,A
Company_927,Manufacturing,48.7,51.2,80.1,2018,1,AA
Company_927,Manufacturing,48.0,50.3,80.8,2019,1,A
Company_927,Manufacturing,50.7,50.6,79.7,2020,1,AA
Company_927,Manufacturing,50.7,52.7,77.7,2021,1,AA
Company_927,Manufacturing,49.8,53.8,77.5,2022,1,AA
Company_927,Manufacturing,51.8,57.3,75.7,2023,1,AA
Company_927,Manufacturing,52.2,58.2,80.6,2024,1,AA
Company_927,Manufacturing,53.8,59.6,82.8,2025,1,AA
Company_928,Healthcare,46.5,81.3,78.1,2015,6,AA
Company_928,Healthcare,46.1,78.9,77.6,2016,6,AA
Company_928,Healthcare,50.3,80.4,80.0,2017,6,AA
Company_928,Healthcare,52.5,77.1,82.2,2018,6,AA
Company_928,Healthcare,50.8,79.2,77.9,2019,6,AA
Company_928,Healthcare,51.1,81.2,75.6,2020,6,AA
Company_928,Healthcare,51.2,82.1,77.6,2021,6,AA
Company_928,Healthcare,51.8,81.5,74.0,2022,6,AA
Company_928,Healthcare,53.1,80.7,74.6,2023,6,AA
Company_928,Healthcare,54.5,79.5,73.2,2024,6,AA
Company_928,Healthcare,58.1,80.5,76.5,2025,6,AA
Company_929,Manufacturing,40.9,90.5,60.4,2015,5,AA
Company_929,Manufacturing,42.8,87.8,61.7,2016,5,AA
Company_929,Manufacturing,43.2,87.2,61.5,2017,5,AA
Company_929,Manufacturing,43.1,88.1,64.8,2018,5,AA
Company_929,Manufacturing,41.6,85.1,63.1,2019,5,AA
Company_929,Manufacturing,43.1,86.5,63.9,2020,5,AA
Company_929,Manufacturing,44.9,88.2,67.2,2021,5,AA
Company_929,Manufacturing,40.8,84.2,68.6,2022,5,AA
Company_929,Manufacturing,44.3,82.8,68.5,2023,5,AA
Company_929,Manufacturing,46.3,84.3,72.5,2024,5,AA
Company_929,Manufacturing,49.0,83.0,72.7,2025,5,AA
Company_930,Transportation,30.0,71.5,8.1,2015,0,BB
Company_930,Transportation,33.9,72.4,11.3,2016,0,BB
Company_930,Transportation,34.4,69.5,12.6,2017,0,BB
Company_930,Transportation,36.1,67.2,12.8,2018,0,BB
Company_930,Transportation,35.4,64.5,14.8,2019,0,BB
Company_930,Transportation,36.3,65.3,16.8,2020,0,BB
Company_930,Transportation,38.3,61.9,19.2,2021,0,BB
Company_930,Transportation,38.8,64.5,21.8,2022,0,BBB
Company_930,Transportation,38.2,69.0,21.3,2023,0,BBB
Company_930,Transportation,38.5,69.6,23.3,2024,0,BBB
Company_930,Transportation,39.8,73.1,22.5,2025,0,BBB
Company_931,Energy,28.4,35.9,57.7,2015,4,BBB
Company_931,Energy,24.8,37.4,57.5,2016,4,BB
Company_931,Energy,26.0,36.7,55.3,2017,4,BB
Company_931,Energy,27.8,38.4,56.4,2018,4,BBB
Company_931,Energy,31.7,37.1,55.6,2019,4,BBB
Company_931,Energy,34.5,39.0,53.8,2020,4,BBB
Company_931,Energy,34.3,39.2,53.4,2021,4,BBB
Company_931,Energy,35.7,40.3,55.2,2022,4,BBB
Company_931,Energy,35.1,39.3,56.7,2023,4,BBB
Company_931,Energy,35.3,39.9,55.6,2024,4,BBB
Company_931,Energy,33.5,41.7,58.2,2025,4,BBB
Company_932,Manufacturing,18.3,73.0,54.5,2015,3,BBB
Company_932,Manufacturing,19.1,75.0,52.3,2016,3,BBB
Company_932,Manufacturing,22.0,78.2,52.9,2017,3,A
Company_932,Manufacturing,20.9,79.2,51.1,2018,3,A
Company_932,Manufacturing,23.9,76.2,52.9,2019,3,A
Company_932,Manufacturing,25.7,76.2,50.4,2020,3,A
Company_932,Manufacturing,25.0,76.3,52.1,2021,3,A
Company_932,Manufacturing,27.2,72.9,53.1,2022,3,A
Company_932,Manufacturing,27.6,75.0,55.8,2023,3,A
Company_932,Manufacturing,27.4,74.7,48.1,2024,3,A
Company_932,Manufacturing,26.8,77.5,48.8,2025,3,A
Company_933,Consumer Goods,79.3,42.4,20.6,2015,3,BBB
Company_933,Consumer Goods,79.7,40.2,26.4,2016,3,BBB
Company_933,Consumer Goods,81.0,42.6,27.2,2017,3,A
Company_933,Consumer Goods,84.0,42.7,27.1,2018,3,A
Company_933,Consumer Goods,84.3,45.7,27.9,2019,3,A
Company_933,Consumer Goods,83.6,45.2,30.6,2020,3,A
Company_933,Consumer Goods,88.2,45.5,31.8,2021,3,A
Company_933,Consumer Goods,90.7,47.5,27.0,2022,3,A
Company_933,Consumer Goods,91.7,50.4,27.2,2023,3,A
Company_933,Consumer Goods,91.3,49.4,28.5,2024,3,A
Company_933,Consumer Goods,95.2,53.3,30.3,2025,3,A
Company_934,Consumer Goods,34.7,50.6,18.4,2015,4,BB
Company_934,Consumer Goods,34.6,51.4,20.9,2016,4,BB
Company_934,Consumer Goods,34.1,51.4,21.2,2017,4,BB
Company_934,Consumer Goods,37.0,54.7,19.9,2018,4,BB
Company_934,Consumer Goods,39.3,59.2,18.6,2019,4,BB
Company_934,Consumer Goods,41.5,58.9,21.2,2020,4,BBB
Company_934,Consumer Goods,42.4,59.4,23.1,2021,4,BBB
Company_934,Consumer Goods,47.1,60.4,23.0,2022,4,BBB
Company_934,Consumer Goods,48.3,60.1,20.1,2023,4,BBB
Company_934,Consumer Goods,46.7,60.8,24.0,2024,4,BBB
Company_934,Consumer Goods,43.9,62.8,26.9,2025,4,BBB
Company_935,Consumer Goods,80.5,87.0,21.8,2015,6,AA
Company_935,Consumer Goods,81.2,86.1,24.0,2016,6,AA
Company_935,Consumer Goods,82.9,86.3,26.7,2017,6,AA
Company_935,Consumer Goods,80.6,86.4,24.5,2018,6,AA
Company_935,Consumer Goods,82.6,89.4,24.4,2019,6,AA
Company_935,Consumer Goods,81.8,87.2,24.7,2020,6,AA
Company_935,Consumer Goods,82.0,88.8,26.0,2021,6,AA
Company_935,Consumer Goods,83.2,91.6,28.0,2022,6,AA
Company_935,Consumer Goods,86.7,88.6,26.2,2023,6,AA
Company_935,Consumer Goods,87.2,91.5,24.2,2024,6,AA
Company_935,Consumer Goods,91.5,92.1,24.6,2025,6,AA
Company_936,Energy,14.3,27.4,56.6,2015,4,BB
Company_936,Energy,12.8,24.6,56.4,2016,4,BB
Company_936,Energy,15.3,25.8,56.4,2017,4,BB
Company_936,Energy,18.9,30.2,55.7,2018,4,BB
Company_936,Energy,20.6,34.9,61.0,2019,4,BB
Company_936,Energy,20.8,36.6,60.1,2020,4,BB
Company_936,Energy,23.3,38.5,57.7,2021,4,BB
Company_936,Energy,25.2,37.8,59.9,2022,4,BBB
Company_936,Energy,24.1,38.7,58.7,2023,4,BBB
Company_936,Energy,24.0,41.2,62.8,2024,4,BBB
Company_936,Energy,26.4,45.5,60.6,2025,4,BBB
Company_937,Technology,80.6,90.3,89.0,2015,2,AAA
Company_937,Technology,79.1,89.9,90.6,2016,2,AAA
Company_937,Technology,80.8,87.2,88.3,2017,2,AAA
Company_937,Technology,82.8,86.0,91.6,2018,2,AAA
Company_937,Technology,83.8,84.4,90.9,2019,2,AAA
Company_937,Technology,83.4,87.6,92.4,2020,2,AAA
Company_937,Technology,85.2,89.8,89.1,2021,2,AAA
Company_937,Technology,86.7,89.0,92.5,2022,2,AAA
Company_937,Technology,86.7,85.8,95.3,2023,2,AAA
Company_937,Technology,88.7,86.9,96.0,2024,2,AAA
Company_937,Technology,92.6,86.5,97.4,2025,2,AAA
Company_938,Consumer Goods,33.5,84.3,67.9,2015,5,AA
Company_938,Consumer Goods,35.0,84.2,68.9,2016,5,AA
Company_938,Consumer Goods,34.4,84.4,70.2,2017,5,AA
Company_938,Consumer Goods,37.6,85.3,69.6,2018,5,AA
Company_938,Consumer Goods,41.3,86.0,68.5,2019,5,AA
Company_938,Consumer Goods,41.6,86.7,69.6,2020,5,AA
Company_938,Consumer Goods,42.2,87.2,71.4,2021,5,AA
Company_938,Consumer Goods,44.4,88.9,70.6,2022,5,AA
Company_938,Consumer Goods,40.8,91.8,66.9,2023,5,AA
Company_938,Consumer Goods,43.4,93.3,67.4,2024,5,AA
Company_938,Consumer Goods,41.2,92.8,70.7,2025,5,AA
Company_939,Consumer Goods,34.3,95.8,57.7,2015,2,AA
Company_939,Consumer Goods,34.1,94.5,58.4,2016,2,AA
Company_939,Consumer Goods,35.3,96.1,56.9,2017,2,AA
Company_939,Consumer Goods,36.2,95.7,57.4,2018,2,AA
Company_939,Consumer Goods,33.5,93.8,61.3,2019,2,AA
Company_939,Consumer Goods,31.9,93.3,62.4,2020,2,AA
Company_939,Consumer Goods,33.7,91.4,67.4,2021,2,AA
Company_939,Consumer Goods,35.6,92.6,68.6,2022,2,AA
Company_939,Consumer Goods,39.8,92.5,65.3,2023,2,AA
Company_939,Consumer Goods,41.9,94.2,67.0,2024,2,AA
Company_939,Consumer Goods,45.9,97.4,66.4,2025,2,AA
Company_940,Healthcare,45.3,45.7,47.1,2015,1,BBB
Company_940,Healthcare,50.7,44.5,47.6,2016,1,BBB
Company_940,Healthcare,50.7,46.4,47.0,2017,1,BBB
Company_940,Healthcare,52.5,47.4,47.7,2018,1,BBB
Company_940,Healthcare,55.7,47.2,46.7,2019,1,BBB
Company_940,Healthcare,58.7,43.7,45.8,2020,1,BBB
Company_940,Healthcare,58.6,41.0,48.7,2021,1,BBB
Company_940,Healthcare,56.6,42.9,52.1,2022,1,A
Company_940,Healthcare,55.7,41.2,52.6,2023,1,BBB
Company_940,Healthcare,53.7,44.4,52.5,2024,1,A
Company_940,Healthcare,53.2,45.6,55.6,2025,1,A
Company_941,Consumer Goods,16.7,49.8,44.5,2015,6,BB
Company_941,Consumer Goods,14.0,51.3,47.8,2016,6,BB
Company_941,Consumer Goods,16.4,57.8,49.2,2017,6,BBB
Company_941,Consumer Goods,22.8,61.2,54.1,2018,6,BBB
Company_941,Consumer Goods,23.0,59.8,53.6,2019,6,BBB
Company_941,Consumer Goods,25.6,58.5,53.4,2020,6,BBB
Company_941,Consumer Goods,24.9,58.5,53.6,2021,6,BBB
Company_941,Consumer Goods,26.5,59.3,50.2,2022,6,BBB
Company_941,Consumer Goods,27.5,60.0,50.3,2023,6,BBB
Company_941,Consumer Goods,27.7,59.1,51.4,2024,6,BBB
Company_941,Consumer Goods,26.4,57.0,52.0,2025,6,BBB
Company_942,Transportation,16.2,8.3,80.8,2015,4,BB
Company_942,Transportation,13.4,9.6,80.7,2016,4,BB
Company_942,Transportation,15.9,4.8,80.2,2017,4,BB
Company_942,Transportation,14.1,6.0,81.1,2018,4,BB
Company_942,Transportation,19.8,5.8,80.8,2019,4,BB
Company_942,Transportation,19.3,5.1,80.1,2020,4,BB
Company_942,Transportation,20.6,8.3,78.6,2021,4,BB
Company_942,Transportation,22.6,6.5,82.9,2022,4,BB
Company_942,Transportation,26.6,7.8,82.2,2023,4,BB
Company_942,Transportation,31.6,10.4,86.3,2024,4,BBB
Company_942,Transportation,30.0,10.6,88.4,2025,4,BBB
Company_943,Transportation,6.5,53.3,79.9,2015,6,BBB
Company_943,Transportation,7.8,53.3,77.4,2016,6,BBB
Company_943,Transportation,9.4,55.8,80.2,2017,6,BBB
Company_943,Transportation,10.7,57.2,83.0,2018,6,A
Company_943,Transportation,12.6,62.2,81.2,2019,6,A
Company_943,Transportation,12.6,62.6,79.9,2020,6,A
Company_943,Transportation,15.5,61.5,76.8,2021,6,A
Company_943,Transportation,15.6,62.4,75.3,2022,6,A
Company_943,Transportation,19.9,60.4,75.3,2023,6,A
Company_943,Transportation,20.5,60.7,75.0,2024,6,A
Company_943,Transportation,21.4,63.0,78.1,2025,6,A
Company_944,Finance,99.1,19.2,51.7,2015,2,A
Company_944,Finance,100.0,19.8,53.7,2016,2,A
Company_944,Finance,97.3,19.2,52.7,2017,2,A
Company_944,Finance,95.9,18.0,51.1,2018,2,A
Company_944,Finance,99.0,17.7,47.9,2019,2,A
Company_944,Finance,98.2,19.1,47.6,2020,2,A
Company_944,Finance,100.0,19.9,48.2,2021,2,A
Company_944,Finance,100.0,20.3,47.0,2022,2,A
Company_944,Finance,98.0,22.3,44.1,2023,2,A
Company_944,Finance,97.5,22.7,46.7,2024,2,A
Company_944,Finance,93.7,23.0,46.7,2025,2,A
Company_945,Finance,55.9,89.7,52.7,2015,2,AA
Company_945,Finance,59.4,90.8,51.2,2016,2,AA
Company_945,Finance,58.3,91.7,48.9,2017,2,AA
Company_945,Finance,61.7,91.7,49.7,2018,2,AA
Company_945,Finance,64.6,93.1,48.2,2019,2,AA
Company_945,Finance,65.5,92.2,48.6,2020,2,AA
Company_945,Finance,65.3,95.7,45.8,2021,2,AA
Company_945,Finance,67.2,100.0,46.3,2022,2,AA
Company_945,Finance,66.1,97.9,47.5,2023,2,AA
Company_945,Finance,68.0,100.0,48.0,2024,2,AA
Company_945,Finance,67.8,99.0,46.8,2025,2,AA
Company_946,Healthcare,61.9,71.5,68.9,2015,6,AA
Company_946,Healthcare,65.1,70.0,70.6,2016,6,AA
Company_946,Healthcare,66.0,72.4,70.3,2017,6,AA
Company_946,Healthcare,67.4,70.5,73.6,2018,6,AA
Company_946,Healthcare,67.7,69.9,76.9,2019,6,AA
Company_946,Healthcare,68.4,68.4,79.1,2020,6,AA
Company_946,Healthcare,72.5,70.3,77.8,2021,6,AA
Company_946,Healthcare,76.4,68.1,76.9,2022,6,AA
Company_946,Healthcare,76.2,71.2,76.8,2023,6,AA
Company_946,Healthcare,75.0,68.8,80.1,2024,6,AA
Company_946,Healthcare,72.6,67.4,83.0,2025,6,AA
Company_947,Retail,59.2,24.4,40.2,2015,3,BBB
Company_947,Retail,60.4,24.0,42.4,2016,3,BBB
Company_947,Retail,60.6,20.8,38.4,2017,3,BB
Company_947,Retail,60.1,20.6,36.7,2018,3,BB
Company_947,Retail,64.8,21.0,35.8,2019,3,BBB
Company_947,Retail,64.5,23.9,35.3,2020,3,BBB
Company_947,Retail,67.6,25.2,35.3,2021,3,BBB
Company_947,Retail,67.5,23.9,34.4,2022,3,BBB
Company_947,Retail,71.3,20.4,32.7,2023,3,BBB
Company_947,Retail,70.5,21.7,33.5,2024,3,BBB
Company_947,Retail,71.7,21.1,32.6,2025,3,BBB
Company_948,Retail,49.6,26.7,5.5,2015,0,CCC
Company_948,Retail,50.8,24.8,3.5,2016,0,CCC
Company_948,Retail,50.3,25.1,6.7,2017,0,CCC
Company_948,Retail,53.0,24.6,6.8,2018,0,CCC
Company_948,Retail,52.4,23.4,3.6,2019,0,CCC
Company_948,Retail,50.8,25.8,4.0,2020,0,CCC
Company_948,Retail,52.6,30.7,0.7,2021,0,CCC
Company_948,Retail,54.3,29.5,0.0,2022,0,CCC
Company_948,Retail,55.4,31.7,2.3,2023,0,CCC
Company_948,Retail,57.1,30.0,2.0,2024,0,CCC
Company_948,Retail,60.2,29.3,4.7,2025,0,BB
Company_949,Transportation,27.7,36.6,42.7,2015,4,BB
Company_949,Transportation,27.0,37.2,47.2,2016,4,BB
Company_949,Transportation,24.8,42.5,49.7,2017,4,BB
Company_949,Transportation,28.4,42.3,51.2,2018,4,BBB
Company_949,Transportation,29.3,41.8,49.6,2019,4,BBB
Company_949,Transportation,30.6,44.0,50.7,2020,4,BBB
Company_949,Transportation,29.6,44.6,52.7,2021,4,BBB
Company_949,Transportation,31.0,43.3,53.6,2022,4,BBB
Company_949,Transportation,34.0,41.9,54.6,2023,4,BBB
Company_949,Transportation,34.5,39.5,55.0,2024,4,BBB
Company_949,Transportation,35.4,40.9,53.6,2025,4,BBB
Company_950,Technology,62.3,27.0,6.8,2015,0,BB
Company_950,Technology,62.4,26.3,5.7,2016,0,BB
Company_950,Technology,60.5,25.2,7.2,2017,0,BB
Company_950,Technology,59.4,30.7,6.8,2018,0,BB
Company_950,Technology,61.1,31.1,4.4,2019,0,BB
Company_950,Technology,63.9,28.3,3.7,2020,0,BB
Company_950,Technology,64.1,28.0,5.9,2021,0,BB
Company_950,Technology,67.3,29.2,6.9,2022,0,BB
Company_950,Technology,67.2,28.6,8.1,2023,0,BB
Company_950,Technology,69.1,29.8,9.6,2024,0,BB
Company_950,Technology,72.4,33.9,8.1,2025,0,BB
Company_951,Transportation,23.9,81.6,88.4,2015,1,AA
Company_951,Transportation,24.3,81.8,90.4,2016,1,AA
Company_951,Transportation,24.1,83.2,88.6,2017,1,AA
Company_951,Transportation,25.4,80.3,89.2,2018,1,AA
Company_951,Transportation,32.3,79.3,90.9,2019,1,AA
Company_951,Transportation,31.8,79.5,92.7,2020,1,AA
Company_951,Transportation,32.1,82.6,92.7,2021,1,AA
Company_951,Transportation,31.4,80.8,94.8,2022,1,AA
Company_951,Transportation,30.0,82.0,96.4,2023,1,AA
Company_951,Transportation,31.1,81.7,96.1,2024,1,AA
Company_951,Transportation,32.5,81.1,98.0,2025,1,AA
Company_952,Energy,24.7,31.4,26.0,2015,0,CCC
Company_952,Energy,23.4,32.7,27.0,2016,0,CCC
Company_952,Energy,21.6,29.8,31.3,2017,0,CCC
Company_952,Energy,22.5,33.3,34.0,2018,0,CCC
Company_952,Energy,25.9,36.5,33.7,2019,0,BB
Company_952,Energy,23.4,35.8,33.7,2020,0,BB
Company_952,Energy,22.2,35.1,30.4,2021,0,CCC
Company_952,Energy,18.0,35.9,30.8,2022,0,CCC
Company_952,Energy,21.5,38.3,29.0,2023,0,CCC
Company_952,Energy,25.1,37.0,28.1,2024,0,BB
Company_952,Energy,27.6,36.3,32.4,2025,0,BB
Company_953,Technology,59.0,23.1,22.0,2015,3,BB
Company_953,Technology,59.3,24.8,23.5,2016,3,BB
Company_953,Technology,58.2,23.9,23.6,2017,3,BB
Company_953,Technology,60.9,24.9,23.1,2018,3,BB
Company_953,Technology,62.2,26.8,25.5,2019,3,BB
Company_953,Technology,61.3,26.7,24.6,2020,3,BB
Company_953,Technology,62.1,23.6,17.7,2021,3,BB
Company_953,Technology,61.6,22.1,20.8,2022,3,BB
Company_953,Technology,63.0,24.7,24.6,2023,3,BB
Company_953,Technology,60.2,27.7,24.2,2024,3,BB
Company_953,Technology,64.9,25.7,24.4,2025,3,BB
Company_954,Utilities,30.8,58.5,52.9,2015,3,BBB
Company_954,Utilities,29.7,55.6,52.3,2016,3,BBB
Company_954,Utilities,29.0,53.9,52.0,2017,3,BBB
Company_954,Utilities,29.4,56.3,53.5,2018,3,BBB
Company_954,Utilities,30.1,57.6,52.7,2019,3,BBB
Company_954,Utilities,32.0,57.5,56.9,2020,3,BBB
Company_954,Utilities,33.2,57.1,54.6,2021,3,BBB
Company_954,Utilities,35.4,57.2,56.8,2022,3,BBB
Company_954,Utilities,34.6,60.2,57.0,2023,3,A
Company_954,Utilities,36.8,64.0,54.6,2024,3,A
Company_954,Utilities,39.8,64.2,56.5,2025,3,A
Company_955,Transportation,48.5,70.8,61.0,2015,1,AA
Company_955,Transportation,49.6,68.6,60.9,2016,1,A
Company_955,Transportation,48.9,65.9,62.4,2017,1,A
Company_955,Transportation,47.8,69.0,64.3,2018,1,AA
Company_955,Transportation,51.2,66.8,65.0,2019,1,AA
Company_955,Transportation,51.3,68.6,65.6,2020,1,AA
Company_955,Transportation,56.2,65.7,69.1,2021,1,AA
Company_955,Transportation,58.5,64.7,70.6,2022,1,AA
Company_955,Transportation,63.1,65.1,69.0,2023,1,AA
Company_955,Transportation,59.4,69.2,65.9,2024,1,AA
Company_955,Transportation,63.2,69.7,67.0,2025,1,AA
Company_956,Finance,96.0,47.0,41.5,2015,6,AA
Company_956,Finance,96.1,44.4,41.7,2016,6,AA
Company_956,Finance,97.3,45.1,41.8,2017,6,AA
Company_956,Finance,100.0,44.8,39.9,2018,6,AA
Company_956,Finance,100.0,46.6,37.8,2019,6,AA
Company_956,Finance,100.0,48.1,39.2,2020,6,AA
Company_956,Finance,100.0,50.2,38.2,2021,6,AA
Company_956,Finance,98.3,48.0,42.2,2022,6,AA
Company_956,Finance,98.2,45.1,40.8,2023,6,AA
Company_956,Finance,100.0,46.6,38.9,2024,6,AA
Company_956,Finance,97.1,45.7,37.1,2025,6,A
Company_957,Technology,80.7,39.0,25.4,2015,3,BBB
Company_957,Technology,80.9,39.0,24.5,2016,3,BBB
Company_957,Technology,80.0,40.6,24.8,2017,3,BBB
Company_957,Technology,81.0,41.2,23.8,2018,3,BBB
Company_957,Technology,79.6,42.3,26.5,2019,3,BBB
Company_957,Technology,81.5,45.1,28.5,2020,3,A
Company_957,Technology,82.4,45.5,26.9,2021,3,A
Company_957,Technology,78.8,47.2,24.4,2022,3,A
Company_957,Technology,80.2,43.9,25.4,2023,3,BBB
Company_957,Technology,82.9,46.1,25.5,2024,3,A
Company_957,Technology,81.9,46.1,27.6,2025,3,A
Company_958,Healthcare,34.7,38.9,55.3,2015,0,BBB
Company_958,Healthcare,34.7,38.5,57.3,2016,0,BBB
Company_958,Healthcare,38.2,38.6,54.5,2017,0,BBB
Company_958,Healthcare,39.4,39.5,56.2,2018,0,BBB
Company_958,Healthcare,38.2,38.7,56.9,2019,0,BBB
Company_958,Healthcare,36.4,43.6,56.1,2020,0,BBB
Company_958,Healthcare,36.7,43.4,57.4,2021,0,BBB
Company_958,Healthcare,36.8,42.0,59.6,2022,0,BBB
Company_958,Healthcare,39.8,43.5,59.7,2023,0,BBB
Company_958,Healthcare,42.8,46.0,61.5,2024,0,A
Company_958,Healthcare,44.2,49.0,64.6,2025,0,A
Company_959,Manufacturing,40.7,38.2,54.4,2015,4,BBB
Company_959,Manufacturing,42.0,38.5,55.3,2016,4,BBB
Company_959,Manufacturing,42.0,37.8,56.3,2017,4,BBB
Company_959,Manufacturing,41.1,37.7,58.0,2018,4,BBB
Company_959,Manufacturing,45.0,36.5,60.0,2019,4,BBB
Company_959,Manufacturing,43.0,38.4,62.8,2020,4,BBB
Company_959,Manufacturing,44.1,40.3,59.9,2021,4,BBB
Company_959,Manufacturing,45.7,38.5,60.2,2022,4,BBB
Company_959,Manufacturing,47.5,37.3,61.8,2023,4,BBB
Company_959,Manufacturing,45.4,37.1,62.6,2024,4,BBB
Company_959,Manufacturing,44.8,36.0,64.2,2025,4,BBB
Company_960,Energy,12.0,68.0,59.8,2015,1,BBB
Company_960,Energy,9.5,65.9,55.2,2016,1,BBB
Company_960,Energy,8.3,66.1,56.4,2017,1,BBB
Company_960,Energy,12.2,64.1,57.2,2018,1,BBB
Company_960,Energy,14.6,62.1,58.8,2019,1,BBB
Company_960,Energy,17.0,64.5,59.3,2020,1,BBB
Company_960,Energy,14.4,64.7,60.7,2021,1,BBB
Company_960,Energy,15.5,64.2,61.8,2022,1,BBB
Company_960,Energy,13.8,65.0,61.5,2023,1,BBB
Company_960,Energy,15.2,67.9,60.6,2024,1,BBB
Company_960,Energy,13.2,68.2,61.2,2025,1,BBB
Company_961,Transportation,11.6,67.9,68.5,2015,2,BBB
Company_961,Transportation,12.5,66.2,70.7,2016,2,BBB
Company_961,Transportation,9.8,66.4,71.2,2017,2,BBB
Company_961,Transportation,9.9,63.7,69.6,2018,2,BBB
Company_961,Transportation,13.2,66.5,68.8,2019,2,BBB
Company_961,Transportation,12.7,67.1,69.1,2020,2,BBB
Company_961,Transportation,13.2,63.2,68.7,2021,2,BBB
Company_961,Transportation,16.7,64.6,69.4,2022,2,A
Company_961,Transportation,16.4,64.9,67.5,2023,2,BBB
Company_961,Transportation,18.5,66.7,68.8,2024,2,A
Company_961,Transportation,20.5,68.1,70.6,2025,2,A
Company_962,Finance,76.6,34.0,33.6,2015,4,BBB
Company_962,Finance,78.2,31.6,35.3,2016,4,BBB
Company_962,Finance,81.2,30.9,34.5,2017,4,BBB
Company_962,Finance,82.7,30.5,39.3,2018,4,A
Company_962,Finance,83.2,29.3,39.1,2019,4,A
Company_962,Finance,85.5,31.0,36.9,2020,4,A
Company_962,Finance,86.1,32.9,35.0,2021,4,A
Company_962,Finance,87.4,31.0,34.2,2022,4,A
Company_962,Finance,90.0,32.6,32.5,2023,4,A
Company_962,Finance,88.1,30.6,32.5,2024,4,A
Company_962,Finance,93.1,31.7,34.1,2025,4,A
Company_963,Transportation,16.2,32.7,49.7,2015,0,BB
Company_963,Transportation,16.6,29.6,48.9,2016,0,BB
Company_963,Transportation,20.3,30.8,49.3,2017,0,BB
Company_963,Transportation,21.5,31.4,49.8,2018,0,BB
Company_963,Transportation,20.5,34.1,46.3,2019,0,BB
Company_963,Transportation,25.6,35.6,50.5,2020,0,BB
Company_963,Transportation,24.3,35.7,48.7,2021,0,BB
Company_963,Transportation,27.7,35.9,48.0,2022,0,BB
Company_963,Transportation,26.0,35.6,48.1,2023,0,BB
Company_963,Transportation,25.3,41.0,46.5,2024,0,BB
Company_963,Transportation,27.4,43.7,47.3,2025,0,BB
Company_964,Technology,87.8,54.0,19.3,2015,4,A
Company_964,Technology,88.3,49.0,19.8,2016,4,A
Company_964,Technology,87.7,49.5,19.6,2017,4,A
Company_964,Technology,88.0,51.1,20.8,2018,4,A
Company_964,Technology,91.7,50.0,19.8,2019,4,A
Company_964,Technology,89.9,50.0,21.3,2020,4,A
Company_964,Technology,88.5,51.3,23.2,2021,4,A
Company_964,Technology,86.5,52.0,20.6,2022,4,A
Company_964,Technology,85.0,51.8,20.4,2023,4,A
Company_964,Technology,86.3,52.6,20.3,2024,4,A
Company_964,Technology,88.0,52.0,18.1,2025,4,A
Company_965,Healthcare,90.3,7.9,34.8,2015,4,BBB
Company_965,Healthcare,92.0,13.1,36.1,2016,4,BBB
Company_965,Healthcare,94.5,13.7,33.2,2017,4,BBB
Company_965,Healthcare,95.5,14.5,31.4,2018,4,BBB
Company_965,Healthcare,96.8,10.9,31.4,2019,4,BBB
Company_965,Healthcare,99.4,14.4,30.5,2020,4,BBB
Company_965,Healthcare,99.0,17.6,32.9,2021,4,BBB
Company_965,Healthcare,100.0,18.4,31.5,2022,4,BBB
Company_965,Healthcare,98.8,16.7,34.8,2023,4,A
Company_965,Healthcare,97.4,19.4,38.6,2024,4,A
Company_965,Healthcare,99.7,22.9,38.3,2025,4,A
Company_966,Manufacturing,80.8,82.8,53.0,2015,6,AA
Company_966,Manufacturing,82.9,84.1,57.8,2016,6,AA
Company_966,Manufacturing,85.9,83.2,62.3,2017,6,AAA
Company_966,Manufacturing,85.1,86.7,64.4,2018,6,AAA
Company_966,Manufacturing,86.3,86.1,62.2,2019,6,AAA
Company_966,Manufacturing,87.6,87.1,63.4,2020,6,AAA
Company_966,Manufacturing,88.6,87.8,65.4,2021,6,AAA
Company_966,Manufacturing,88.9,88.6,65.1,2022,6,AAA
Company_966,Manufacturing,91.7,88.1,65.5,2023,6,AAA
Company_966,Manufacturing,94.5,87.1,63.7,2024,6,AAA
Company_966,Manufacturing,94.0,90.6,63.4,2025,6,AAA
Company_967,Technology,89.1,82.2,88.7,2015,2,AAA
Company_967,Technology,91.0,82.3,91.1,2016,2,AAA
Company_967,Technology,92.3,83.6,91.9,2017,2,AAA
Company_967,Technology,93.4,83.5,88.6,2018,2,AAA
Company_967,Technology,96.1,85.1,87.4,2019,2,AAA
Company_967,Technology,95.1,87.2,88.9,2020,2,AAA
Company_967,Technology,95.4,88.6,91.0,2021,2,AAA
Company_967,Technology,97.4,89.6,90.8,2022,2,AAA
Company_967,Technology,97.3,91.0,93.8,2023,2,AAA
Company_967,Technology,99.6,89.3,95.0,2024,2,AAA
Company_967,Technology,97.2,91.0,94.1,2025,2,AAA
Company_968,Healthcare,37.4,90.9,49.5,2015,5,A
Company_968,Healthcare,40.2,91.5,49.5,2016,5,AA
Company_968,Healthcare,40.2,87.2,47.8,2017,5,A
Company_968,Healthcare,38.4,93.5,46.4,2018,5,A
Company_968,Healthcare,36.9,95.0,47.1,2019,5,A
Company_968,Healthcare,37.4,98.4,47.9,2020,5,AA
Company_968,Healthcare,36.3,100.0,46.9,2021,5,AA
Company_968,Healthcare,36.5,100.0,53.3,2022,5,AA
Company_968,Healthcare,35.5,100.0,54.1,2023,5,AA
Company_968,Healthcare,39.1,98.9,52.8,2024,5,AA
Company_968,Healthcare,34.3,100.0,53.1,2025,5,AA
Company_969,Technology,97.6,12.0,13.5,2015,0,BBB
Company_969,Technology,95.1,14.6,14.0,2016,0,BBB
Company_969,Technology,93.0,12.7,16.1,2017,0,BBB
Company_969,Technology,95.7,16.8,14.9,2018,0,BBB
Company_969,Technology,95.4,15.7,14.7,2019,0,BBB
Company_969,Technology,98.9,13.5,16.4,2020,0,BBB
Company_969,Technology,96.5,13.3,16.7,2021,0,BBB
Company_969,Technology,95.2,12.6,19.3,2022,0,BBB
Company_969,Technology,97.1,12.0,22.1,2023,0,BBB
Company_969,Technology,99.3,13.6,20.5,2024,0,BBB
Company_969,Technology,97.4,14.5,20.3,2025,0,BBB
Company_970,Healthcare,79.6,40.3,77.4,2015,2,AA
Company_970,Healthcare,82.7,40.5,78.2,2016,2,AA
Company_970,Healthcare,83.7,41.5,77.6,2017,2,AA
Company_970,Healthcare,86.5,39.6,74.3,2018,2,AA
Company_970,Healthcare,84.7,43.0,75.5,2019,2,AA
Company_970,Healthcare,85.7,43.1,74.5,2020,2,AA
Company_970,Healthcare,86.4,43.3,72.9,2021,2,AA
Company_970,Healthcare,89.0,43.5,73.9,2022,2,AA
Company_970,Healthcare,90.4,44.4,76.8,2023,2,AA
Company_970,Healthcare,92.2,46.4,77.1,2024,2,AA
Company_970,Healthcare,92.1,48.1,77.4,2025,2,AA
Company_971,Healthcare,86.6,28.7,20.2,2015,0,BBB
Company_971,Healthcare,89.6,31.2,20.1,2016,0,BBB
Company_971,Healthcare,91.9,34.5,20.7,2017,0,BBB
Company_971,Healthcare,92.2,37.3,19.2,2018,0,BBB
Company_971,Healthcare,93.0,38.5,19.1,2019,0,A
Company_971,Healthcare,96.7,38.2,21.2,2020,0,A
Company_971,Healthcare,96.2,40.8,24.6,2021,0,A
Company_971,Healthcare,96.0,41.2,24.7,2022,0,A
Company_971,Healthcare,97.1,40.7,26.6,2023,0,A
Company_971,Healthcare,99.5,42.2,26.4,2024,0,A
Company_971,Healthcare,98.9,42.8,24.9,2025,0,A
Company_972,Finance,99.6,61.9,4.4,2015,0,A
Company_972,Finance,95.6,65.3,2.8,2016,0,A
Company_972,Finance,98.8,61.9,0.4,2017,0,A
Company_972,Finance,100.0,60.6,1.2,2018,0,A
Company_972,Finance,99.1,60.4,0.9,2019,0,A
Company_972,Finance,100.0,66.6,1.4,2020,0,A
Company_972,Finance,100.0,68.6,3.1,2021,0,A
Company_972,Finance,100.0,69.1,3.8,2022,0,A
Company_972,Finance,100.0,67.0,3.7,2023,0,A
Company_972,Finance,100.0,69.8,5.7,2024,0,A
Company_972,Finance,100.0,70.2,7.1,2025,0,A
Company_973,Transportation,12.3,53.9,32.2,2015,3,BB
Company_973,Transportation,10.6,56.3,32.3,2016,3,BB
Company_973,Transportation,11.1,53.9,32.3,2017,3,BB
Company_973,Transportation,16.2,52.2,32.7,2018,3,BB
Company_973,Transportation,20.1,49.7,33.7,2019,3,BB
Company_973,Transportation,22.6,48.3,36.0,2020,3,BB
Company_973,Transportation,24.4,47.4,36.7,2021,3,BB
Company_973,Transportation,21.8,46.0,38.6,2022,3,BB
Company_973,Transportation,22.0,45.0,38.9,2023,3,BB
Company_973,Transportation,23.8,42.2,37.5,2024,3,BB
Company_973,Transportation,22.9,45.6,36.6,2025,3,BB
Company_974,Energy,7.0,45.1,90.9,2015,2,BBB
Company_974,Energy,7.1,42.9,92.1,2016,2,BBB
Company_974,Energy,7.4,47.0,91.1,2017,2,BBB
Company_974,Energy,7.2,51.2,89.0,2018,2,BBB
Company_974,Energy,9.4,50.7,87.9,2019,2,BBB
Company_974,Energy,10.8,45.3,88.8,2020,2,BBB
Company_974,Energy,16.2,46.1,89.1,2021,2,A
Company_974,Energy,14.0,48.8,87.1,2022,2,BBB
Company_974,Energy,14.6,48.2,84.2,2023,2,BBB
Company_974,Energy,17.0,50.5,85.1,2024,2,A
Company_974,Energy,16.4,53.0,83.3,2025,2,A
Company_975,Consumer Goods,53.6,64.3,87.7,2015,6,AA
Company_975,Consumer Goods,54.3,65.7,93.6,2016,6,AA
Company_975,Consumer Goods,57.9,66.3,95.4,2017,6,AA
Company_975,Consumer Goods,60.6,65.4,94.9,2018,6,AA
Company_975,Consumer Goods,63.2,69.6,94.6,2019,6,AAA
Company_975,Consumer Goods,65.4,72.9,96.2,2020,6,AAA
Company_975,Consumer Goods,68.5,71.8,94.4,2021,6,AAA
Company_975,Consumer Goods,69.8,69.4,95.8,2022,6,AAA
Company_975,Consumer Goods,72.9,68.6,98.0,2023,6,AAA
Company_975,Consumer Goods,74.1,67.9,98.9,2024,6,AAA
Company_975,Consumer Goods,74.8,64.9,100.0,2025,6,AAA
Company_976,Utilities,11.2,42.2,20.4,2015,0,CCC
Company_976,Utilities,14.2,42.5,18.0,2016,0,CCC
Company_976,Utilities,17.3,41.8,18.1,2017,0,CCC
Company_976,Utilities,18.1,37.9,17.2,2018,0,CCC
Company_976,Utilities,18.9,39.4,17.8,2019,0,CCC
Company_976,Utilities,20.8,40.0,16.9,2020,0,CCC
Company_976,Utilities,18.9,41.9,17.2,2021,0,CCC
Company_976,Utilities,18.8,42.2,19.6,2022,0,CCC
Company_976,Utilities,20.9,44.0,17.8,2023,0,CCC
Company_976,Utilities,23.7,43.9,15.8,2024,0,CCC
Company_976,Utilities,26.8,42.8,13.3,2025,0,CCC
Company_977,Energy,16.3,84.9,71.3,2015,6,A
Company_977,Energy,16.2,85.6,71.3,2016,6,A
Company_977,Energy,17.0,85.7,71.2,2017,6,A
Company_977,Energy,19.8,85.5,70.7,2018,6,A
Company_977,Energy,18.9,83.7,73.8,2019,6,A
Company_977,Energy,21.4,82.5,72.6,2020,6,A
Company_977,Energy,24.4,79.7,74.1,2021,6,A
Company_977,Energy,22.6,79.8,78.0,2022,6,AA
Company_977,Energy,24.9,80.9,78.4,2023,6,AA
Company_977,Energy,26.4,81.7,78.4,2024,6,AA
Company_977,Energy,27.8,82.1,79.4,2025,6,AA
Company_978,Transportation,52.5,30.9,73.5,2015,5,A
Company_978,Transportation,54.1,33.7,73.8,2016,5,A
Company_978,Transportation,57.3,30.9,75.1,2017,5,A
Company_978,Transportation,61.7,33.2,70.4,2018,5,A
Company_978,Transportation,60.8,32.6,70.7,2019,5,A
Company_978,Transportation,63.4,32.5,74.1,2020,5,A
Company_978,Transportation,65.6,34.4,73.5,2021,5,A
Company_978,Transportation,67.4,31.1,75.8,2022,5,A
Company_978,Transportation,69.8,33.7,78.8,2023,5,AA
Company_978,Transportation,72.1,33.4,80.4,2024,5,AA
Company_978,Transportation,73.3,31.4,76.7,2025,5,AA
Company_979,Energy,39.2,40.1,30.6,2015,4,BB
Company_979,Energy,41.1,43.2,33.6,2016,4,BB
Company_979,Energy,44.2,45.5,35.6,2017,4,BBB
Company_979,Energy,45.6,46.4,39.6,2018,4,BBB
Company_979,Energy,47.8,49.6,40.8,2019,4,BBB
Company_979,Energy,45.0,52.6,41.3,2020,4,BBB
Company_979,Energy,46.4,50.8,43.6,2021,4,BBB
Company_979,Energy,48.8,49.6,47.8,2022,4,BBB
Company_979,Energy,52.3,50.6,48.4,2023,4,A
Company_979,Energy,53.4,51.9,47.8,2024,4,A
Company_979,Energy,53.3,52.8,50.8,2025,4,A
Company_980,Retail,67.5,66.3,22.3,2015,0,A
Company_980,Retail,67.0,68.3,26.2,2016,0,A
Company_980,Retail,70.4,71.1,32.6,2017,0,A
Company_980,Retail,69.5,71.0,34.4,2018,0,A
Company_980,Retail,69.6,70.1,34.1,2019,0,A
Company_980,Retail,68.4,70.4,35.9,2020,0,A
Company_980,Retail,70.4,69.9,36.0,2021,0,A
Company_980,Retail,71.5,69.6,36.7,2022,0,A
Company_980,Retail,71.2,71.0,37.3,2023,0,A
Company_980,Retail,68.8,71.0,39.4,2024,0,A
Company_980,Retail,68.3,70.6,39.6,2025,0,A
Company_981,Utilities,52.4,48.4,29.6,2015,0,BBB
Company_981,Utilities,50.6,47.9,30.9,2016,0,BBB
Company_981,Utilities,50.6,49.2,33.1,2017,0,BBB
Company_981,Utilities,49.4,48.5,32.8,2018,0,BBB
Company_981,Utilities,53.6,48.1,31.8,2019,0,BBB
Company_981,Utilities,55.2,50.6,33.7,2020,0,BBB
Company_981,Utilities,56.7,51.5,33.8,2021,0,BBB
Company_981,Utilities,57.0,51.8,37.3,2022,0,BBB
Company_981,Utilities,57.0,49.7,35.2,2023,0,BBB
Company_981,Utilities,58.7,46.1,34.2,2024,0,BBB
Company_981,Utilities,55.0,49.5,35.9,2025,0,BBB
Company_982,Technology,75.1,95.6,57.2,2015,2,AAA
Company_982,Technology,76.8,95.6,55.7,2016,2,AAA
Company_982,Technology,75.6,100.0,55.2,2017,2,AAA
Company_982,Technology,73.4,100.0,53.4,2018,2,AAA
Company_982,Technology,72.1,99.2,53.2,2019,2,AA
Company_982,Technology,73.1,100.0,53.6,2020,2,AAA
Company_982,Technology,76.6,100.0,54.3,2021,2,AAA
Company_982,Technology,75.0,100.0,54.5,2022,2,AAA
Company_982,Technology,76.0,97.9,54.9,2023,2,AAA
Company_982,Technology,76.6,96.8,55.3,2024,2,AAA
Company_982,Technology,78.2,99.6,55.0,2025,2,AAA
Company_983,Retail,63.3,37.6,56.0,2015,6,A
Company_983,Retail,62.8,42.5,63.0,2016,6,A
Company_983,Retail,62.9,39.2,70.1,2017,6,A
Company_983,Retail,63.8,38.2,73.1,2018,6,A
Company_983,Retail,63.2,39.4,76.2,2019,6,A
Company_983,Retail,64.6,42.9,77.3,2020,6,AA
Company_983,Retail,68.4,45.6,78.8,2021,6,AA
Company_983,Retail,70.6,48.9,81.5,2022,6,AA
Company_983,Retail,70.9,48.7,81.5,2023,6,AA
Company_983,Retail,74.6,48.7,80.9,2024,6,AA
Company_983,Retail,75.6,49.1,80.8,2025,6,AA
Company_984,Utilities,45.3,37.1,37.9,2015,3,BBB
Company_984,Utilities,43.6,40.9,36.5,2016,3,BBB
Company_984,Utilities,44.5,45.4,36.0,2017,3,BBB
Company_984,Utilities,44.4,47.0,37.2,2018,3,BBB
Company_984,Utilities,44.9,47.8,38.9,2019,3,BBB
Company_984,Utilities,46.0,47.9,39.9,2020,3,BBB
Company_984,Utilities,48.8,51.2,38.2,2021,3,BBB
Company_984,Utilities,50.7,49.8,40.0,2022,3,BBB
Company_984,Utilities,50.7,56.3,40.5,2023,3,BBB
Company_984,Utilities,48.0,55.9,43.1,2024,3,BBB
Company_984,Utilities,50.7,57.3,44.6,2025,3,A
Company_985,Healthcare,45.3,62.4,92.3,2015,6,AA
Company_985,Healthcare,44.6,60.6,89.3,2016,6,AA
Company_985,Healthcare,42.1,60.9,90.0,2017,6,AA
Company_985,Healthcare,41.3,62.2,89.6,2018,6,AA
Company_985,Healthcare,38.1,58.8,90.4,2019,6,AA
Company_985,Healthcare,42.9,57.7,91.2,2020,6,AA
Company_985,Healthcare,43.2,56.4,92.3,2021,6,AA
Company_985,Healthcare,43.9,55.9,94.3,2022,6,AA
Company_985,Healthcare,44.1,58.6,96.5,2023,6,AA
Company_985,Healthcare,41.2,62.6,95.6,2024,6,AA
Company_985,Healthcare,41.2,62.2,96.7,2025,6,AA
Company_986,Retail,22.2,24.4,14.0,2015,3,CCC
Company_986,Retail,24.2,24.4,18.1,2016,3,CCC
Company_986,Retail,27.1,27.8,18.9,2017,3,CCC
Company_986,Retail,26.5,26.5,17.6,2018,3,CCC
Company_986,Retail,28.1,23.8,20.2,2019,3,CCC
Company_986,Retail,27.4,24.2,23.6,2020,3,CCC
Company_986,Retail,28.4,24.6,22.4,2021,3,CCC
Company_986,Retail,31.2,21.1,23.4,2022,3,CCC
Company_986,Retail,35.6,21.7,24.9,2023,3,CCC
Company_986,Retail,37.1,22.5,25.8,2024,3,CCC
Company_986,Retail,39.5,30.5,29.9,2025,3,BB
Company_987,Consumer Goods,60.9,51.8,40.1,2015,0,A
Company_987,Consumer Goods,60.7,51.1,39.0,2016,0,A
Company_987,Consumer Goods,59.7,50.3,40.1,2017,0,A
Company_987,Consumer Goods,63.1,50.6,39.1,2018,0,A
Company_987,Consumer Goods,61.1,50.6,40.9,2019,0,A
Company_987,Consumer Goods,62.2,54.5,40.1,2020,0,A
Company_987,Consumer Goods,63.8,58.6,39.6,2021,0,A
Company_987,Consumer Goods,64.6,59.9,38.7,2022,0,A
Company_987,Consumer Goods,65.9,61.4,37.5,2023,0,A
Company_987,Consumer Goods,63.4,60.0,36.8,2024,0,A
Company_987,Consumer Goods,65.5,61.6,36.7,2025,0,A
Company_988,Consumer Goods,61.1,43.0,90.6,2015,2,AA
Company_988,Consumer Goods,64.8,42.1,92.4,2016,2,AA
Company_988,Consumer Goods,66.9,43.6,92.3,2017,2,AA
Company_988,Consumer Goods,67.1,47.6,96.1,2018,2,AA
Company_988,Consumer Goods,69.2,48.8,98.9,2019,2,AA
Company_988,Consumer Goods,73.2,48.9,98.8,2020,2,AA
Company_988,Consumer Goods,75.0,50.5,95.7,2021,2,AA
Company_988,Consumer Goods,77.9,48.6,97.5,2022,2,AA
Company_988,Consumer Goods,78.2,48.1,100.0,2023,2,AAA
Company_988,Consumer Goods,79.3,51.7,100.0,2024,2,AAA
Company_988,Consumer Goods,80.6,49.3,97.2,2025,2,AAA
Company_989,Energy,6.7,61.5,20.7,2015,0,CCC
Company_989,Energy,10.2,63.1,21.0,2016,0,BB
Company_989,Energy,13.8,62.1,24.5,2017,0,BB
Company_989,Energy,12.8,61.1,29.1,2018,0,BB
Company_989,Energy,17.8,60.8,28.3,2019,0,BB
Company_989,Energy,16.9,63.8,28.1,2020,0,BB
Company_989,Energy,20.3,67.9,33.8,2021,0,BBB
Company_989,Energy,21.5,69.6,34.1,2022,0,BBB
Company_989,Energy,24.0,72.7,32.9,2023,0,BBB
Company_989,Energy,20.2,74.4,30.3,2024,0,BBB
Company_989,Energy,21.2,74.2,34.8,2025,0,BBB
Company_990,Consumer Goods,36.0,27.1,35.0,2015,1,BB
Company_990,Consumer Goods,38.0,27.3,34.2,2016,1,BB
Company_990,Consumer Goods,41.4,26.7,34.8,2017,1,BB
Company_990,Consumer Goods,43.9,27.2,34.9,2018,1,BB
Company_990,Consumer Goods,42.5,28.4,38.0,2019,1,BB
Company_990,Consumer Goods,41.8,31.7,39.0,2020,1,BB
Company_990,Consumer Goods,44.3,30.3,39.5,2021,1,BB
Company_990,Consumer Goods,45.2,29.5,38.3,2022,1,BB
Company_990,Consumer Goods,46.4,31.1,40.5,2023,1,BB
Company_990,Consumer Goods,45.5,30.3,41.9,2024,1,BB
Company_990,Consumer Goods,50.5,33.3,41.3,2025,1,BBB
Company_991,Transportation,29.9,31.4,54.7,2015,4,BB
Company_991,Transportation,34.1,34.7,55.7,2016,4,BBB
Company_991,Transportation,36.6,35.5,56.0,2017,4,BBB
Company_991,Transportation,40.6,41.1,56.1,2018,4,BBB
Company_991,Transportation,41.4,39.8,56.4,2019,4,BBB
Company_991,Transportation,44.7,43.5,58.5,2020,4,BBB
Company_991,Transportation,48.5,42.6,59.1,2021,4,A
Company_991,Transportation,47.5,40.3,60.0,2022,4,BBB
Company_991,Transportation,44.3,38.3,63.3,2023,4,BBB
Company_991,Transportation,46.4,38.1,61.6,2024,4,BBB
Company_991,Transportation,46.5,38.4,60.4,2025,4,BBB
Company_992,Consumer Goods,33.8,59.9,46.4,2015,5,BBB
Company_992,Consumer Goods,36.2,59.9,49.3,2016,5,BBB
Company_992,Consumer Goods,39.0,59.6,53.3,2017,5,A
Company_992,Consumer Goods,38.2,61.1,56.4,2018,5,A
Company_992,Consumer Goods,42.8,63.1,57.4,2019,5,A
Company_992,Consumer Goods,44.3,64.8,61.9,2020,5,A
Company_992,Consumer Goods,45.3,62.1,61.1,2021,5,A
Company_992,Consumer Goods,50.7,64.4,63.7,2022,5,A
Company_992,Consumer Goods,53.8,66.6,63.8,2023,5,AA
Company_992,Consumer Goods,53.1,70.5,66.9,2024,5,AA
Company_992,Consumer Goods,51.5,73.6,70.2,2025,5,AA
Company_993,Healthcare,50.9,66.9,69.4,2015,3,AA
Company_993,Healthcare,52.6,69.9,69.9,2016,3,AA
Company_993,Healthcare,55.7,71.2,68.6,2017,3,AA
Company_993,Healthcare,55.5,74.0,69.0,2018,3,AA
Company_993,Healthcare,54.1,72.0,70.4,2019,3,AA
Company_993,Healthcare,54.1,73.2,73.7,2020,3,AA
Company_993,Healthcare,50.9,75.6,76.6,2021,3,AA
Company_993,Healthcare,50.6,73.3,77.1,2022,3,AA
Company_993,Healthcare,55.1,74.6,74.8,2023,3,AA
Company_993,Healthcare,61.2,79.4,73.8,2024,3,AA
Company_993,Healthcare,59.4,78.5,75.0,2025,3,AA
Company_994,Manufacturing,11.5,94.8,52.2,2015,2,A
Company_994,Manufacturing,13.4,93.1,52.7,2016,2,A
Company_994,Manufacturing,16.6,95.2,51.9,2017,2,A
Company_994,Manufacturing,16.4,96.7,53.8,2018,2,A
Company_994,Manufacturing,17.9,94.6,58.2,2019,2,A
Company_994,Manufacturing,19.3,97.0,56.1,2020,2,A
Company_994,Manufacturing,19.3,98.0,57.4,2021,2,A
Company_994,Manufacturing,19.7,100.0,59.0,2022,2,A
Company_994,Manufacturing,19.1,96.5,60.1,2023,2,A
Company_994,Manufacturing,19.6,95.0,60.2,2024,2,A
Company_994,Manufacturing,22.7,94.3,61.2,2025,2,A
Company_995,Healthcare,87.4,32.1,41.1,2015,3,A
Company_995,Healthcare,87.1,33.5,40.8,2016,3,A
Company_995,Healthcare,87.8,32.4,42.7,2017,3,A
Company_995,Healthcare,92.0,33.2,42.4,2018,3,A
Company_995,Healthcare,94.7,34.8,43.0,2019,3,A
Company_995,Healthcare,98.4,35.9,43.8,2020,3,A
Company_995,Healthcare,100.0,38.8,43.4,2021,3,AA
Company_995,Healthcare,100.0,38.3,47.9,2022,3,AA
Company_995,Healthcare,100.0,37.9,49.1,2023,3,AA
Company_995,Healthcare,100.0,40.3,51.8,2024,3,AA
Company_995,Healthcare,100.0,39.6,51.7,2025,3,AA
Company_996,Healthcare,75.5,39.7,56.9,2015,2,A
Company_996,Healthcare,76.6,42.2,60.4,2016,2,A
Company_996,Healthcare,79.4,41.1,58.4,2017,2,A
Company_996,Healthcare,85.9,40.7,58.6,2018,2,AA
Company_996,Healthcare,86.5,38.7,57.9,2019,2,AA
Company_996,Healthcare,88.9,39.6,58.8,2020,2,AA
Company_996,Healthcare,92.3,37.0,55.6,2021,2,AA
Company_996,Healthcare,93.1,36.4,59.0,2022,2,AA
Company_996,Healthcare,91.0,35.6,58.7,2023,2,AA
Company_996,Healthcare,88.5,33.8,58.1,2024,2,AA
Company_996,Healthcare,91.3,32.9,56.9,2025,2,AA
Company_997,Utilities,44.9,82.4,56.4,2015,0,AA
Company_997,Utilities,47.6,84.3,57.0,2016,0,AA
Company_997,Utilities,45.9,86.9,56.9,2017,0,AA
Company_997,Utilities,44.4,87.6,60.2,2018,0,AA
Company_997,Utilities,47.7,86.8,59.1,2019,0,AA
Company_997,Utilities,48.9,89.3,57.0,2020,0,AA
Company_997,Utilities,47.4,87.5,58.6,2021,0,AA
Company_997,Utilities,47.0,85.2,58.9,2022,0,AA
Company_997,Utilities,48.7,87.7,56.7,2023,0,AA
Company_997,Utilities,51.0,88.9,58.3,2024,0,AA
Company_997,Utilities,49.5,91.4,59.2,2025,0,AA
Company_998,Healthcare,96.3,25.1,65.3,2015,6,AA
Company_998,Healthcare,94.8,26.5,64.8,2016,6,AA
Company_998,Healthcare,95.1,26.3,65.8,2017,6,AA
Company_998,Healthcare,96.9,23.9,70.1,2018,6,AA
Company_998,Healthcare,98.9,23.3,66.1,2019,6,AA
Company_998,Healthcare,100.0,23.8,67.9,2020,6,AA
Company_998,Healthcare,100.0,23.8,71.1,2021,6,AA
Company_998,Healthcare,100.0,24.3,69.3,2022,6,AA
Company_998,Healthcare,98.8,29.8,69.4,2023,6,AA
Company_998,Healthcare,100.0,32.3,67.1,2024,6,AA
Company_998,Healthcare,100.0,31.7,65.2,2025,6,AA
Company_999,Finance,95.3,25.1,38.1,2015,1,A
Company_999,Finance,96.3,23.7,36.3,2016,1,A
Company_999,Finance,98.4,23.8,35.6,2017,1,A
Company_999,Finance,97.6,22.2,35.4,2018,1,A
Company_999,Finance,96.2,22.5,36.8,2019,1,A
Company_999,Finance,96.2,19.8,39.2,2020,1,A
Company_999,Finance,97.0,24.2,41.0,2021,1,A
Company_999,Finance,96.5,20.6,40.9,2022,1,A
Company_999,Finance,98.2,19.2,43.4,2023,1,A
Company_999,Finance,98.3,17.7,45.0,2024,1,A
Company_999,Finance,100.0,16.2,43.1,2025,1,A
Company_1000,Consumer Goods,60.0,38.8,40.4,2015,3,BBB
Company_1000,Consumer Goods,61.8,42.6,42.5,2016,3,BBB
Company_1000,Consumer Goods,65.2,46.4,39.1,2017,3,A
Company_1000,Consumer Goods,64.9,42.2,37.8,2018,3,BBB
Company_1000,Consumer Goods,66.8,41.1,38.9,2019,3,BBB
Company_1000,Consumer Goods,68.0,42.6,40.5,2020,3,A
Company_1000,Consumer Goods,67.2,46.3,43.1,2021,3,A
Company_1000,Consumer Goods,68.7,44.7,42.3,2022,3,A
Company_1000,Consumer Goods,72.4,43.1,43.2,2023,3,A
Company_1000,Consumer Goods,72.4,40.5,42.9,2024,3,A
Company_1000,Consumer Goods,74.5,39.7,41.4,2025,3,A
